-- phpMyAdmin SQL Dump
-- version 5.2.1
-- https://www.phpmyadmin.net/
--
-- Host: 127.0.0.1
-- Generation Time: Feb 19, 2026 at 04:31 AM
-- Server version: 10.4.32-MariaDB
-- PHP Version: 8.2.12

SET SQL_MODE = "NO_AUTO_VALUE_ON_ZERO";
START TRANSACTION;
SET time_zone = "+00:00";


/*!40101 SET @OLD_CHARACTER_SET_CLIENT=@@CHARACTER_SET_CLIENT */;
/*!40101 SET @OLD_CHARACTER_SET_RESULTS=@@CHARACTER_SET_RESULTS */;
/*!40101 SET @OLD_COLLATION_CONNECTION=@@COLLATION_CONNECTION */;
/*!40101 SET NAMES utf8mb4 */;

--
-- Database: `grade_assist`
--

-- --------------------------------------------------------

--
-- Table structure for table `academic_calendar`
--

CREATE TABLE `academic_calendar` (
  `id` int(11) NOT NULL,
  `class_start` date NOT NULL,
  `class_end` date NOT NULL,
  `1semester_start` date NOT NULL,
  `1semester_end` date NOT NULL,
  `2semester_start` date NOT NULL,
  `2semester_end` date NOT NULL,
  `1quarter_start` date NOT NULL,
  `1quarter_end` date NOT NULL,
  `2quarter_start` date NOT NULL,
  `2quarter_end` date NOT NULL,
  `3quarter_start` date NOT NULL,
  `3quarter_end` date NOT NULL,
  `4quarter_start` date NOT NULL,
  `4quarter_end` date NOT NULL,
  `dateCreated` datetime NOT NULL DEFAULT current_timestamp(),
  `dateUpdated` date NOT NULL
) ENGINE=InnoDB DEFAULT CHARSET=utf8mb4 COLLATE=utf8mb4_general_ci;

--
-- Dumping data for table `academic_calendar`
--

INSERT INTO `academic_calendar` (`id`, `class_start`, `class_end`, `1semester_start`, `1semester_end`, `2semester_start`, `2semester_end`, `1quarter_start`, `1quarter_end`, `2quarter_start`, `2quarter_end`, `3quarter_start`, `3quarter_end`, `4quarter_start`, `4quarter_end`, `dateCreated`, `dateUpdated`) VALUES
(1, '2024-08-26', '2025-05-23', '2024-08-26', '2024-12-20', '2025-01-13', '2025-05-23', '2024-08-26', '2024-10-11', '2024-10-14', '2024-12-20', '2025-01-13', '2025-03-21', '2025-03-24', '2025-05-23', '2025-03-22 13:58:12', '0000-00-00'),
(2, '2025-06-16', '2026-03-20', '2025-06-16', '0000-00-00', '0000-00-00', '2026-03-20', '2025-06-16', '2025-08-22', '2025-08-25', '2025-10-23', '2025-11-03', '2026-01-23', '2026-01-26', '2026-03-20', '2026-02-16 11:02:31', '0000-00-00');

-- --------------------------------------------------------

--
-- Table structure for table `attendance`
--

CREATE TABLE `attendance` (
  `id` int(11) NOT NULL,
  `student_id` int(11) NOT NULL,
  `class_id` int(11) NOT NULL,
  `school_year_id` int(11) NOT NULL,
  `month_id` int(11) NOT NULL,
  `daysPresent` varchar(50) NOT NULL,
  `dateCreated` datetime NOT NULL DEFAULT current_timestamp(),
  `datUpdated` datetime NOT NULL DEFAULT current_timestamp() ON UPDATE current_timestamp()
) ENGINE=InnoDB DEFAULT CHARSET=utf8mb4 COLLATE=utf8mb4_general_ci;

--
-- Dumping data for table `attendance`
--

INSERT INTO `attendance` (`id`, `student_id`, `class_id`, `school_year_id`, `month_id`, `daysPresent`, `dateCreated`, `datUpdated`) VALUES
(1, 57, 1, 1, 1, '4', '2025-03-22 15:15:21', '2025-03-22 15:27:54'),
(2, 57, 1, 1, 2, '20', '2025-03-22 15:15:21', '2025-03-22 15:27:54'),
(3, 57, 1, 1, 3, '23', '2025-03-22 15:15:21', '2025-03-22 15:15:21'),
(4, 57, 1, 1, 4, '21', '2025-03-22 15:15:21', '2025-03-22 15:15:21'),
(5, 57, 1, 1, 5, '15', '2025-03-22 15:15:21', '2025-03-22 15:15:21'),
(6, 57, 1, 1, 6, '15', '2025-03-22 15:15:21', '2025-03-22 15:15:21'),
(7, 57, 1, 1, 7, '20', '2025-03-22 15:15:21', '2025-03-22 15:15:21'),
(8, 57, 1, 1, 8, '21', '2025-03-22 15:15:21', '2025-03-22 15:15:21'),
(9, 57, 1, 1, 9, '22', '2025-03-22 15:15:21', '2025-03-22 15:15:21'),
(10, 56, 1, 1, 1, '5', '2025-03-22 15:15:21', '2025-03-22 15:15:21'),
(11, 56, 1, 1, 2, '21', '2025-03-22 15:15:21', '2025-03-22 15:15:21'),
(12, 56, 1, 1, 3, '23', '2025-03-22 15:15:21', '2025-03-22 15:15:21'),
(13, 56, 1, 1, 4, '21', '2025-03-22 15:15:21', '2025-03-22 15:15:21'),
(14, 56, 1, 1, 5, '15', '2025-03-22 15:15:21', '2025-03-22 15:15:21'),
(15, 56, 1, 1, 6, '15', '2025-03-22 15:15:21', '2025-03-22 15:15:21'),
(16, 56, 1, 1, 7, '20', '2025-03-22 15:15:21', '2025-03-22 15:15:21'),
(17, 56, 1, 1, 8, '21', '2025-03-22 15:15:21', '2025-03-22 15:15:21'),
(18, 56, 1, 1, 9, '22', '2025-03-22 15:15:21', '2025-03-22 15:15:21'),
(19, 55, 1, 1, 1, '5', '2025-03-22 15:15:21', '2025-03-22 15:15:21'),
(20, 55, 1, 1, 2, '20', '2025-03-22 15:15:21', '2025-03-22 15:27:54'),
(21, 55, 1, 1, 3, '23', '2025-03-22 15:15:21', '2025-03-22 15:15:21'),
(22, 55, 1, 1, 4, '21', '2025-03-22 15:15:21', '2025-03-22 15:15:21'),
(23, 55, 1, 1, 5, '15', '2025-03-22 15:15:21', '2025-03-22 15:15:21'),
(24, 55, 1, 1, 6, '15', '2025-03-22 15:15:21', '2025-03-22 15:15:21'),
(25, 55, 1, 1, 7, '20', '2025-03-22 15:15:21', '2025-03-22 15:15:21'),
(26, 55, 1, 1, 8, '21', '2025-03-22 15:15:21', '2025-03-22 15:15:21'),
(27, 55, 1, 1, 9, '22', '2025-03-22 15:15:21', '2025-03-22 15:15:21'),
(28, 21, 1, 1, 1, '5', '2025-03-22 15:15:21', '2025-03-22 15:15:21'),
(29, 21, 1, 1, 2, '21', '2025-03-22 15:15:21', '2025-03-22 15:15:21'),
(30, 21, 1, 1, 3, '23', '2025-03-22 15:15:21', '2025-03-22 15:15:21'),
(31, 21, 1, 1, 4, '21', '2025-03-22 15:15:21', '2025-03-22 15:15:21'),
(32, 21, 1, 1, 5, '15', '2025-03-22 15:15:21', '2025-03-22 15:15:21'),
(33, 21, 1, 1, 6, '15', '2025-03-22 15:15:21', '2025-03-22 15:15:21'),
(34, 21, 1, 1, 7, '20', '2025-03-22 15:15:21', '2025-03-22 15:15:21'),
(35, 21, 1, 1, 8, '21', '2025-03-22 15:15:21', '2025-03-22 15:15:21'),
(36, 21, 1, 1, 9, '22', '2025-03-22 15:15:21', '2025-03-22 15:15:21'),
(37, 54, 1, 1, 1, '5', '2025-03-22 15:15:21', '2025-03-22 15:15:21'),
(38, 54, 1, 1, 2, '20', '2025-03-22 15:15:21', '2025-03-22 15:27:54'),
(39, 54, 1, 1, 3, '23', '2025-03-22 15:15:21', '2025-03-22 15:15:21'),
(40, 54, 1, 1, 4, '21', '2025-03-22 15:15:21', '2025-03-22 15:15:21'),
(41, 54, 1, 1, 5, '15', '2025-03-22 15:15:21', '2025-03-22 15:15:21'),
(42, 54, 1, 1, 6, '15', '2025-03-22 15:15:21', '2025-03-22 15:15:21'),
(43, 54, 1, 1, 7, '20', '2025-03-22 15:15:21', '2025-03-22 15:15:21'),
(44, 54, 1, 1, 8, '21', '2025-03-22 15:15:21', '2025-03-22 15:15:21'),
(45, 54, 1, 1, 9, '22', '2025-03-22 15:15:21', '2025-03-22 15:15:21'),
(46, 83, 3, 1, 1, '5', '2026-02-13 08:27:39', '2026-02-13 08:27:39'),
(47, 83, 3, 1, 2, '21', '2026-02-13 08:27:39', '2026-02-13 08:27:39'),
(48, 83, 3, 1, 3, '23', '2026-02-13 08:27:39', '2026-02-13 08:27:39'),
(49, 83, 3, 1, 4, '21', '2026-02-13 08:27:39', '2026-02-13 08:27:39'),
(50, 83, 3, 1, 5, '15', '2026-02-13 08:27:39', '2026-02-13 08:27:39'),
(51, 83, 3, 1, 6, '15', '2026-02-13 08:27:39', '2026-02-13 08:27:39'),
(52, 83, 3, 1, 7, '20', '2026-02-13 08:27:39', '2026-02-13 08:27:39'),
(53, 83, 3, 1, 8, '21', '2026-02-13 08:27:39', '2026-02-13 08:27:39'),
(54, 83, 3, 1, 9, '22', '2026-02-13 08:27:39', '2026-02-13 08:27:39'),
(55, 81, 3, 1, 1, '5', '2026-02-13 08:27:39', '2026-02-13 08:27:39'),
(56, 81, 3, 1, 2, '21', '2026-02-13 08:27:39', '2026-02-13 08:27:39'),
(57, 81, 3, 1, 3, '23', '2026-02-13 08:27:39', '2026-02-13 08:27:39'),
(58, 81, 3, 1, 4, '21', '2026-02-13 08:27:39', '2026-02-13 08:27:39'),
(59, 81, 3, 1, 5, '15', '2026-02-13 08:27:39', '2026-02-13 08:27:39'),
(60, 81, 3, 1, 6, '15', '2026-02-13 08:27:39', '2026-02-13 08:27:39'),
(61, 81, 3, 1, 7, '20', '2026-02-13 08:27:39', '2026-02-13 08:27:39'),
(62, 81, 3, 1, 8, '21', '2026-02-13 08:27:39', '2026-02-13 08:27:39'),
(63, 81, 3, 1, 9, '22', '2026-02-13 08:27:39', '2026-02-13 08:27:39'),
(64, 82, 3, 1, 1, '5', '2026-02-13 08:27:39', '2026-02-13 08:27:39'),
(65, 82, 3, 1, 2, '21', '2026-02-13 08:27:39', '2026-02-13 08:27:39'),
(66, 82, 3, 1, 3, '23', '2026-02-13 08:27:39', '2026-02-13 08:27:39'),
(67, 82, 3, 1, 4, '21', '2026-02-13 08:27:39', '2026-02-13 08:27:39'),
(68, 82, 3, 1, 5, '15', '2026-02-13 08:27:39', '2026-02-13 08:27:39'),
(69, 82, 3, 1, 6, '15', '2026-02-13 08:27:39', '2026-02-13 08:27:39'),
(70, 82, 3, 1, 7, '20', '2026-02-13 08:27:39', '2026-02-13 08:27:39'),
(71, 82, 3, 1, 8, '21', '2026-02-13 08:27:39', '2026-02-13 08:27:39'),
(72, 82, 3, 1, 9, '22', '2026-02-13 08:27:39', '2026-02-13 08:27:39'),
(73, 87, 3, 1, 1, '5', '2026-02-13 08:27:39', '2026-02-13 08:27:39'),
(74, 87, 3, 1, 2, '21', '2026-02-13 08:27:39', '2026-02-13 08:27:39'),
(75, 87, 3, 1, 3, '23', '2026-02-13 08:27:39', '2026-02-13 08:27:39'),
(76, 87, 3, 1, 4, '21', '2026-02-13 08:27:39', '2026-02-13 08:27:39'),
(77, 87, 3, 1, 5, '15', '2026-02-13 08:27:39', '2026-02-13 08:27:39'),
(78, 87, 3, 1, 6, '15', '2026-02-13 08:27:39', '2026-02-13 08:27:39'),
(79, 87, 3, 1, 7, '20', '2026-02-13 08:27:39', '2026-02-13 08:27:39'),
(80, 87, 3, 1, 8, '21', '2026-02-13 08:27:39', '2026-02-13 08:27:39'),
(81, 87, 3, 1, 9, '22', '2026-02-13 08:27:39', '2026-02-13 08:27:39'),
(82, 79, 3, 1, 1, '5', '2026-02-13 08:27:39', '2026-02-13 08:27:39'),
(83, 79, 3, 1, 2, '21', '2026-02-13 08:27:39', '2026-02-13 08:27:39'),
(84, 79, 3, 1, 3, '23', '2026-02-13 08:27:39', '2026-02-13 08:27:39'),
(85, 79, 3, 1, 4, '21', '2026-02-13 08:27:39', '2026-02-13 08:27:39'),
(86, 79, 3, 1, 5, '15', '2026-02-13 08:27:39', '2026-02-13 08:27:39'),
(87, 79, 3, 1, 6, '15', '2026-02-13 08:27:39', '2026-02-13 08:27:39'),
(88, 79, 3, 1, 7, '20', '2026-02-13 08:27:39', '2026-02-13 08:27:39'),
(89, 79, 3, 1, 8, '21', '2026-02-13 08:27:39', '2026-02-13 08:27:39'),
(90, 79, 3, 1, 9, '22', '2026-02-13 08:27:39', '2026-02-13 08:27:39'),
(91, 84, 3, 1, 1, '5', '2026-02-13 08:27:39', '2026-02-13 08:27:39'),
(92, 84, 3, 1, 2, '21', '2026-02-13 08:27:39', '2026-02-13 08:27:39'),
(93, 84, 3, 1, 3, '23', '2026-02-13 08:27:39', '2026-02-13 08:27:39'),
(94, 84, 3, 1, 4, '21', '2026-02-13 08:27:39', '2026-02-13 08:27:39'),
(95, 84, 3, 1, 5, '15', '2026-02-13 08:27:39', '2026-02-13 08:27:39'),
(96, 84, 3, 1, 6, '15', '2026-02-13 08:27:39', '2026-02-13 08:27:39'),
(97, 84, 3, 1, 7, '20', '2026-02-13 08:27:39', '2026-02-13 08:27:39'),
(98, 84, 3, 1, 8, '21', '2026-02-13 08:27:39', '2026-02-13 08:27:39'),
(99, 84, 3, 1, 9, '22', '2026-02-13 08:27:39', '2026-02-13 08:27:39'),
(100, 86, 3, 1, 1, '5', '2026-02-13 08:27:39', '2026-02-13 08:27:39'),
(101, 86, 3, 1, 2, '21', '2026-02-13 08:27:39', '2026-02-13 08:27:39'),
(102, 86, 3, 1, 3, '23', '2026-02-13 08:27:39', '2026-02-13 08:27:39'),
(103, 86, 3, 1, 4, '21', '2026-02-13 08:27:39', '2026-02-13 08:27:39'),
(104, 86, 3, 1, 5, '15', '2026-02-13 08:27:39', '2026-02-13 08:27:39'),
(105, 86, 3, 1, 6, '15', '2026-02-13 08:27:39', '2026-02-13 08:27:39'),
(106, 86, 3, 1, 7, '20', '2026-02-13 08:27:39', '2026-02-13 08:27:39'),
(107, 86, 3, 1, 8, '21', '2026-02-13 08:27:39', '2026-02-13 08:27:39'),
(108, 86, 3, 1, 9, '22', '2026-02-13 08:27:39', '2026-02-13 08:27:39'),
(109, 85, 3, 1, 1, '5', '2026-02-13 08:27:39', '2026-02-13 08:27:39'),
(110, 85, 3, 1, 2, '21', '2026-02-13 08:27:39', '2026-02-13 08:27:39'),
(111, 85, 3, 1, 3, '23', '2026-02-13 08:27:39', '2026-02-13 08:27:39'),
(112, 85, 3, 1, 4, '21', '2026-02-13 08:27:39', '2026-02-13 08:27:39'),
(113, 85, 3, 1, 5, '15', '2026-02-13 08:27:39', '2026-02-13 08:27:39'),
(114, 85, 3, 1, 6, '15', '2026-02-13 08:27:39', '2026-02-13 08:27:39'),
(115, 85, 3, 1, 7, '20', '2026-02-13 08:27:39', '2026-02-13 08:27:39'),
(116, 85, 3, 1, 8, '21', '2026-02-13 08:27:39', '2026-02-13 08:27:39'),
(117, 85, 3, 1, 9, '22', '2026-02-13 08:27:39', '2026-02-13 08:27:39'),
(118, 80, 3, 1, 1, '5', '2026-02-13 08:27:39', '2026-02-13 08:27:39'),
(119, 80, 3, 1, 2, '21', '2026-02-13 08:27:39', '2026-02-13 08:27:39'),
(120, 80, 3, 1, 3, '23', '2026-02-13 08:27:39', '2026-02-13 08:27:39'),
(121, 80, 3, 1, 4, '21', '2026-02-13 08:27:39', '2026-02-13 08:27:39'),
(122, 80, 3, 1, 5, '15', '2026-02-13 08:27:39', '2026-02-13 08:27:39'),
(123, 80, 3, 1, 6, '15', '2026-02-13 08:27:39', '2026-02-13 08:27:39'),
(124, 80, 3, 1, 7, '20', '2026-02-13 08:27:39', '2026-02-13 08:27:39'),
(125, 80, 3, 1, 8, '21', '2026-02-13 08:27:39', '2026-02-13 08:27:39'),
(126, 80, 3, 1, 9, '22', '2026-02-13 08:27:39', '2026-02-13 08:27:39'),
(127, 78, 1, 1, 1, '5', '2026-02-13 08:38:48', '2026-02-13 08:38:48'),
(128, 78, 1, 1, 2, '21', '2026-02-13 08:38:48', '2026-02-13 08:38:48'),
(129, 78, 1, 1, 3, '23', '2026-02-13 08:38:48', '2026-02-13 08:38:48'),
(130, 78, 1, 1, 4, '21', '2026-02-13 08:38:48', '2026-02-13 08:38:48'),
(131, 78, 1, 1, 5, '15', '2026-02-13 08:38:48', '2026-02-13 08:38:48'),
(132, 78, 1, 1, 6, '15', '2026-02-13 08:38:48', '2026-02-13 08:38:48'),
(133, 78, 1, 1, 7, '20', '2026-02-13 08:38:48', '2026-02-13 08:38:48'),
(134, 78, 1, 1, 8, '21', '2026-02-13 08:38:48', '2026-02-13 08:38:48'),
(135, 78, 1, 1, 9, '22', '2026-02-13 08:38:48', '2026-02-13 08:38:48'),
(136, 68, 1, 1, 1, '4', '2026-02-13 08:38:48', '2026-02-16 08:35:44'),
(137, 68, 1, 1, 2, '21', '2026-02-13 08:38:48', '2026-02-13 08:38:48'),
(138, 68, 1, 1, 3, '23', '2026-02-13 08:38:48', '2026-02-13 08:38:48'),
(139, 68, 1, 1, 4, '21', '2026-02-13 08:38:48', '2026-02-13 08:38:48'),
(140, 68, 1, 1, 5, '15', '2026-02-13 08:38:48', '2026-02-13 08:38:48'),
(141, 68, 1, 1, 6, '15', '2026-02-13 08:38:48', '2026-02-13 08:38:48'),
(142, 68, 1, 1, 7, '20', '2026-02-13 08:38:48', '2026-02-13 08:38:48'),
(143, 68, 1, 1, 8, '21', '2026-02-13 08:38:48', '2026-02-13 08:38:48'),
(144, 68, 1, 1, 9, '22', '2026-02-13 08:38:48', '2026-02-13 08:38:48'),
(145, 61, 1, 1, 1, '5', '2026-02-13 08:38:48', '2026-02-13 08:38:48'),
(146, 61, 1, 1, 2, '21', '2026-02-13 08:38:48', '2026-02-13 08:38:48'),
(147, 61, 1, 1, 3, '23', '2026-02-13 08:38:48', '2026-02-13 08:38:48'),
(148, 61, 1, 1, 4, '21', '2026-02-13 08:38:48', '2026-02-13 08:38:48'),
(149, 61, 1, 1, 5, '15', '2026-02-13 08:38:48', '2026-02-13 08:38:48'),
(150, 61, 1, 1, 6, '15', '2026-02-13 08:38:48', '2026-02-13 08:38:48'),
(151, 61, 1, 1, 7, '20', '2026-02-13 08:38:48', '2026-02-13 08:38:48'),
(152, 61, 1, 1, 8, '21', '2026-02-13 08:38:48', '2026-02-13 08:38:48'),
(153, 61, 1, 1, 9, '22', '2026-02-13 08:38:48', '2026-02-13 08:38:48'),
(154, 71, 1, 1, 1, '5', '2026-02-13 08:38:48', '2026-02-13 08:38:48'),
(155, 71, 1, 1, 2, '21', '2026-02-13 08:38:48', '2026-02-13 08:38:48'),
(156, 71, 1, 1, 3, '23', '2026-02-13 08:38:48', '2026-02-13 08:38:48'),
(157, 71, 1, 1, 4, '21', '2026-02-13 08:38:48', '2026-02-13 08:38:48'),
(158, 71, 1, 1, 5, '15', '2026-02-13 08:38:48', '2026-02-13 08:38:48'),
(159, 71, 1, 1, 6, '15', '2026-02-13 08:38:48', '2026-02-13 08:38:48'),
(160, 71, 1, 1, 7, '20', '2026-02-13 08:38:48', '2026-02-13 08:38:48'),
(161, 71, 1, 1, 8, '21', '2026-02-13 08:38:48', '2026-02-13 08:38:48'),
(162, 71, 1, 1, 9, '22', '2026-02-13 08:38:48', '2026-02-13 08:38:48'),
(163, 66, 1, 1, 1, '5', '2026-02-13 08:38:48', '2026-02-13 08:38:48'),
(164, 66, 1, 1, 2, '21', '2026-02-13 08:38:48', '2026-02-13 08:38:48'),
(165, 66, 1, 1, 3, '23', '2026-02-13 08:38:48', '2026-02-13 08:38:48'),
(166, 66, 1, 1, 4, '21', '2026-02-13 08:38:48', '2026-02-13 08:38:48'),
(167, 66, 1, 1, 5, '15', '2026-02-13 08:38:48', '2026-02-13 08:38:48'),
(168, 66, 1, 1, 6, '15', '2026-02-13 08:38:48', '2026-02-13 08:38:48'),
(169, 66, 1, 1, 7, '20', '2026-02-13 08:38:48', '2026-02-13 08:38:48'),
(170, 66, 1, 1, 8, '21', '2026-02-13 08:38:48', '2026-02-13 08:38:48'),
(171, 66, 1, 1, 9, '22', '2026-02-13 08:38:48', '2026-02-13 08:38:48'),
(172, 76, 1, 1, 1, '5', '2026-02-13 08:38:48', '2026-02-13 08:38:48'),
(173, 76, 1, 1, 2, '21', '2026-02-13 08:38:48', '2026-02-13 08:38:48'),
(174, 76, 1, 1, 3, '23', '2026-02-13 08:38:48', '2026-02-13 08:38:48'),
(175, 76, 1, 1, 4, '21', '2026-02-13 08:38:48', '2026-02-13 08:38:48'),
(176, 76, 1, 1, 5, '15', '2026-02-13 08:38:48', '2026-02-13 08:38:48'),
(177, 76, 1, 1, 6, '15', '2026-02-13 08:38:48', '2026-02-13 08:38:48'),
(178, 76, 1, 1, 7, '20', '2026-02-13 08:38:48', '2026-02-13 08:38:48'),
(179, 76, 1, 1, 8, '21', '2026-02-13 08:38:48', '2026-02-13 08:38:48'),
(180, 76, 1, 1, 9, '22', '2026-02-13 08:38:48', '2026-02-13 08:38:48'),
(181, 72, 1, 1, 1, '5', '2026-02-13 08:38:48', '2026-02-13 08:38:48'),
(182, 72, 1, 1, 2, '21', '2026-02-13 08:38:48', '2026-02-13 08:38:48'),
(183, 72, 1, 1, 3, '23', '2026-02-13 08:38:48', '2026-02-13 08:38:48'),
(184, 72, 1, 1, 4, '21', '2026-02-13 08:38:48', '2026-02-13 08:38:48'),
(185, 72, 1, 1, 5, '15', '2026-02-13 08:38:48', '2026-02-13 08:38:48'),
(186, 72, 1, 1, 6, '15', '2026-02-13 08:38:48', '2026-02-13 08:38:48'),
(187, 72, 1, 1, 7, '20', '2026-02-13 08:38:48', '2026-02-13 08:38:48'),
(188, 72, 1, 1, 8, '21', '2026-02-13 08:38:48', '2026-02-13 08:38:48'),
(189, 72, 1, 1, 9, '22', '2026-02-13 08:38:48', '2026-02-13 08:38:48'),
(190, 62, 1, 1, 1, '5', '2026-02-13 08:38:48', '2026-02-13 08:38:48'),
(191, 62, 1, 1, 2, '21', '2026-02-13 08:38:48', '2026-02-13 08:38:48'),
(192, 62, 1, 1, 3, '23', '2026-02-13 08:38:48', '2026-02-13 08:38:48'),
(193, 62, 1, 1, 4, '21', '2026-02-13 08:38:48', '2026-02-13 08:38:48'),
(194, 62, 1, 1, 5, '15', '2026-02-13 08:38:48', '2026-02-13 08:38:48'),
(195, 62, 1, 1, 6, '15', '2026-02-13 08:38:48', '2026-02-13 08:38:48'),
(196, 62, 1, 1, 7, '20', '2026-02-13 08:38:48', '2026-02-13 08:38:48'),
(197, 62, 1, 1, 8, '21', '2026-02-13 08:38:48', '2026-02-13 08:38:48'),
(198, 62, 1, 1, 9, '22', '2026-02-13 08:38:48', '2026-02-13 08:38:48'),
(199, 67, 1, 1, 1, '5', '2026-02-13 08:38:48', '2026-02-13 08:38:48'),
(200, 67, 1, 1, 2, '21', '2026-02-13 08:38:48', '2026-02-13 08:38:48'),
(201, 67, 1, 1, 3, '23', '2026-02-13 08:38:48', '2026-02-13 08:38:48'),
(202, 67, 1, 1, 4, '21', '2026-02-13 08:38:48', '2026-02-13 08:38:48'),
(203, 67, 1, 1, 5, '15', '2026-02-13 08:38:48', '2026-02-13 08:38:48'),
(204, 67, 1, 1, 6, '15', '2026-02-13 08:38:48', '2026-02-13 08:38:48'),
(205, 67, 1, 1, 7, '20', '2026-02-13 08:38:48', '2026-02-13 08:38:48'),
(206, 67, 1, 1, 8, '21', '2026-02-13 08:38:48', '2026-02-13 08:38:48'),
(207, 67, 1, 1, 9, '22', '2026-02-13 08:38:48', '2026-02-13 08:38:48'),
(208, 77, 1, 1, 1, '5', '2026-02-13 08:38:48', '2026-02-13 08:38:48'),
(209, 77, 1, 1, 2, '21', '2026-02-13 08:38:48', '2026-02-13 08:38:48'),
(210, 77, 1, 1, 3, '23', '2026-02-13 08:38:48', '2026-02-13 08:38:48'),
(211, 77, 1, 1, 4, '21', '2026-02-13 08:38:48', '2026-02-13 08:38:48'),
(212, 77, 1, 1, 5, '15', '2026-02-13 08:38:48', '2026-02-13 08:38:48'),
(213, 77, 1, 1, 6, '15', '2026-02-13 08:38:48', '2026-02-13 08:38:48'),
(214, 77, 1, 1, 7, '20', '2026-02-13 08:38:48', '2026-02-13 08:38:48'),
(215, 77, 1, 1, 8, '21', '2026-02-13 08:38:48', '2026-02-13 08:38:48'),
(216, 77, 1, 1, 9, '22', '2026-02-13 08:38:48', '2026-02-13 08:38:48'),
(217, 64, 1, 1, 1, '5', '2026-02-13 08:38:48', '2026-02-13 08:38:48'),
(218, 64, 1, 1, 2, '21', '2026-02-13 08:38:48', '2026-02-13 08:38:48'),
(219, 64, 1, 1, 3, '23', '2026-02-13 08:38:48', '2026-02-13 08:38:48'),
(220, 64, 1, 1, 4, '21', '2026-02-13 08:38:48', '2026-02-13 08:38:48'),
(221, 64, 1, 1, 5, '15', '2026-02-13 08:38:48', '2026-02-13 08:38:48'),
(222, 64, 1, 1, 6, '15', '2026-02-13 08:38:48', '2026-02-13 08:38:48'),
(223, 64, 1, 1, 7, '20', '2026-02-13 08:38:48', '2026-02-13 08:38:48'),
(224, 64, 1, 1, 8, '21', '2026-02-13 08:38:48', '2026-02-13 08:38:48'),
(225, 64, 1, 1, 9, '22', '2026-02-13 08:38:48', '2026-02-13 08:38:48'),
(226, 74, 1, 1, 1, '5', '2026-02-13 08:38:48', '2026-02-13 08:38:48'),
(227, 74, 1, 1, 2, '21', '2026-02-13 08:38:48', '2026-02-13 08:38:48'),
(228, 74, 1, 1, 3, '23', '2026-02-13 08:38:48', '2026-02-13 08:38:48'),
(229, 74, 1, 1, 4, '21', '2026-02-13 08:38:48', '2026-02-13 08:38:48'),
(230, 74, 1, 1, 5, '15', '2026-02-13 08:38:48', '2026-02-13 08:38:48'),
(231, 74, 1, 1, 6, '15', '2026-02-13 08:38:48', '2026-02-13 08:38:48'),
(232, 74, 1, 1, 7, '20', '2026-02-13 08:38:48', '2026-02-13 08:38:48'),
(233, 74, 1, 1, 8, '21', '2026-02-13 08:38:48', '2026-02-13 08:38:48'),
(234, 74, 1, 1, 9, '22', '2026-02-13 08:38:48', '2026-02-13 08:38:48'),
(235, 73, 1, 1, 1, '5', '2026-02-13 08:38:49', '2026-02-13 08:38:49'),
(236, 73, 1, 1, 2, '21', '2026-02-13 08:38:49', '2026-02-13 08:38:49'),
(237, 73, 1, 1, 3, '23', '2026-02-13 08:38:49', '2026-02-13 08:38:49'),
(238, 73, 1, 1, 4, '21', '2026-02-13 08:38:49', '2026-02-13 08:38:49'),
(239, 73, 1, 1, 5, '15', '2026-02-13 08:38:49', '2026-02-13 08:38:49'),
(240, 73, 1, 1, 6, '15', '2026-02-13 08:38:49', '2026-02-13 08:38:49'),
(241, 73, 1, 1, 7, '20', '2026-02-13 08:38:49', '2026-02-13 08:38:49'),
(242, 73, 1, 1, 8, '21', '2026-02-13 08:38:49', '2026-02-13 08:38:49'),
(243, 73, 1, 1, 9, '22', '2026-02-13 08:38:49', '2026-02-13 08:38:49'),
(244, 63, 1, 1, 1, '5', '2026-02-13 08:38:49', '2026-02-13 08:38:49'),
(245, 63, 1, 1, 2, '21', '2026-02-13 08:38:49', '2026-02-13 08:38:49'),
(246, 63, 1, 1, 3, '23', '2026-02-13 08:38:49', '2026-02-13 08:38:49'),
(247, 63, 1, 1, 4, '21', '2026-02-13 08:38:49', '2026-02-13 08:38:49'),
(248, 63, 1, 1, 5, '15', '2026-02-13 08:38:49', '2026-02-13 08:38:49'),
(249, 63, 1, 1, 6, '15', '2026-02-13 08:38:49', '2026-02-13 08:38:49'),
(250, 63, 1, 1, 7, '20', '2026-02-13 08:38:49', '2026-02-13 08:38:49'),
(251, 63, 1, 1, 8, '21', '2026-02-13 08:38:49', '2026-02-13 08:38:49'),
(252, 63, 1, 1, 9, '22', '2026-02-13 08:38:49', '2026-02-13 08:38:49'),
(253, 65, 1, 1, 1, '5', '2026-02-13 08:38:49', '2026-02-13 08:38:49'),
(254, 65, 1, 1, 2, '21', '2026-02-13 08:38:49', '2026-02-13 08:38:49'),
(255, 65, 1, 1, 3, '23', '2026-02-13 08:38:49', '2026-02-13 08:38:49'),
(256, 65, 1, 1, 4, '21', '2026-02-13 08:38:49', '2026-02-13 08:38:49'),
(257, 65, 1, 1, 5, '15', '2026-02-13 08:38:49', '2026-02-13 08:38:49'),
(258, 65, 1, 1, 6, '15', '2026-02-13 08:38:49', '2026-02-13 08:38:49'),
(259, 65, 1, 1, 7, '20', '2026-02-13 08:38:49', '2026-02-13 08:38:49'),
(260, 65, 1, 1, 8, '21', '2026-02-13 08:38:49', '2026-02-13 08:38:49'),
(261, 65, 1, 1, 9, '22', '2026-02-13 08:38:49', '2026-02-13 08:38:49'),
(262, 75, 1, 1, 1, '5', '2026-02-13 08:38:49', '2026-02-13 08:38:49'),
(263, 75, 1, 1, 2, '21', '2026-02-13 08:38:49', '2026-02-13 08:38:49'),
(264, 75, 1, 1, 3, '23', '2026-02-13 08:38:49', '2026-02-13 08:38:49'),
(265, 75, 1, 1, 4, '21', '2026-02-13 08:38:49', '2026-02-13 08:38:49'),
(266, 75, 1, 1, 5, '15', '2026-02-13 08:38:49', '2026-02-13 08:38:49'),
(267, 75, 1, 1, 6, '15', '2026-02-13 08:38:49', '2026-02-13 08:38:49'),
(268, 75, 1, 1, 7, '20', '2026-02-13 08:38:49', '2026-02-13 08:38:49'),
(269, 75, 1, 1, 8, '21', '2026-02-13 08:38:49', '2026-02-13 08:38:49'),
(270, 75, 1, 1, 9, '22', '2026-02-13 08:38:49', '2026-02-13 08:38:49'),
(271, 60, 1, 1, 1, '5', '2026-02-13 08:38:49', '2026-02-13 08:38:49'),
(272, 60, 1, 1, 2, '21', '2026-02-13 08:38:49', '2026-02-13 08:38:49'),
(273, 60, 1, 1, 3, '23', '2026-02-13 08:38:49', '2026-02-13 08:38:49'),
(274, 60, 1, 1, 4, '21', '2026-02-13 08:38:49', '2026-02-13 08:38:49'),
(275, 60, 1, 1, 5, '15', '2026-02-13 08:38:49', '2026-02-13 08:38:49'),
(276, 60, 1, 1, 6, '15', '2026-02-13 08:38:49', '2026-02-13 08:38:49'),
(277, 60, 1, 1, 7, '20', '2026-02-13 08:38:49', '2026-02-13 08:38:49'),
(278, 60, 1, 1, 8, '21', '2026-02-13 08:38:49', '2026-02-13 08:38:49'),
(279, 60, 1, 1, 9, '22', '2026-02-13 08:38:49', '2026-02-13 08:38:49'),
(280, 70, 1, 1, 1, '5', '2026-02-13 08:38:49', '2026-02-13 08:38:49'),
(281, 70, 1, 1, 2, '21', '2026-02-13 08:38:49', '2026-02-13 08:38:49'),
(282, 70, 1, 1, 3, '23', '2026-02-13 08:38:49', '2026-02-13 08:38:49'),
(283, 70, 1, 1, 4, '21', '2026-02-13 08:38:49', '2026-02-13 08:38:49'),
(284, 70, 1, 1, 5, '15', '2026-02-13 08:38:49', '2026-02-13 08:38:49'),
(285, 70, 1, 1, 6, '15', '2026-02-13 08:38:49', '2026-02-13 08:38:49'),
(286, 70, 1, 1, 7, '20', '2026-02-13 08:38:49', '2026-02-13 08:38:49'),
(287, 70, 1, 1, 8, '21', '2026-02-13 08:38:49', '2026-02-13 08:38:49'),
(288, 70, 1, 1, 9, '22', '2026-02-13 08:38:49', '2026-02-13 08:38:49'),
(289, 59, 1, 1, 1, '5', '2026-02-13 08:38:49', '2026-02-13 08:38:49'),
(290, 59, 1, 1, 2, '21', '2026-02-13 08:38:49', '2026-02-13 08:38:49'),
(291, 59, 1, 1, 3, '23', '2026-02-13 08:38:49', '2026-02-13 08:38:49'),
(292, 59, 1, 1, 4, '21', '2026-02-13 08:38:49', '2026-02-13 08:38:49'),
(293, 59, 1, 1, 5, '15', '2026-02-13 08:38:49', '2026-02-13 08:38:49'),
(294, 59, 1, 1, 6, '15', '2026-02-13 08:38:49', '2026-02-13 08:38:49'),
(295, 59, 1, 1, 7, '20', '2026-02-13 08:38:49', '2026-02-13 08:38:49'),
(296, 59, 1, 1, 8, '21', '2026-02-13 08:38:49', '2026-02-13 08:38:49'),
(297, 59, 1, 1, 9, '22', '2026-02-13 08:38:49', '2026-02-13 08:38:49'),
(298, 69, 1, 1, 1, '5', '2026-02-13 08:38:49', '2026-02-13 08:38:49'),
(299, 69, 1, 1, 2, '21', '2026-02-13 08:38:49', '2026-02-13 08:38:49'),
(300, 69, 1, 1, 3, '23', '2026-02-13 08:38:49', '2026-02-13 08:38:49'),
(301, 69, 1, 1, 4, '21', '2026-02-13 08:38:49', '2026-02-13 08:38:49'),
(302, 69, 1, 1, 5, '15', '2026-02-13 08:38:49', '2026-02-13 08:38:49'),
(303, 69, 1, 1, 6, '15', '2026-02-13 08:38:49', '2026-02-13 08:38:49'),
(304, 69, 1, 1, 7, '20', '2026-02-13 08:38:49', '2026-02-13 08:38:49'),
(305, 69, 1, 1, 8, '21', '2026-02-13 08:38:49', '2026-02-13 08:38:49'),
(306, 69, 1, 1, 9, '22', '2026-02-13 08:38:49', '2026-02-13 08:38:49'),
(307, 58, 1, 1, 1, '5', '2026-02-13 08:38:49', '2026-02-13 08:38:49'),
(308, 58, 1, 1, 2, '21', '2026-02-13 08:38:49', '2026-02-13 08:38:49'),
(309, 58, 1, 1, 3, '23', '2026-02-13 08:38:49', '2026-02-13 08:38:49'),
(310, 58, 1, 1, 4, '21', '2026-02-13 08:38:49', '2026-02-13 08:38:49'),
(311, 58, 1, 1, 5, '15', '2026-02-13 08:38:49', '2026-02-13 08:38:49'),
(312, 58, 1, 1, 6, '15', '2026-02-13 08:38:49', '2026-02-13 08:38:49'),
(313, 58, 1, 1, 7, '20', '2026-02-13 08:38:49', '2026-02-13 08:38:49'),
(314, 58, 1, 1, 8, '21', '2026-02-13 08:38:49', '2026-02-13 08:38:49'),
(315, 58, 1, 1, 9, '22', '2026-02-13 08:38:49', '2026-02-13 08:38:49'),
(316, 111, 3, 1, 1, '5', '2026-02-13 09:48:52', '2026-02-13 09:48:52'),
(317, 111, 3, 1, 2, '21', '2026-02-13 09:48:52', '2026-02-13 09:48:52'),
(318, 111, 3, 1, 3, '23', '2026-02-13 09:48:52', '2026-02-13 09:48:52'),
(319, 111, 3, 1, 4, '21', '2026-02-13 09:48:52', '2026-02-13 09:48:52'),
(320, 111, 3, 1, 5, '15', '2026-02-13 09:48:52', '2026-02-13 09:48:52'),
(321, 111, 3, 1, 6, '15', '2026-02-13 09:48:52', '2026-02-13 09:48:52'),
(322, 111, 3, 1, 7, '20', '2026-02-13 09:48:52', '2026-02-13 09:48:52'),
(323, 111, 3, 1, 8, '21', '2026-02-13 09:48:52', '2026-02-13 09:48:52'),
(324, 111, 3, 1, 9, '22', '2026-02-13 09:48:52', '2026-02-13 09:48:52'),
(325, 96, 3, 1, 1, '5', '2026-02-13 09:48:52', '2026-02-13 09:48:52'),
(326, 96, 3, 1, 2, '21', '2026-02-13 09:48:52', '2026-02-13 09:48:52'),
(327, 96, 3, 1, 3, '23', '2026-02-13 09:48:52', '2026-02-13 09:48:52'),
(328, 96, 3, 1, 4, '21', '2026-02-13 09:48:52', '2026-02-13 09:48:52'),
(329, 96, 3, 1, 5, '15', '2026-02-13 09:48:52', '2026-02-13 09:48:52'),
(330, 96, 3, 1, 6, '15', '2026-02-13 09:48:52', '2026-02-13 09:48:52'),
(331, 96, 3, 1, 7, '20', '2026-02-13 09:48:52', '2026-02-13 09:48:52'),
(332, 96, 3, 1, 8, '21', '2026-02-13 09:48:52', '2026-02-13 09:48:52'),
(333, 96, 3, 1, 9, '22', '2026-02-13 09:48:52', '2026-02-13 09:48:52'),
(334, 107, 3, 1, 1, '5', '2026-02-13 09:48:52', '2026-02-13 09:48:52'),
(335, 107, 3, 1, 2, '21', '2026-02-13 09:48:52', '2026-02-13 09:48:52'),
(336, 107, 3, 1, 3, '23', '2026-02-13 09:48:52', '2026-02-13 09:48:52'),
(337, 107, 3, 1, 4, '21', '2026-02-13 09:48:52', '2026-02-13 09:48:52'),
(338, 107, 3, 1, 5, '15', '2026-02-13 09:48:52', '2026-02-13 09:48:52'),
(339, 107, 3, 1, 6, '15', '2026-02-13 09:48:52', '2026-02-13 09:48:52'),
(340, 107, 3, 1, 7, '20', '2026-02-13 09:48:52', '2026-02-13 09:48:52'),
(341, 107, 3, 1, 8, '21', '2026-02-13 09:48:52', '2026-02-13 09:48:52'),
(342, 107, 3, 1, 9, '22', '2026-02-13 09:48:52', '2026-02-13 09:48:52'),
(343, 104, 3, 1, 1, '5', '2026-02-13 09:48:52', '2026-02-13 09:48:52'),
(344, 104, 3, 1, 2, '21', '2026-02-13 09:48:52', '2026-02-13 09:48:52'),
(345, 104, 3, 1, 3, '23', '2026-02-13 09:48:52', '2026-02-13 09:48:52'),
(346, 104, 3, 1, 4, '21', '2026-02-13 09:48:52', '2026-02-13 09:48:52'),
(347, 104, 3, 1, 5, '15', '2026-02-13 09:48:52', '2026-02-13 09:48:52'),
(348, 104, 3, 1, 6, '15', '2026-02-13 09:48:52', '2026-02-13 09:48:52'),
(349, 104, 3, 1, 7, '20', '2026-02-13 09:48:52', '2026-02-13 09:48:52'),
(350, 104, 3, 1, 8, '21', '2026-02-13 09:48:52', '2026-02-13 09:48:52'),
(351, 104, 3, 1, 9, '22', '2026-02-13 09:48:52', '2026-02-13 09:48:52'),
(352, 110, 3, 1, 1, '5', '2026-02-13 09:48:52', '2026-02-13 09:48:52'),
(353, 110, 3, 1, 2, '21', '2026-02-13 09:48:52', '2026-02-13 09:48:52'),
(354, 110, 3, 1, 3, '23', '2026-02-13 09:48:52', '2026-02-13 09:48:52'),
(355, 110, 3, 1, 4, '21', '2026-02-13 09:48:52', '2026-02-13 09:48:52'),
(356, 110, 3, 1, 5, '15', '2026-02-13 09:48:52', '2026-02-13 09:48:52'),
(357, 110, 3, 1, 6, '15', '2026-02-13 09:48:52', '2026-02-13 09:48:52'),
(358, 110, 3, 1, 7, '20', '2026-02-13 09:48:52', '2026-02-13 09:48:52'),
(359, 110, 3, 1, 8, '21', '2026-02-13 09:48:52', '2026-02-13 09:48:52'),
(360, 110, 3, 1, 9, '22', '2026-02-13 09:48:52', '2026-02-13 09:48:52'),
(361, 106, 3, 1, 1, '5', '2026-02-13 09:48:52', '2026-02-13 09:48:52'),
(362, 106, 3, 1, 2, '21', '2026-02-13 09:48:52', '2026-02-13 09:48:52'),
(363, 106, 3, 1, 3, '23', '2026-02-13 09:48:52', '2026-02-13 09:48:52'),
(364, 106, 3, 1, 4, '21', '2026-02-13 09:48:52', '2026-02-13 09:48:52'),
(365, 106, 3, 1, 5, '15', '2026-02-13 09:48:52', '2026-02-13 09:48:52'),
(366, 106, 3, 1, 6, '15', '2026-02-13 09:48:52', '2026-02-13 09:48:52'),
(367, 106, 3, 1, 7, '20', '2026-02-13 09:48:52', '2026-02-13 09:48:52'),
(368, 106, 3, 1, 8, '21', '2026-02-13 09:48:52', '2026-02-13 09:48:52'),
(369, 106, 3, 1, 9, '22', '2026-02-13 09:48:52', '2026-02-13 09:48:52'),
(370, 109, 3, 1, 1, '5', '2026-02-13 09:48:52', '2026-02-13 09:48:52'),
(371, 109, 3, 1, 2, '21', '2026-02-13 09:48:52', '2026-02-13 09:48:52'),
(372, 109, 3, 1, 3, '23', '2026-02-13 09:48:52', '2026-02-13 09:48:52'),
(373, 109, 3, 1, 4, '21', '2026-02-13 09:48:52', '2026-02-13 09:48:52'),
(374, 109, 3, 1, 5, '15', '2026-02-13 09:48:52', '2026-02-13 09:48:52'),
(375, 109, 3, 1, 6, '15', '2026-02-13 09:48:52', '2026-02-13 09:48:52'),
(376, 109, 3, 1, 7, '20', '2026-02-13 09:48:52', '2026-02-13 09:48:52'),
(377, 109, 3, 1, 8, '21', '2026-02-13 09:48:52', '2026-02-13 09:48:52'),
(378, 109, 3, 1, 9, '22', '2026-02-13 09:48:52', '2026-02-13 09:48:52'),
(379, 105, 3, 1, 1, '5', '2026-02-13 09:48:52', '2026-02-13 09:48:52'),
(380, 105, 3, 1, 2, '21', '2026-02-13 09:48:52', '2026-02-13 09:48:52'),
(381, 105, 3, 1, 3, '23', '2026-02-13 09:48:52', '2026-02-13 09:48:52'),
(382, 105, 3, 1, 4, '21', '2026-02-13 09:48:52', '2026-02-13 09:48:52'),
(383, 105, 3, 1, 5, '15', '2026-02-13 09:48:52', '2026-02-13 09:48:52'),
(384, 105, 3, 1, 6, '15', '2026-02-13 09:48:52', '2026-02-13 09:48:52'),
(385, 105, 3, 1, 7, '20', '2026-02-13 09:48:52', '2026-02-13 09:48:52'),
(386, 105, 3, 1, 8, '21', '2026-02-13 09:48:52', '2026-02-13 09:48:52'),
(387, 105, 3, 1, 9, '22', '2026-02-13 09:48:52', '2026-02-13 09:48:52'),
(388, 108, 3, 1, 1, '5', '2026-02-13 09:48:52', '2026-02-13 09:48:52'),
(389, 108, 3, 1, 2, '21', '2026-02-13 09:48:52', '2026-02-13 09:48:52'),
(390, 108, 3, 1, 3, '23', '2026-02-13 09:48:52', '2026-02-13 09:48:52'),
(391, 108, 3, 1, 4, '21', '2026-02-13 09:48:52', '2026-02-13 09:48:52'),
(392, 108, 3, 1, 5, '15', '2026-02-13 09:48:52', '2026-02-13 09:48:52'),
(393, 108, 3, 1, 6, '15', '2026-02-13 09:48:52', '2026-02-13 09:48:52'),
(394, 108, 3, 1, 7, '20', '2026-02-13 09:48:52', '2026-02-13 09:48:52'),
(395, 108, 3, 1, 8, '21', '2026-02-13 09:48:52', '2026-02-13 09:48:52'),
(396, 108, 3, 1, 9, '22', '2026-02-13 09:48:52', '2026-02-13 09:48:52'),
(397, 71, 6, 2, 10, '11', '2026-02-16 14:11:32', '2026-02-16 14:11:32'),
(398, 71, 6, 2, 11, '23', '2026-02-16 14:11:32', '2026-02-16 14:11:32'),
(399, 71, 6, 2, 12, '20', '2026-02-16 14:11:32', '2026-02-16 14:11:32'),
(400, 71, 6, 2, 13, '22', '2026-02-16 14:11:32', '2026-02-16 14:11:32'),
(401, 71, 6, 2, 14, '23', '2026-02-16 14:11:32', '2026-02-16 14:11:32'),
(402, 71, 6, 2, 15, '21', '2026-02-16 14:11:32', '2026-02-16 14:11:32'),
(403, 71, 6, 2, 16, '14', '2026-02-16 14:11:32', '2026-02-16 14:11:32'),
(404, 71, 6, 2, 17, '21', '2026-02-16 14:11:32', '2026-02-16 14:11:32'),
(405, 71, 6, 2, 18, '19', '2026-02-16 14:11:32', '2026-02-16 14:11:32'),
(406, 71, 6, 2, 19, '23', '2026-02-16 14:11:32', '2026-02-16 14:11:32'),
(407, 72, 6, 2, 10, '11', '2026-02-16 14:11:32', '2026-02-16 14:11:32'),
(408, 72, 6, 2, 11, '23', '2026-02-16 14:11:32', '2026-02-16 14:11:32'),
(409, 72, 6, 2, 12, '20', '2026-02-16 14:11:32', '2026-02-16 14:11:32'),
(410, 72, 6, 2, 13, '22', '2026-02-16 14:11:32', '2026-02-16 14:11:32'),
(411, 72, 6, 2, 14, '23', '2026-02-16 14:11:32', '2026-02-16 14:11:32'),
(412, 72, 6, 2, 15, '21', '2026-02-16 14:11:32', '2026-02-16 14:11:32'),
(413, 72, 6, 2, 16, '14', '2026-02-16 14:11:32', '2026-02-16 14:11:32'),
(414, 72, 6, 2, 17, '21', '2026-02-16 14:11:32', '2026-02-16 14:11:32'),
(415, 72, 6, 2, 18, '19', '2026-02-16 14:11:32', '2026-02-16 14:11:32'),
(416, 72, 6, 2, 19, '23', '2026-02-16 14:11:32', '2026-02-16 14:11:32'),
(417, 67, 6, 2, 10, '11', '2026-02-16 14:11:32', '2026-02-16 14:11:32'),
(418, 67, 6, 2, 11, '23', '2026-02-16 14:11:32', '2026-02-16 14:11:32'),
(419, 67, 6, 2, 12, '20', '2026-02-16 14:11:32', '2026-02-16 14:11:32'),
(420, 67, 6, 2, 13, '22', '2026-02-16 14:11:32', '2026-02-16 14:11:32'),
(421, 67, 6, 2, 14, '23', '2026-02-16 14:11:32', '2026-02-16 14:11:32'),
(422, 67, 6, 2, 15, '21', '2026-02-16 14:11:32', '2026-02-16 14:11:32'),
(423, 67, 6, 2, 16, '14', '2026-02-16 14:11:32', '2026-02-16 14:11:32'),
(424, 67, 6, 2, 17, '21', '2026-02-16 14:11:32', '2026-02-16 14:11:32'),
(425, 67, 6, 2, 18, '19', '2026-02-16 14:11:32', '2026-02-16 14:11:32'),
(426, 67, 6, 2, 19, '23', '2026-02-16 14:11:32', '2026-02-16 14:11:32'),
(427, 74, 6, 2, 10, '11', '2026-02-16 14:11:32', '2026-02-16 14:11:32'),
(428, 74, 6, 2, 11, '23', '2026-02-16 14:11:32', '2026-02-16 14:11:32'),
(429, 74, 6, 2, 12, '20', '2026-02-16 14:11:32', '2026-02-16 14:11:32'),
(430, 74, 6, 2, 13, '22', '2026-02-16 14:11:32', '2026-02-16 14:11:32'),
(431, 74, 6, 2, 14, '23', '2026-02-16 14:11:32', '2026-02-16 14:11:32'),
(432, 74, 6, 2, 15, '21', '2026-02-16 14:11:32', '2026-02-16 14:11:32'),
(433, 74, 6, 2, 16, '14', '2026-02-16 14:11:32', '2026-02-16 14:11:32'),
(434, 74, 6, 2, 17, '21', '2026-02-16 14:11:32', '2026-02-16 14:11:32'),
(435, 74, 6, 2, 18, '19', '2026-02-16 14:11:32', '2026-02-16 14:11:32'),
(436, 74, 6, 2, 19, '23', '2026-02-16 14:11:32', '2026-02-16 14:11:32'),
(437, 73, 6, 2, 10, '11', '2026-02-16 14:11:32', '2026-02-16 14:11:32'),
(438, 73, 6, 2, 11, '23', '2026-02-16 14:11:32', '2026-02-16 14:11:32'),
(439, 73, 6, 2, 12, '20', '2026-02-16 14:11:32', '2026-02-16 14:11:32'),
(440, 73, 6, 2, 13, '22', '2026-02-16 14:11:32', '2026-02-16 14:11:32'),
(441, 73, 6, 2, 14, '23', '2026-02-16 14:11:32', '2026-02-16 14:11:32'),
(442, 73, 6, 2, 15, '21', '2026-02-16 14:11:32', '2026-02-16 14:11:32'),
(443, 73, 6, 2, 16, '14', '2026-02-16 14:11:32', '2026-02-16 14:11:32'),
(444, 73, 6, 2, 17, '21', '2026-02-16 14:11:32', '2026-02-16 14:11:32'),
(445, 73, 6, 2, 18, '19', '2026-02-16 14:11:32', '2026-02-16 14:11:32'),
(446, 73, 6, 2, 19, '23', '2026-02-16 14:11:32', '2026-02-16 14:11:32'),
(447, 107, 6, 2, 10, '11', '2026-02-16 14:11:32', '2026-02-16 14:11:32'),
(448, 107, 6, 2, 11, '23', '2026-02-16 14:11:32', '2026-02-16 14:11:32'),
(449, 107, 6, 2, 12, '20', '2026-02-16 14:11:32', '2026-02-16 14:11:32'),
(450, 107, 6, 2, 13, '22', '2026-02-16 14:11:32', '2026-02-16 14:11:32'),
(451, 107, 6, 2, 14, '23', '2026-02-16 14:11:32', '2026-02-16 14:11:32'),
(452, 107, 6, 2, 15, '21', '2026-02-16 14:11:32', '2026-02-16 14:11:32'),
(453, 107, 6, 2, 16, '14', '2026-02-16 14:11:32', '2026-02-16 14:11:32'),
(454, 107, 6, 2, 17, '21', '2026-02-16 14:11:32', '2026-02-16 14:11:32'),
(455, 107, 6, 2, 18, '19', '2026-02-16 14:11:32', '2026-02-16 14:11:32'),
(456, 107, 6, 2, 19, '23', '2026-02-16 14:11:32', '2026-02-16 14:11:32'),
(457, 79, 6, 2, 10, '11', '2026-02-16 14:11:32', '2026-02-16 14:11:32'),
(458, 79, 6, 2, 11, '23', '2026-02-16 14:11:32', '2026-02-16 14:11:32'),
(459, 79, 6, 2, 12, '20', '2026-02-16 14:11:32', '2026-02-16 14:11:32'),
(460, 79, 6, 2, 13, '22', '2026-02-16 14:11:32', '2026-02-16 14:11:32'),
(461, 79, 6, 2, 14, '23', '2026-02-16 14:11:32', '2026-02-16 14:11:32'),
(462, 79, 6, 2, 15, '21', '2026-02-16 14:11:32', '2026-02-16 14:11:32'),
(463, 79, 6, 2, 16, '14', '2026-02-16 14:11:32', '2026-02-16 14:11:32'),
(464, 79, 6, 2, 17, '21', '2026-02-16 14:11:32', '2026-02-16 14:11:32'),
(465, 79, 6, 2, 18, '19', '2026-02-16 14:11:32', '2026-02-16 14:11:32'),
(466, 79, 6, 2, 19, '23', '2026-02-16 14:11:32', '2026-02-16 14:11:32'),
(467, 70, 6, 2, 10, '11', '2026-02-16 14:11:32', '2026-02-16 14:11:32'),
(468, 70, 6, 2, 11, '23', '2026-02-16 14:11:32', '2026-02-16 14:11:32'),
(469, 70, 6, 2, 12, '20', '2026-02-16 14:11:32', '2026-02-16 14:11:32'),
(470, 70, 6, 2, 13, '22', '2026-02-16 14:11:32', '2026-02-16 14:11:32'),
(471, 70, 6, 2, 14, '23', '2026-02-16 14:11:32', '2026-02-16 14:11:32'),
(472, 70, 6, 2, 15, '21', '2026-02-16 14:11:32', '2026-02-16 14:11:32'),
(473, 70, 6, 2, 16, '14', '2026-02-16 14:11:32', '2026-02-16 14:11:32'),
(474, 70, 6, 2, 17, '21', '2026-02-16 14:11:32', '2026-02-16 14:11:32'),
(475, 70, 6, 2, 18, '19', '2026-02-16 14:11:32', '2026-02-16 14:11:32'),
(476, 70, 6, 2, 19, '23', '2026-02-16 14:11:32', '2026-02-16 14:11:32'),
(477, 106, 6, 2, 10, '11', '2026-02-16 14:11:32', '2026-02-16 14:11:32'),
(478, 106, 6, 2, 11, '23', '2026-02-16 14:11:32', '2026-02-16 14:11:32'),
(479, 106, 6, 2, 12, '20', '2026-02-16 14:11:32', '2026-02-16 14:11:32'),
(480, 106, 6, 2, 13, '22', '2026-02-16 14:11:32', '2026-02-16 14:11:32'),
(481, 106, 6, 2, 14, '23', '2026-02-16 14:11:32', '2026-02-16 14:11:32'),
(482, 106, 6, 2, 15, '21', '2026-02-16 14:11:32', '2026-02-16 14:11:32'),
(483, 106, 6, 2, 16, '14', '2026-02-16 14:11:32', '2026-02-16 14:11:32'),
(484, 106, 6, 2, 17, '21', '2026-02-16 14:11:32', '2026-02-16 14:11:32'),
(485, 106, 6, 2, 18, '19', '2026-02-16 14:11:32', '2026-02-16 14:11:32'),
(486, 106, 6, 2, 19, '23', '2026-02-16 14:11:32', '2026-02-16 14:11:32'),
(487, 105, 6, 2, 10, '11', '2026-02-16 14:11:32', '2026-02-16 14:11:32'),
(488, 105, 6, 2, 11, '23', '2026-02-16 14:11:32', '2026-02-16 14:11:32'),
(489, 105, 6, 2, 12, '20', '2026-02-16 14:11:32', '2026-02-16 14:11:32'),
(490, 105, 6, 2, 13, '22', '2026-02-16 14:11:32', '2026-02-16 14:11:32'),
(491, 105, 6, 2, 14, '23', '2026-02-16 14:11:32', '2026-02-16 14:11:32'),
(492, 105, 6, 2, 15, '21', '2026-02-16 14:11:32', '2026-02-16 14:11:32'),
(493, 105, 6, 2, 16, '14', '2026-02-16 14:11:32', '2026-02-16 14:11:32'),
(494, 105, 6, 2, 17, '21', '2026-02-16 14:11:32', '2026-02-16 14:11:32'),
(495, 105, 6, 2, 18, '19', '2026-02-16 14:11:32', '2026-02-16 14:11:32'),
(496, 105, 6, 2, 19, '23', '2026-02-16 14:11:32', '2026-02-16 14:11:32'),
(497, 108, 6, 2, 10, '11', '2026-02-16 14:11:32', '2026-02-16 14:11:32'),
(498, 108, 6, 2, 11, '23', '2026-02-16 14:11:32', '2026-02-16 14:11:32'),
(499, 108, 6, 2, 12, '20', '2026-02-16 14:11:32', '2026-02-16 14:11:32'),
(500, 108, 6, 2, 13, '22', '2026-02-16 14:11:32', '2026-02-16 14:11:32'),
(501, 108, 6, 2, 14, '23', '2026-02-16 14:11:32', '2026-02-16 14:11:32'),
(502, 108, 6, 2, 15, '21', '2026-02-16 14:11:32', '2026-02-16 14:11:32'),
(503, 108, 6, 2, 16, '14', '2026-02-16 14:11:32', '2026-02-16 14:11:32'),
(504, 108, 6, 2, 17, '21', '2026-02-16 14:11:32', '2026-02-16 14:11:32'),
(505, 108, 6, 2, 18, '19', '2026-02-16 14:11:32', '2026-02-16 14:11:32'),
(506, 108, 6, 2, 19, '23', '2026-02-16 14:11:32', '2026-02-16 14:11:32'),
(507, 80, 6, 2, 10, '11', '2026-02-16 14:11:32', '2026-02-16 14:11:32'),
(508, 80, 6, 2, 11, '23', '2026-02-16 14:11:32', '2026-02-16 14:11:32'),
(509, 80, 6, 2, 12, '20', '2026-02-16 14:11:32', '2026-02-16 14:11:32'),
(510, 80, 6, 2, 13, '22', '2026-02-16 14:11:32', '2026-02-16 14:11:32'),
(511, 80, 6, 2, 14, '23', '2026-02-16 14:11:32', '2026-02-16 14:11:32'),
(512, 80, 6, 2, 15, '21', '2026-02-16 14:11:32', '2026-02-16 14:11:32'),
(513, 80, 6, 2, 16, '14', '2026-02-16 14:11:32', '2026-02-16 14:11:32'),
(514, 80, 6, 2, 17, '21', '2026-02-16 14:11:32', '2026-02-16 14:11:32'),
(515, 80, 6, 2, 18, '19', '2026-02-16 14:11:32', '2026-02-16 14:11:32'),
(516, 80, 6, 2, 19, '23', '2026-02-16 14:11:32', '2026-02-16 14:11:32'),
(517, 68, 4, 2, 10, '11', '2026-02-16 14:19:29', '2026-02-16 14:19:29'),
(518, 68, 4, 2, 11, '23', '2026-02-16 14:19:29', '2026-02-16 14:19:29'),
(519, 68, 4, 2, 12, '20', '2026-02-16 14:19:29', '2026-02-16 14:19:29'),
(520, 68, 4, 2, 13, '22', '2026-02-16 14:19:29', '2026-02-16 14:19:29'),
(521, 68, 4, 2, 14, '23', '2026-02-16 14:19:29', '2026-02-16 14:19:29'),
(522, 68, 4, 2, 15, '21', '2026-02-16 14:19:29', '2026-02-16 14:19:29'),
(523, 68, 4, 2, 16, '14', '2026-02-16 14:19:29', '2026-02-16 14:19:29'),
(524, 68, 4, 2, 17, '21', '2026-02-16 14:19:29', '2026-02-16 14:19:29'),
(525, 68, 4, 2, 18, '19', '2026-02-16 14:19:29', '2026-02-16 14:19:29'),
(526, 68, 4, 2, 19, '23', '2026-02-16 14:19:29', '2026-02-16 14:19:29'),
(527, 57, 4, 2, 10, '11', '2026-02-16 14:19:29', '2026-02-16 14:19:29'),
(528, 57, 4, 2, 11, '23', '2026-02-16 14:19:29', '2026-02-16 14:19:29'),
(529, 57, 4, 2, 12, '20', '2026-02-16 14:19:29', '2026-02-16 14:19:29'),
(530, 57, 4, 2, 13, '22', '2026-02-16 14:19:29', '2026-02-16 14:19:29'),
(531, 57, 4, 2, 14, '23', '2026-02-16 14:19:29', '2026-02-16 14:19:29'),
(532, 57, 4, 2, 15, '21', '2026-02-16 14:19:29', '2026-02-16 14:19:29'),
(533, 57, 4, 2, 16, '14', '2026-02-16 14:19:29', '2026-02-16 14:19:29'),
(534, 57, 4, 2, 17, '21', '2026-02-16 14:19:29', '2026-02-16 14:19:29'),
(535, 57, 4, 2, 18, '19', '2026-02-16 14:19:29', '2026-02-16 14:19:29'),
(536, 57, 4, 2, 19, '23', '2026-02-16 14:19:29', '2026-02-16 14:19:29'),
(537, 66, 4, 2, 10, '11', '2026-02-16 14:19:29', '2026-02-16 14:19:29'),
(538, 66, 4, 2, 11, '23', '2026-02-16 14:19:29', '2026-02-16 14:19:29'),
(539, 66, 4, 2, 12, '20', '2026-02-16 14:19:29', '2026-02-16 14:19:29'),
(540, 66, 4, 2, 13, '22', '2026-02-16 14:19:29', '2026-02-16 14:19:29'),
(541, 66, 4, 2, 14, '23', '2026-02-16 14:19:29', '2026-02-16 14:19:29'),
(542, 66, 4, 2, 15, '21', '2026-02-16 14:19:29', '2026-02-16 14:19:29'),
(543, 66, 4, 2, 16, '14', '2026-02-16 14:19:29', '2026-02-16 14:19:29'),
(544, 66, 4, 2, 17, '21', '2026-02-16 14:19:29', '2026-02-16 14:19:29'),
(545, 66, 4, 2, 18, '19', '2026-02-16 14:19:29', '2026-02-16 14:19:29'),
(546, 66, 4, 2, 19, '23', '2026-02-16 14:19:29', '2026-02-16 14:19:29'),
(547, 62, 4, 2, 10, '11', '2026-02-16 14:19:29', '2026-02-16 14:19:29'),
(548, 62, 4, 2, 11, '23', '2026-02-16 14:19:29', '2026-02-16 14:19:29'),
(549, 62, 4, 2, 12, '20', '2026-02-16 14:19:29', '2026-02-16 14:19:29'),
(550, 62, 4, 2, 13, '22', '2026-02-16 14:19:29', '2026-02-16 14:19:29'),
(551, 62, 4, 2, 14, '23', '2026-02-16 14:19:29', '2026-02-16 14:19:29'),
(552, 62, 4, 2, 15, '21', '2026-02-16 14:19:29', '2026-02-16 14:19:29'),
(553, 62, 4, 2, 16, '14', '2026-02-16 14:19:29', '2026-02-16 14:19:29'),
(554, 62, 4, 2, 17, '21', '2026-02-16 14:19:29', '2026-02-16 14:19:29'),
(555, 62, 4, 2, 18, '19', '2026-02-16 14:19:29', '2026-02-16 14:19:29'),
(556, 62, 4, 2, 19, '23', '2026-02-16 14:19:29', '2026-02-16 14:19:29'),
(557, 56, 4, 2, 10, '11', '2026-02-16 14:19:29', '2026-02-16 14:19:29'),
(558, 56, 4, 2, 11, '23', '2026-02-16 14:19:29', '2026-02-16 14:19:29'),
(559, 56, 4, 2, 12, '20', '2026-02-16 14:19:29', '2026-02-16 14:19:29'),
(560, 56, 4, 2, 13, '22', '2026-02-16 14:19:29', '2026-02-16 14:19:29'),
(561, 56, 4, 2, 14, '23', '2026-02-16 14:19:29', '2026-02-16 14:19:29'),
(562, 56, 4, 2, 15, '21', '2026-02-16 14:19:29', '2026-02-16 14:19:29'),
(563, 56, 4, 2, 16, '14', '2026-02-16 14:19:29', '2026-02-16 14:19:29'),
(564, 56, 4, 2, 17, '21', '2026-02-16 14:19:29', '2026-02-16 14:19:29'),
(565, 56, 4, 2, 18, '19', '2026-02-16 14:19:29', '2026-02-16 14:19:29'),
(566, 56, 4, 2, 19, '23', '2026-02-16 14:19:29', '2026-02-16 14:19:29'),
(567, 55, 4, 2, 10, '11', '2026-02-16 14:19:29', '2026-02-16 14:19:29'),
(568, 55, 4, 2, 11, '23', '2026-02-16 14:19:29', '2026-02-16 14:19:29'),
(569, 55, 4, 2, 12, '20', '2026-02-16 14:19:29', '2026-02-16 14:19:29'),
(570, 55, 4, 2, 13, '22', '2026-02-16 14:19:29', '2026-02-16 14:19:29'),
(571, 55, 4, 2, 14, '23', '2026-02-16 14:19:29', '2026-02-16 14:19:29'),
(572, 55, 4, 2, 15, '21', '2026-02-16 14:19:29', '2026-02-16 14:19:29'),
(573, 55, 4, 2, 16, '14', '2026-02-16 14:19:29', '2026-02-16 14:19:29'),
(574, 55, 4, 2, 17, '21', '2026-02-16 14:19:29', '2026-02-16 14:19:29'),
(575, 55, 4, 2, 18, '19', '2026-02-16 14:19:29', '2026-02-16 14:19:29'),
(576, 55, 4, 2, 19, '23', '2026-02-16 14:19:29', '2026-02-16 14:19:29'),
(577, 63, 4, 2, 10, '11', '2026-02-16 14:19:29', '2026-02-16 14:19:29'),
(578, 63, 4, 2, 11, '23', '2026-02-16 14:19:29', '2026-02-16 14:19:29'),
(579, 63, 4, 2, 12, '20', '2026-02-16 14:19:29', '2026-02-16 14:19:29'),
(580, 63, 4, 2, 13, '22', '2026-02-16 14:19:29', '2026-02-16 14:19:29'),
(581, 63, 4, 2, 14, '23', '2026-02-16 14:19:29', '2026-02-16 14:19:29'),
(582, 63, 4, 2, 15, '21', '2026-02-16 14:19:29', '2026-02-16 14:19:29'),
(583, 63, 4, 2, 16, '14', '2026-02-16 14:19:29', '2026-02-16 14:19:29'),
(584, 63, 4, 2, 17, '21', '2026-02-16 14:19:29', '2026-02-16 14:19:29'),
(585, 63, 4, 2, 18, '19', '2026-02-16 14:19:29', '2026-02-16 14:19:29'),
(586, 63, 4, 2, 19, '23', '2026-02-16 14:19:29', '2026-02-16 14:19:29'),
(587, 65, 4, 2, 10, '11', '2026-02-16 14:19:29', '2026-02-16 14:19:29'),
(588, 65, 4, 2, 11, '23', '2026-02-16 14:19:29', '2026-02-16 14:19:29'),
(589, 65, 4, 2, 12, '20', '2026-02-16 14:19:29', '2026-02-16 14:19:29'),
(590, 65, 4, 2, 13, '22', '2026-02-16 14:19:29', '2026-02-16 14:19:29'),
(591, 65, 4, 2, 14, '23', '2026-02-16 14:19:29', '2026-02-16 14:19:29'),
(592, 65, 4, 2, 15, '21', '2026-02-16 14:19:29', '2026-02-16 14:19:29'),
(593, 65, 4, 2, 16, '14', '2026-02-16 14:19:29', '2026-02-16 14:19:29'),
(594, 65, 4, 2, 17, '21', '2026-02-16 14:19:29', '2026-02-16 14:19:29'),
(595, 65, 4, 2, 18, '19', '2026-02-16 14:19:29', '2026-02-16 14:19:29'),
(596, 65, 4, 2, 19, '23', '2026-02-16 14:19:29', '2026-02-16 14:19:29'),
(597, 110, 4, 2, 10, '11', '2026-02-16 14:19:29', '2026-02-16 14:19:29'),
(598, 110, 4, 2, 11, '23', '2026-02-16 14:19:29', '2026-02-16 14:19:29'),
(599, 110, 4, 2, 12, '20', '2026-02-16 14:19:29', '2026-02-16 14:19:29'),
(600, 110, 4, 2, 13, '22', '2026-02-16 14:19:29', '2026-02-16 14:19:29'),
(601, 110, 4, 2, 14, '23', '2026-02-16 14:19:29', '2026-02-16 14:19:29'),
(602, 110, 4, 2, 15, '21', '2026-02-16 14:19:29', '2026-02-16 14:19:29'),
(603, 110, 4, 2, 16, '14', '2026-02-16 14:19:29', '2026-02-16 14:19:29'),
(604, 110, 4, 2, 17, '21', '2026-02-16 14:19:29', '2026-02-16 14:19:29'),
(605, 110, 4, 2, 18, '19', '2026-02-16 14:19:29', '2026-02-16 14:19:29'),
(606, 110, 4, 2, 19, '23', '2026-02-16 14:19:29', '2026-02-16 14:19:29'),
(607, 69, 4, 2, 10, '11', '2026-02-16 14:19:29', '2026-02-16 14:19:29'),
(608, 69, 4, 2, 11, '23', '2026-02-16 14:19:29', '2026-02-16 14:19:29'),
(609, 69, 4, 2, 12, '20', '2026-02-16 14:19:29', '2026-02-16 14:19:29'),
(610, 69, 4, 2, 13, '22', '2026-02-16 14:19:29', '2026-02-16 14:19:29'),
(611, 69, 4, 2, 14, '23', '2026-02-16 14:19:29', '2026-02-16 14:19:29'),
(612, 69, 4, 2, 15, '21', '2026-02-16 14:19:29', '2026-02-16 14:19:29'),
(613, 69, 4, 2, 16, '14', '2026-02-16 14:19:29', '2026-02-16 14:19:29'),
(614, 69, 4, 2, 17, '21', '2026-02-16 14:19:29', '2026-02-16 14:19:29'),
(615, 69, 4, 2, 18, '19', '2026-02-16 14:19:29', '2026-02-16 14:19:29'),
(616, 69, 4, 2, 19, '23', '2026-02-16 14:19:29', '2026-02-16 14:19:29'),
(617, 54, 4, 2, 10, '11', '2026-02-16 14:19:29', '2026-02-16 14:19:29'),
(618, 54, 4, 2, 11, '23', '2026-02-16 14:19:29', '2026-02-16 14:19:29'),
(619, 54, 4, 2, 12, '20', '2026-02-16 14:19:29', '2026-02-16 14:19:29'),
(620, 54, 4, 2, 13, '22', '2026-02-16 14:19:29', '2026-02-16 14:19:29'),
(621, 54, 4, 2, 14, '23', '2026-02-16 14:19:29', '2026-02-16 14:19:29'),
(622, 54, 4, 2, 15, '21', '2026-02-16 14:19:29', '2026-02-16 14:19:29'),
(623, 54, 4, 2, 16, '14', '2026-02-16 14:19:29', '2026-02-16 14:19:29'),
(624, 54, 4, 2, 17, '21', '2026-02-16 14:19:29', '2026-02-16 14:19:29'),
(625, 54, 4, 2, 18, '19', '2026-02-16 14:19:29', '2026-02-16 14:19:29'),
(626, 54, 4, 2, 19, '23', '2026-02-16 14:19:29', '2026-02-16 14:19:29');

-- --------------------------------------------------------

--
-- Table structure for table `attendance_check`
--

CREATE TABLE `attendance_check` (
  `id` int(11) NOT NULL,
  `student_id` int(11) NOT NULL,
  `date` date NOT NULL,
  `status` enum('present','absent','excused') NOT NULL,
  `teacher_id` int(11) NOT NULL,
  `section_id` int(11) NOT NULL
) ENGINE=InnoDB DEFAULT CHARSET=utf8mb4 COLLATE=utf8mb4_general_ci;

--
-- Dumping data for table `attendance_check`
--

INSERT INTO `attendance_check` (`id`, `student_id`, `date`, `status`, `teacher_id`, `section_id`) VALUES
(5, 57, '2026-02-12', 'present', 1, 1),
(6, 56, '2026-02-12', 'present', 1, 1),
(7, 55, '2026-02-12', 'present', 1, 1),
(8, 54, '2026-02-12', 'present', 1, 1),
(9, 57, '2026-02-11', 'present', 1, 1),
(10, 56, '2026-02-11', 'present', 1, 1),
(11, 55, '2026-02-11', 'present', 1, 1),
(12, 54, '2026-02-11', 'present', 1, 1),
(13, 57, '2026-02-01', 'present', 1, 1),
(14, 56, '2026-02-01', 'absent', 1, 1),
(15, 55, '2026-02-01', 'present', 1, 1),
(16, 54, '2026-02-01', 'present', 1, 1),
(17, 68, '2026-02-13', 'present', 1, 1),
(18, 66, '2026-02-13', 'present', 1, 1),
(19, 62, '2026-02-13', 'present', 1, 1),
(20, 67, '2026-02-13', 'present', 1, 1),
(21, 56, '2026-02-13', 'present', 1, 1),
(22, 55, '2026-02-13', 'present', 1, 1),
(23, 63, '2026-02-13', 'present', 1, 1),
(24, 65, '2026-02-13', 'present', 1, 1),
(25, 54, '2026-02-13', 'present', 1, 1),
(26, 78, '2026-02-13', 'present', 1, 1),
(27, 57, '2026-02-13', 'present', 1, 1),
(28, 71, '2026-02-13', 'present', 1, 1),
(29, 76, '2026-02-13', 'present', 1, 1),
(30, 72, '2026-02-13', 'present', 1, 1),
(31, 77, '2026-02-13', 'present', 1, 1),
(32, 74, '2026-02-13', 'present', 1, 1),
(33, 73, '2026-02-13', 'present', 1, 1),
(34, 75, '2026-02-13', 'present', 1, 1),
(35, 70, '2026-02-13', 'present', 1, 1),
(36, 69, '2026-02-13', 'present', 1, 1);

-- --------------------------------------------------------

--
-- Table structure for table `class`
--

CREATE TABLE `class` (
  `id` int(11) NOT NULL,
  `section` varchar(50) NOT NULL,
  `gradeLevel` varchar(50) NOT NULL,
  `faculty_id` int(11) NOT NULL,
  `school_year_id` int(11) NOT NULL,
  `dateCreated` datetime NOT NULL DEFAULT current_timestamp(),
  `dateUpdated` datetime NOT NULL DEFAULT current_timestamp() ON UPDATE current_timestamp()
) ENGINE=InnoDB DEFAULT CHARSET=utf8mb4 COLLATE=utf8mb4_general_ci;

--
-- Dumping data for table `class`
--

INSERT INTO `class` (`id`, `section`, `gradeLevel`, `faculty_id`, `school_year_id`, `dateCreated`, `dateUpdated`) VALUES
(1, 'Loyalty', 'Grade 7', 1, 1, '2025-03-22 14:12:37', '2025-03-22 14:12:37'),
(3, 'Freedom', 'Grade 8', 5, 1, '2025-10-03 13:30:23', '2025-10-03 13:30:23'),
(7, 'Rose', 'Grade 5', 5, 2, '2026-02-19 09:06:07', '2026-02-19 09:06:07'),
(8, 'Love', 'Grade 7', 1, 2, '2026-02-19 09:06:33', '2026-02-19 09:06:33');

-- --------------------------------------------------------

--
-- Table structure for table `class_students`
--

CREATE TABLE `class_students` (
  `id` int(11) NOT NULL,
  `class_id` int(11) NOT NULL,
  `student_id` int(11) NOT NULL,
  `school_year_id` int(11) NOT NULL,
  `dateCreated` datetime NOT NULL DEFAULT current_timestamp(),
  `dateUpdated` datetime NOT NULL DEFAULT current_timestamp() ON UPDATE current_timestamp()
) ENGINE=InnoDB DEFAULT CHARSET=utf8mb4 COLLATE=utf8mb4_general_ci;

--
-- Dumping data for table `class_students`
--

INSERT INTO `class_students` (`id`, `class_id`, `student_id`, `school_year_id`, `dateCreated`, `dateUpdated`) VALUES
(4, 1, 54, 1, '2025-03-22 15:11:14', '2025-03-22 15:11:14'),
(5, 1, 55, 1, '2025-03-22 15:11:14', '2025-03-22 15:11:14'),
(6, 1, 56, 1, '2025-03-22 15:11:14', '2025-03-22 15:11:14'),
(7, 1, 57, 1, '2025-03-22 15:11:14', '2025-03-22 15:11:14'),
(8, 1, 58, 1, '2026-02-12 15:30:52', '2026-02-12 15:30:52'),
(9, 1, 59, 1, '2026-02-12 15:30:52', '2026-02-12 15:30:52'),
(10, 1, 60, 1, '2026-02-12 15:30:52', '2026-02-12 15:30:52'),
(11, 1, 61, 1, '2026-02-12 15:30:52', '2026-02-12 15:30:52'),
(12, 1, 62, 1, '2026-02-12 15:30:52', '2026-02-12 15:30:52'),
(13, 1, 63, 1, '2026-02-12 15:30:52', '2026-02-12 15:30:52'),
(14, 1, 64, 1, '2026-02-12 15:30:52', '2026-02-12 15:30:52'),
(15, 1, 65, 1, '2026-02-12 15:30:52', '2026-02-12 15:30:52'),
(16, 1, 66, 1, '2026-02-12 15:30:52', '2026-02-12 15:30:52'),
(17, 1, 67, 1, '2026-02-12 15:30:52', '2026-02-12 15:30:52'),
(18, 1, 68, 1, '2026-02-12 15:30:52', '2026-02-12 15:30:52'),
(19, 1, 69, 1, '2026-02-12 15:30:52', '2026-02-12 15:30:52'),
(20, 1, 70, 1, '2026-02-12 15:30:52', '2026-02-12 15:30:52'),
(21, 1, 71, 1, '2026-02-12 15:30:52', '2026-02-12 15:30:52'),
(22, 1, 72, 1, '2026-02-12 15:30:52', '2026-02-12 15:30:52'),
(23, 1, 73, 1, '2026-02-12 15:30:52', '2026-02-12 15:30:52'),
(24, 1, 74, 1, '2026-02-12 15:30:52', '2026-02-12 15:30:52'),
(25, 1, 75, 1, '2026-02-12 15:30:52', '2026-02-12 15:30:52'),
(26, 1, 76, 1, '2026-02-12 15:30:52', '2026-02-12 15:30:52'),
(27, 1, 77, 1, '2026-02-12 15:30:52', '2026-02-12 15:30:52'),
(28, 1, 78, 1, '2026-02-12 15:30:52', '2026-02-12 15:30:52'),
(29, 3, 79, 1, '2026-02-13 08:26:53', '2026-02-13 08:26:53'),
(30, 3, 80, 1, '2026-02-13 08:26:53', '2026-02-13 08:26:53'),
(31, 3, 81, 1, '2026-02-13 08:26:53', '2026-02-13 08:26:53'),
(32, 3, 82, 1, '2026-02-13 08:26:53', '2026-02-13 08:26:53'),
(33, 3, 83, 1, '2026-02-13 08:26:53', '2026-02-13 08:26:53'),
(34, 3, 84, 1, '2026-02-13 08:26:53', '2026-02-13 08:26:53'),
(35, 3, 85, 1, '2026-02-13 08:26:53', '2026-02-13 08:26:53'),
(36, 3, 86, 1, '2026-02-13 08:26:53', '2026-02-13 08:26:53'),
(37, 3, 87, 1, '2026-02-13 08:26:53', '2026-02-13 08:26:53'),
(38, 3, 96, 1, '2026-02-13 09:43:38', '2026-02-13 09:43:38'),
(39, 3, 104, 1, '2026-02-13 09:43:38', '2026-02-13 09:43:38'),
(40, 3, 105, 1, '2026-02-13 09:43:38', '2026-02-13 09:43:38'),
(41, 3, 106, 1, '2026-02-13 09:43:38', '2026-02-13 09:43:38'),
(42, 3, 107, 1, '2026-02-13 09:43:38', '2026-02-13 09:43:38'),
(43, 3, 108, 1, '2026-02-13 09:43:38', '2026-02-13 09:43:38'),
(44, 3, 109, 1, '2026-02-13 09:43:38', '2026-02-13 09:43:38'),
(45, 3, 110, 1, '2026-02-13 09:43:38', '2026-02-13 09:43:38'),
(46, 3, 111, 1, '2026-02-13 09:43:38', '2026-02-13 09:43:38'),
(47, 4, 54, 2, '2026-02-16 11:15:27', '2026-02-16 11:15:27'),
(48, 4, 55, 2, '2026-02-16 11:15:27', '2026-02-16 11:15:27'),
(49, 4, 56, 2, '2026-02-16 11:15:27', '2026-02-16 11:15:27'),
(50, 4, 57, 2, '2026-02-16 11:15:27', '2026-02-16 11:15:27'),
(51, 4, 62, 2, '2026-02-16 11:15:27', '2026-02-16 11:15:27'),
(52, 4, 63, 2, '2026-02-16 11:15:27', '2026-02-16 11:15:27'),
(53, 4, 65, 2, '2026-02-16 11:15:27', '2026-02-16 11:15:27'),
(54, 4, 66, 2, '2026-02-16 11:15:27', '2026-02-16 11:15:27'),
(55, 4, 68, 2, '2026-02-16 11:15:27', '2026-02-16 11:15:27'),
(56, 4, 69, 2, '2026-02-16 11:15:27', '2026-02-16 11:15:27'),
(57, 5, 75, 2, '2026-02-16 11:15:59', '2026-02-16 11:15:59'),
(58, 5, 76, 2, '2026-02-16 11:15:59', '2026-02-16 11:15:59'),
(59, 5, 77, 2, '2026-02-16 11:15:59', '2026-02-16 11:15:59'),
(60, 5, 78, 2, '2026-02-16 11:15:59', '2026-02-16 11:15:59'),
(61, 5, 81, 2, '2026-02-16 11:15:59', '2026-02-16 11:15:59'),
(62, 5, 82, 2, '2026-02-16 11:15:59', '2026-02-16 11:15:59'),
(63, 5, 83, 2, '2026-02-16 11:15:59', '2026-02-16 11:15:59'),
(64, 5, 96, 2, '2026-02-16 11:15:59', '2026-02-16 11:15:59'),
(65, 5, 104, 2, '2026-02-16 11:15:59', '2026-02-16 11:15:59'),
(66, 5, 111, 2, '2026-02-16 11:15:59', '2026-02-16 11:15:59'),
(67, 6, 67, 2, '2026-02-16 11:16:27', '2026-02-16 11:16:27'),
(68, 6, 70, 2, '2026-02-16 11:16:27', '2026-02-16 11:16:27'),
(69, 6, 71, 2, '2026-02-16 11:16:27', '2026-02-16 11:16:27'),
(70, 6, 72, 2, '2026-02-16 11:16:27', '2026-02-16 11:16:27'),
(71, 6, 73, 2, '2026-02-16 11:16:27', '2026-02-16 11:16:27'),
(72, 6, 74, 2, '2026-02-16 11:16:27', '2026-02-16 11:16:27'),
(73, 6, 79, 2, '2026-02-16 11:16:27', '2026-02-16 11:16:27'),
(74, 6, 80, 2, '2026-02-16 11:16:27', '2026-02-16 11:16:27'),
(75, 6, 105, 2, '2026-02-16 11:16:27', '2026-02-16 11:16:27'),
(76, 6, 106, 2, '2026-02-16 11:16:27', '2026-02-16 11:16:27'),
(77, 6, 107, 2, '2026-02-16 11:16:33', '2026-02-16 11:16:33'),
(78, 6, 108, 2, '2026-02-16 11:16:33', '2026-02-16 11:16:33'),
(79, 5, 109, 2, '2026-02-16 11:16:40', '2026-02-16 11:16:40'),
(80, 4, 110, 2, '2026-02-16 11:16:49', '2026-02-16 11:16:49'),
(81, 7, 136, 2, '2026-02-19 09:09:59', '2026-02-19 09:09:59'),
(82, 7, 137, 2, '2026-02-19 09:09:59', '2026-02-19 09:09:59'),
(83, 7, 138, 2, '2026-02-19 09:09:59', '2026-02-19 09:09:59'),
(84, 7, 139, 2, '2026-02-19 09:09:59', '2026-02-19 09:09:59'),
(85, 7, 140, 2, '2026-02-19 09:09:59', '2026-02-19 09:09:59'),
(86, 7, 141, 2, '2026-02-19 09:09:59', '2026-02-19 09:09:59'),
(87, 7, 142, 2, '2026-02-19 09:09:59', '2026-02-19 09:09:59'),
(88, 7, 143, 2, '2026-02-19 09:09:59', '2026-02-19 09:09:59'),
(89, 7, 144, 2, '2026-02-19 09:09:59', '2026-02-19 09:09:59'),
(90, 7, 145, 2, '2026-02-19 09:09:59', '2026-02-19 09:09:59'),
(91, 7, 146, 2, '2026-02-19 09:09:59', '2026-02-19 09:09:59'),
(92, 7, 147, 2, '2026-02-19 09:09:59', '2026-02-19 09:09:59'),
(93, 7, 148, 2, '2026-02-19 09:09:59', '2026-02-19 09:09:59'),
(94, 7, 149, 2, '2026-02-19 09:09:59', '2026-02-19 09:09:59'),
(95, 7, 150, 2, '2026-02-19 09:09:59', '2026-02-19 09:09:59'),
(96, 7, 151, 2, '2026-02-19 09:09:59', '2026-02-19 09:09:59'),
(97, 7, 152, 2, '2026-02-19 09:09:59', '2026-02-19 09:09:59'),
(98, 7, 153, 2, '2026-02-19 09:09:59', '2026-02-19 09:09:59'),
(99, 7, 154, 2, '2026-02-19 09:09:59', '2026-02-19 09:09:59'),
(100, 7, 155, 2, '2026-02-19 09:09:59', '2026-02-19 09:09:59'),
(101, 7, 156, 2, '2026-02-19 09:09:59', '2026-02-19 09:09:59'),
(102, 7, 157, 2, '2026-02-19 09:09:59', '2026-02-19 09:09:59'),
(103, 7, 158, 2, '2026-02-19 09:09:59', '2026-02-19 09:09:59'),
(104, 7, 159, 2, '2026-02-19 09:09:59', '2026-02-19 09:09:59'),
(105, 7, 160, 2, '2026-02-19 09:09:59', '2026-02-19 09:09:59'),
(106, 7, 161, 2, '2026-02-19 09:09:59', '2026-02-19 09:09:59'),
(107, 7, 162, 2, '2026-02-19 09:09:59', '2026-02-19 09:09:59'),
(108, 7, 163, 2, '2026-02-19 09:10:00', '2026-02-19 09:10:00'),
(109, 7, 164, 2, '2026-02-19 09:10:00', '2026-02-19 09:10:00'),
(110, 7, 165, 2, '2026-02-19 09:10:00', '2026-02-19 09:10:00'),
(111, 7, 166, 2, '2026-02-19 09:10:00', '2026-02-19 09:10:00'),
(112, 7, 167, 2, '2026-02-19 09:10:00', '2026-02-19 09:10:00'),
(113, 7, 168, 2, '2026-02-19 09:10:00', '2026-02-19 09:10:00'),
(114, 7, 169, 2, '2026-02-19 09:10:00', '2026-02-19 09:10:00'),
(115, 7, 170, 2, '2026-02-19 09:10:00', '2026-02-19 09:10:00'),
(116, 7, 171, 2, '2026-02-19 09:10:00', '2026-02-19 09:10:00'),
(117, 7, 172, 2, '2026-02-19 09:10:00', '2026-02-19 09:10:00'),
(118, 7, 173, 2, '2026-02-19 09:10:00', '2026-02-19 09:10:00'),
(119, 7, 174, 2, '2026-02-19 09:10:00', '2026-02-19 09:10:00'),
(120, 7, 175, 2, '2026-02-19 09:10:00', '2026-02-19 09:10:00'),
(121, 8, 176, 2, '2026-02-19 09:10:33', '2026-02-19 09:10:33'),
(122, 8, 177, 2, '2026-02-19 09:10:33', '2026-02-19 09:10:33'),
(123, 8, 178, 2, '2026-02-19 09:10:33', '2026-02-19 09:10:33'),
(124, 8, 179, 2, '2026-02-19 09:10:33', '2026-02-19 09:10:33'),
(125, 8, 180, 2, '2026-02-19 09:10:33', '2026-02-19 09:10:33'),
(126, 8, 181, 2, '2026-02-19 09:10:33', '2026-02-19 09:10:33'),
(127, 8, 182, 2, '2026-02-19 09:10:33', '2026-02-19 09:10:33'),
(128, 8, 183, 2, '2026-02-19 09:10:33', '2026-02-19 09:10:33'),
(129, 8, 184, 2, '2026-02-19 09:10:33', '2026-02-19 09:10:33'),
(130, 8, 185, 2, '2026-02-19 09:10:33', '2026-02-19 09:10:33'),
(131, 8, 186, 2, '2026-02-19 09:10:33', '2026-02-19 09:10:33'),
(132, 8, 187, 2, '2026-02-19 09:10:33', '2026-02-19 09:10:33'),
(133, 8, 188, 2, '2026-02-19 09:10:33', '2026-02-19 09:10:33'),
(134, 8, 189, 2, '2026-02-19 09:10:33', '2026-02-19 09:10:33'),
(135, 8, 190, 2, '2026-02-19 09:10:33', '2026-02-19 09:10:33'),
(136, 8, 191, 2, '2026-02-19 09:10:33', '2026-02-19 09:10:33'),
(137, 8, 192, 2, '2026-02-19 09:10:33', '2026-02-19 09:10:33'),
(138, 8, 193, 2, '2026-02-19 09:10:33', '2026-02-19 09:10:33'),
(139, 8, 194, 2, '2026-02-19 09:10:33', '2026-02-19 09:10:33'),
(140, 8, 195, 2, '2026-02-19 09:10:33', '2026-02-19 09:10:33'),
(141, 8, 196, 2, '2026-02-19 09:10:33', '2026-02-19 09:10:33'),
(142, 8, 197, 2, '2026-02-19 09:10:33', '2026-02-19 09:10:33'),
(143, 8, 198, 2, '2026-02-19 09:10:33', '2026-02-19 09:10:33'),
(144, 8, 199, 2, '2026-02-19 09:10:33', '2026-02-19 09:10:33'),
(145, 8, 200, 2, '2026-02-19 09:10:33', '2026-02-19 09:10:33'),
(146, 8, 201, 2, '2026-02-19 09:10:33', '2026-02-19 09:10:33'),
(147, 8, 202, 2, '2026-02-19 09:10:33', '2026-02-19 09:10:33'),
(148, 8, 203, 2, '2026-02-19 09:10:33', '2026-02-19 09:10:33'),
(149, 8, 204, 2, '2026-02-19 09:10:33', '2026-02-19 09:10:33'),
(150, 8, 205, 2, '2026-02-19 09:10:33', '2026-02-19 09:10:33'),
(151, 8, 206, 2, '2026-02-19 09:10:33', '2026-02-19 09:10:33'),
(152, 8, 207, 2, '2026-02-19 09:10:33', '2026-02-19 09:10:33'),
(153, 8, 208, 2, '2026-02-19 09:10:33', '2026-02-19 09:10:33'),
(154, 8, 209, 2, '2026-02-19 09:10:33', '2026-02-19 09:10:33'),
(155, 8, 210, 2, '2026-02-19 09:10:33', '2026-02-19 09:10:33'),
(156, 8, 211, 2, '2026-02-19 09:10:33', '2026-02-19 09:10:33'),
(157, 8, 212, 2, '2026-02-19 09:10:33', '2026-02-19 09:10:33'),
(158, 8, 213, 2, '2026-02-19 09:10:33', '2026-02-19 09:10:33'),
(159, 8, 214, 2, '2026-02-19 09:10:33', '2026-02-19 09:10:33'),
(160, 8, 215, 2, '2026-02-19 09:10:33', '2026-02-19 09:10:33');

-- --------------------------------------------------------

--
-- Table structure for table `faculty`
--

CREATE TABLE `faculty` (
  `id` int(11) NOT NULL,
  `emp_number` varchar(50) NOT NULL,
  `firstName` varchar(50) NOT NULL,
  `middleName` varchar(50) NOT NULL,
  `lastName` varchar(50) NOT NULL,
  `gender` varchar(50) NOT NULL,
  `rank` varchar(50) NOT NULL,
  `designation` varchar(50) NOT NULL,
  `department` varchar(50) NOT NULL,
  `status` varchar(50) NOT NULL,
  `dateCreated` datetime NOT NULL DEFAULT current_timestamp(),
  `dateUpdated` datetime NOT NULL DEFAULT current_timestamp() ON UPDATE current_timestamp()
) ENGINE=InnoDB DEFAULT CHARSET=latin1 COLLATE=latin1_swedish_ci;

--
-- Dumping data for table `faculty`
--

INSERT INTO `faculty` (`id`, `emp_number`, `firstName`, `middleName`, `lastName`, `gender`, `rank`, `designation`, `department`, `status`, `dateCreated`, `dateUpdated`) VALUES
(1, '01594', 'Lorenjane', 'Esguerra', 'Balan', 'Female', 'Assoc. Prof. I', 'Faculty', 'High School', 'Permanent', '2025-02-20 15:17:54', '2025-02-20 15:17:54'),
(2, '01234', 'Erwin ', 'Reyes', 'Ardid', 'Male', 'Assoc. Prof. I', 'Registrar', 'Elementary', 'Permanent', '2025-02-20 15:25:41', '2025-02-20 15:25:41'),
(3, '01595', 'Maria', 'Corpuz', 'Agua', 'Female', 'Instructor I', 'Faculty', 'High School', 'Permanent', '2025-03-22 11:53:21', '2025-03-22 11:53:21'),
(4, '01596', 'Jose ', 'Leon', 'Carreon', 'Male', 'Instructor II', 'Faculty', 'High School', 'Permanent', '2025-03-22 11:54:02', '2025-03-22 11:54:02'),
(5, '01597', 'Jesus', 'Cruz', 'Dellima', 'Male', 'Instructor III', 'Faculty', 'High School', 'Permanent', '2025-03-22 11:54:50', '2025-03-22 11:54:50'),
(6, '01598', 'Isaac', 'Tan', 'Eras', 'Male', 'Asst. Prof. I', 'Faculty', 'High School', 'Permanent', '2025-03-22 11:55:25', '2025-03-22 11:55:25'),
(7, '01599', 'Margaret', 'Alonzo', 'Ferrer', 'Female', 'Instructor III', 'Faculty', 'High School', 'Permanent', '2025-03-22 11:56:08', '2025-03-22 11:56:08'),
(8, '01600', 'Jullina', 'Emeri', 'Galvez', 'Female', 'Instructor I', 'Faculty', 'High School', 'Temporary', '2025-03-22 11:56:34', '2025-03-22 11:56:34'),
(9, '01601', 'Ara', 'Grant', 'Herra', 'Female', 'Instructor I', 'Faculty', 'Elementary', 'Temporary', '2025-03-22 11:57:01', '2025-03-22 11:57:01'),
(10, '01602', 'Brian', 'Fara', 'Ilao', 'Male', 'Instructor I', 'Faculty', 'Elementary', 'Temporary', '2025-03-22 11:57:23', '2025-03-22 11:57:23'),
(11, '01603', 'Cynthia', 'Eroll', 'Jaro', 'Female', 'Instructor III', 'Faculty', 'Elementary', 'Permanent', '2025-03-22 11:58:02', '2025-03-22 11:58:02'),
(12, '01604', 'David', 'Driz', 'Lira', 'Male', 'Instructor I', 'Faculty', 'Elementary', 'Temporary', '2025-03-22 11:58:28', '2025-03-22 11:58:28'),
(13, '01605', 'Ezra', 'Cruz', 'Mendez', 'Female', 'Instructor I', 'Faculty', 'Elementary', 'Permanent', '2025-03-22 11:58:57', '2025-03-22 11:58:57'),
(14, '01606', 'Faith', 'Blas', 'Perez', 'Female', 'Instructor II', 'Faculty', 'Elementary', 'Permanent', '2025-03-22 11:59:26', '2025-03-22 11:59:26'),
(15, '01607', 'Grace', 'Arias', 'Quinia', 'Female', 'Instructor III', 'Faculty', 'Elementary', 'Permanent', '2025-03-22 12:00:00', '2025-03-22 12:00:00'),
(16, '01111', 'Alejandro', 'Roa', 'Velez', 'Male', 'Assoc. Prof. V', 'Principal', 'High School', 'Permanent', '2025-03-22 12:03:02', '2025-03-22 12:03:02'),
(17, '01592', 'Cristine', 'Perez', 'Dacillo', 'Female', 'Asst. Prof. II', 'Chairperson', 'Elementary', 'Permanent', '2025-03-22 12:03:36', '2025-03-22 12:03:36'),
(18, '01593', 'Roy', 'Tee', 'Villa', 'Male', 'Asst. Prof. I', 'Chairperson', 'High School', 'Permanent', '2025-03-22 12:03:59', '2025-03-22 12:03:59');

-- --------------------------------------------------------

--
-- Table structure for table `filter`
--

CREATE TABLE `filter` (
  `id` int(11) NOT NULL,
  `user_id` int(11) NOT NULL,
  `school_year` int(11) NOT NULL,
  `semester` int(11) NOT NULL,
  `quarter` int(11) NOT NULL,
  `dateCreated` datetime NOT NULL DEFAULT current_timestamp(),
  `dateUpdated` datetime NOT NULL DEFAULT current_timestamp()
) ENGINE=InnoDB DEFAULT CHARSET=utf8mb4 COLLATE=utf8mb4_general_ci;

--
-- Dumping data for table `filter`
--

INSERT INTO `filter` (`id`, `user_id`, `school_year`, `semester`, `quarter`, `dateCreated`, `dateUpdated`) VALUES
(1, 42, 2, 1, 2, '2025-03-22 15:22:31', '2025-03-22 15:22:31');

-- --------------------------------------------------------

--
-- Table structure for table `grading_system`
--

CREATE TABLE `grading_system` (
  `id` int(11) NOT NULL,
  `written` int(50) NOT NULL,
  `performance` int(50) NOT NULL,
  `assessment` bigint(50) NOT NULL,
  `subjectArea` varchar(50) NOT NULL,
  `level` varchar(100) NOT NULL,
  `dateCreated` datetime NOT NULL DEFAULT current_timestamp(),
  `dateUpdated` datetime NOT NULL DEFAULT current_timestamp() ON UPDATE current_timestamp()
) ENGINE=InnoDB DEFAULT CHARSET=utf8mb4 COLLATE=utf8mb4_general_ci;

--
-- Dumping data for table `grading_system`
--

INSERT INTO `grading_system` (`id`, `written`, `performance`, `assessment`, `subjectArea`, `level`, `dateCreated`, `dateUpdated`) VALUES
(1, 40, 40, 20, 'Science', 'Elementary', '2025-03-22 12:05:40', '2025-03-22 12:05:40'),
(2, 40, 40, 20, 'Math', 'Elementary', '2025-03-22 12:09:05', '2025-03-22 12:09:05'),
(3, 30, 50, 20, 'English', 'Elementary', '2025-03-22 12:09:37', '2025-03-22 12:09:37'),
(4, 30, 50, 20, 'Filipino', 'Elementary', '2025-03-22 12:09:58', '2025-03-22 12:09:58'),
(5, 30, 50, 20, 'AP', 'Elementary', '2025-03-22 12:10:21', '2025-03-22 12:10:21'),
(6, 30, 50, 20, 'ESP', 'Elementary', '2025-03-22 12:10:36', '2025-03-22 12:10:36'),
(7, 20, 60, 20, 'MAPEH', 'Elementary', '2025-03-22 13:45:44', '2025-03-22 13:45:44'),
(8, 20, 60, 20, 'EPP', 'Elementary', '2025-03-22 13:45:59', '2025-03-22 13:45:59'),
(9, 30, 50, 20, 'Filipino', 'High School', '2025-03-22 13:46:34', '2025-03-22 13:46:34'),
(10, 30, 50, 20, 'English', 'High School', '2025-03-22 13:46:53', '2025-03-22 13:46:53'),
(11, 30, 50, 20, 'AP', 'High School', '2025-03-22 13:47:11', '2025-03-22 13:47:11'),
(12, 30, 50, 20, 'AP', 'High School', '2025-03-22 13:47:27', '2025-03-22 13:47:27'),
(13, 30, 50, 20, 'ESP', 'High School', '2025-03-22 13:47:44', '2025-03-22 13:47:44'),
(14, 40, 40, 20, 'Science', 'High School', '2025-03-22 13:47:55', '2025-03-22 13:47:55'),
(15, 40, 40, 20, 'Math', 'High School', '2025-03-22 13:48:09', '2025-03-22 13:48:09'),
(16, 20, 60, 20, 'MAPEH', 'High School', '2025-03-22 13:48:26', '2025-03-22 13:48:26'),
(17, 20, 60, 20, 'TLE', 'High School', '2025-03-22 13:48:40', '2025-03-22 13:48:40');

-- --------------------------------------------------------

--
-- Table structure for table `loads`
--

CREATE TABLE `loads` (
  `id` int(11) NOT NULL,
  `subject_id` int(11) NOT NULL,
  `mapeh_name` varchar(50) NOT NULL,
  `class_id` int(11) NOT NULL,
  `faculty_id` int(11) NOT NULL,
  `school_year_id` int(11) NOT NULL,
  `semester` int(11) NOT NULL,
  `hours_per_week` varchar(50) NOT NULL,
  `dateCreated` datetime NOT NULL DEFAULT current_timestamp(),
  `dateUpdated` datetime NOT NULL DEFAULT current_timestamp() ON UPDATE current_timestamp()
) ENGINE=InnoDB DEFAULT CHARSET=utf8mb4 COLLATE=utf8mb4_general_ci;

--
-- Dumping data for table `loads`
--

INSERT INTO `loads` (`id`, `subject_id`, `mapeh_name`, `class_id`, `faculty_id`, `school_year_id`, `semester`, `hours_per_week`, `dateCreated`, `dateUpdated`) VALUES
(1, 3, '', 1, 18, 1, 0, '5', '2025-03-22 14:13:37', '2026-02-16 08:10:03'),
(2, 3, '', 2, 18, 1, 0, '5', '2025-03-22 14:14:52', '2025-03-22 14:14:52'),
(3, 3, '', 2, 18, 1, 0, '5', '2025-03-22 14:15:35', '2025-03-22 14:15:35'),
(4, 6, '', 1, 1, 1, 0, '3', '2025-03-22 14:17:06', '2025-03-22 14:17:06'),
(5, 3, '', 1, 18, 1, 0, '5', '2025-03-22 14:17:45', '2025-03-22 14:17:45'),
(6, 5, '', 1, 18, 1, 0, '3', '2025-03-22 14:18:19', '2025-03-22 14:18:19'),
(7, 1, '', 1, 3, 1, 0, '3', '2025-03-22 14:19:48', '2025-03-22 14:19:48'),
(9, 4, '', 1, 5, 1, 0, '3', '2025-03-22 14:21:19', '2025-03-22 14:21:19'),
(10, 5, '', 1, 6, 1, 0, '3', '2025-03-22 14:21:40', '2025-03-22 14:21:40'),
(11, 7, '', 1, 6, 1, 0, '3', '2025-03-22 14:21:51', '2025-03-22 14:21:51'),
(12, 8, '', 1, 7, 1, 0, '3', '2025-03-22 14:22:18', '2025-03-22 14:22:18'),
(13, 9, '', 1, 7, 1, 0, '3', '2025-03-22 14:22:36', '2025-03-22 14:22:36'),
(14, 10, 'Music 7', 1, 7, 1, 0, '4', '2025-03-22 14:22:51', '2025-03-22 14:22:51'),
(15, 10, 'Arts 7', 1, 7, 1, 0, '4', '2025-03-22 14:22:51', '2025-03-22 14:22:51'),
(16, 10, 'Physical Education 7', 1, 7, 1, 0, '4', '2025-03-22 14:22:51', '2025-03-22 14:22:51'),
(17, 10, 'Health 7', 1, 7, 1, 0, '4', '2025-03-22 14:22:51', '2025-03-22 14:22:51'),
(18, 1, '', 1, 18, 1, 0, '3', '2025-10-03 14:11:30', '2025-10-03 14:11:45'),
(20, 10, 'Music 7', 1, 1, 1, 0, '4', '2026-02-11 13:36:09', '2026-02-11 13:36:09'),
(21, 10, 'Arts 7', 1, 1, 1, 0, '4', '2026-02-11 13:36:09', '2026-02-11 13:36:09'),
(22, 10, 'Physical Education 7', 1, 1, 1, 0, '4', '2026-02-11 13:36:09', '2026-02-11 13:36:09'),
(23, 10, 'Health 7', 1, 1, 1, 0, '4', '2026-02-11 13:36:09', '2026-02-11 13:36:09'),
(24, 3, '', 3, 1, 1, 0, '5', '2026-02-12 16:55:53', '2026-02-12 16:55:53');

-- --------------------------------------------------------

--
-- Table structure for table `months`
--

CREATE TABLE `months` (
  `id` int(11) NOT NULL,
  `monthName` varchar(100) NOT NULL,
  `daysInMonth` varchar(50) NOT NULL,
  `school_year_id` int(11) NOT NULL,
  `dateCreated` datetime NOT NULL DEFAULT current_timestamp(),
  `dateUpdated` datetime NOT NULL DEFAULT current_timestamp() ON UPDATE current_timestamp()
) ENGINE=InnoDB DEFAULT CHARSET=utf8mb4 COLLATE=utf8mb4_general_ci;

--
-- Dumping data for table `months`
--

INSERT INTO `months` (`id`, `monthName`, `daysInMonth`, `school_year_id`, `dateCreated`, `dateUpdated`) VALUES
(1, 'August', '5', 1, '2025-03-22 13:58:13', '2025-03-22 14:09:41'),
(2, 'September', '21', 1, '2025-03-22 13:58:13', '2025-03-22 14:09:41'),
(3, 'October', '23', 1, '2025-03-22 13:58:13', '2025-03-22 14:09:41'),
(4, 'November', '21', 1, '2025-03-22 13:58:13', '2025-03-22 14:09:41'),
(5, 'December', '15', 1, '2025-03-22 13:58:13', '2025-03-22 14:09:41'),
(6, 'January', '15', 1, '2025-03-22 13:58:13', '2025-03-22 14:09:41'),
(7, 'February', '20', 1, '2025-03-22 13:58:13', '2025-03-22 14:09:41'),
(8, 'March', '21', 1, '2025-03-22 13:58:13', '2025-03-22 14:09:41'),
(9, 'April', '22', 1, '2025-03-22 13:58:13', '2025-03-22 14:09:41'),
(10, 'June', '11', 2, '2026-02-16 11:02:31', '2026-02-16 11:10:09'),
(11, 'July', '23', 2, '2026-02-16 11:02:31', '2026-02-16 11:10:09'),
(12, 'August', '20', 2, '2026-02-16 11:02:31', '2026-02-16 11:10:09'),
(13, 'September', '22', 2, '2026-02-16 11:02:31', '2026-02-16 11:10:09'),
(14, 'October', '23', 2, '2026-02-16 11:02:31', '2026-02-16 11:10:09'),
(15, 'November', '21', 2, '2026-02-16 11:02:31', '2026-02-16 11:10:09'),
(16, 'December', '14', 2, '2026-02-16 11:02:31', '2026-02-16 11:10:09'),
(17, 'January', '21', 2, '2026-02-16 11:02:31', '2026-02-16 11:10:09'),
(18, 'February', '19', 2, '2026-02-16 11:02:31', '2026-02-16 11:10:09'),
(19, 'March', '23', 2, '2026-02-16 11:02:31', '2026-02-16 11:10:09');

-- --------------------------------------------------------

--
-- Table structure for table `observe_values_k`
--

CREATE TABLE `observe_values_k` (
  `id` int(11) NOT NULL,
  `value` int(11) NOT NULL,
  `quarter_1` varchar(50) NOT NULL,
  `quarter_2` varchar(50) NOT NULL,
  `quarter_3` varchar(50) NOT NULL,
  `quarter_4` varchar(50) NOT NULL,
  `student_id` int(11) NOT NULL,
  `class_id` int(11) NOT NULL,
  `school_year_id` int(11) NOT NULL,
  `dateCreated` datetime NOT NULL DEFAULT current_timestamp(),
  `dateUpdated` datetime NOT NULL DEFAULT current_timestamp() ON UPDATE current_timestamp()
) ENGINE=InnoDB DEFAULT CHARSET=utf8mb4 COLLATE=utf8mb4_general_ci;

-- --------------------------------------------------------

--
-- Table structure for table `observe_values_sh`
--

CREATE TABLE `observe_values_sh` (
  `id` int(11) NOT NULL,
  `core_value` int(11) NOT NULL,
  `behavior_statement` int(11) NOT NULL,
  `quarter_1` varchar(50) NOT NULL,
  `quarter_2` varchar(50) NOT NULL,
  `quarter_3` varchar(50) NOT NULL,
  `quarter_4` varchar(50) NOT NULL,
  `student_id` int(11) NOT NULL,
  `class_id` int(11) NOT NULL,
  `school_year_id` int(11) NOT NULL,
  `dateCreated` datetime NOT NULL DEFAULT current_timestamp(),
  `dateUpdated` datetime NOT NULL DEFAULT current_timestamp() ON UPDATE current_timestamp()
) ENGINE=InnoDB DEFAULT CHARSET=utf8mb4 COLLATE=utf8mb4_general_ci;

--
-- Dumping data for table `observe_values_sh`
--

INSERT INTO `observe_values_sh` (`id`, `core_value`, `behavior_statement`, `quarter_1`, `quarter_2`, `quarter_3`, `quarter_4`, `student_id`, `class_id`, `school_year_id`, `dateCreated`, `dateUpdated`) VALUES
(1, 1, 1, 'AO', 'AO', 'AO', 'AO', 57, 1, 1, '2025-03-22 15:15:21', '2025-03-22 15:15:21'),
(2, 1, 2, 'AO', 'AO', 'AO', 'AO', 57, 1, 1, '2025-03-22 15:15:21', '2025-03-22 15:15:21'),
(3, 2, 3, 'AO', 'AO', 'AO', 'AO', 57, 1, 1, '2025-03-22 15:15:21', '2025-03-22 15:15:21'),
(4, 2, 4, 'AO', 'AO', 'AO', 'AO', 57, 1, 1, '2025-03-22 15:15:21', '2025-03-22 15:15:21'),
(5, 3, 5, 'AO', 'AO', 'AO', 'AO', 57, 1, 1, '2025-03-22 15:15:21', '2025-03-22 15:15:21'),
(6, 4, 6, 'AO', 'AO', 'AO', 'AO', 57, 1, 1, '2025-03-22 15:15:21', '2025-03-22 15:15:21'),
(7, 4, 7, 'AO', 'AO', 'AO', 'AO', 57, 1, 1, '2025-03-22 15:15:21', '2025-03-22 15:15:21'),
(8, 1, 1, 'AO', 'AO', 'AO', 'AO', 56, 1, 1, '2025-03-22 15:15:21', '2025-03-22 15:15:21'),
(9, 1, 2, 'AO', 'AO', 'AO', 'AO', 56, 1, 1, '2025-03-22 15:15:21', '2025-03-22 15:15:21'),
(10, 2, 3, 'AO', 'AO', 'AO', 'AO', 56, 1, 1, '2025-03-22 15:15:21', '2025-03-22 15:15:21'),
(11, 2, 4, 'AO', 'AO', 'AO', 'AO', 56, 1, 1, '2025-03-22 15:15:21', '2025-03-22 15:15:21'),
(12, 3, 5, 'AO', 'AO', 'AO', 'AO', 56, 1, 1, '2025-03-22 15:15:21', '2025-03-22 15:15:21'),
(13, 4, 6, 'AO', 'AO', 'AO', 'AO', 56, 1, 1, '2025-03-22 15:15:21', '2025-03-22 15:15:21'),
(14, 4, 7, 'AO', 'AO', 'AO', 'AO', 56, 1, 1, '2025-03-22 15:15:21', '2025-03-22 15:15:21'),
(15, 1, 1, 'AO', 'AO', 'AO', 'AO', 55, 1, 1, '2025-03-22 15:15:21', '2025-03-22 15:15:21'),
(16, 1, 2, 'AO', 'AO', 'AO', 'AO', 55, 1, 1, '2025-03-22 15:15:21', '2025-03-22 15:15:21'),
(17, 2, 3, 'AO', 'AO', 'AO', 'AO', 55, 1, 1, '2025-03-22 15:15:21', '2025-03-22 15:15:21'),
(18, 2, 4, 'AO', 'AO', 'AO', 'AO', 55, 1, 1, '2025-03-22 15:15:21', '2025-03-22 15:15:21'),
(19, 3, 5, 'AO', 'AO', 'AO', 'AO', 55, 1, 1, '2025-03-22 15:15:21', '2025-03-22 15:15:21'),
(20, 4, 6, 'AO', 'AO', 'AO', 'AO', 55, 1, 1, '2025-03-22 15:15:21', '2025-03-22 15:15:21'),
(21, 4, 7, 'AO', 'AO', 'AO', 'AO', 55, 1, 1, '2025-03-22 15:15:21', '2025-03-22 15:15:21'),
(22, 1, 1, 'AO', 'AO', 'AO', 'AO', 21, 1, 1, '2025-03-22 15:15:21', '2025-03-22 15:15:21'),
(23, 1, 2, 'AO', 'AO', 'AO', 'AO', 21, 1, 1, '2025-03-22 15:15:21', '2025-03-22 15:15:21'),
(24, 2, 3, 'AO', 'AO', 'AO', 'AO', 21, 1, 1, '2025-03-22 15:15:21', '2025-03-22 15:15:21'),
(25, 2, 4, 'AO', 'AO', 'AO', 'AO', 21, 1, 1, '2025-03-22 15:15:21', '2025-03-22 15:15:21'),
(26, 3, 5, 'AO', 'AO', 'AO', 'AO', 21, 1, 1, '2025-03-22 15:15:21', '2025-03-22 15:15:21'),
(27, 4, 6, 'AO', 'AO', 'AO', 'AO', 21, 1, 1, '2025-03-22 15:15:21', '2025-03-22 15:15:21'),
(28, 4, 7, 'AO', 'AO', 'AO', 'AO', 21, 1, 1, '2025-03-22 15:15:21', '2025-03-22 15:15:21'),
(29, 1, 1, 'SO', 'AO', 'AO', 'AO', 54, 1, 1, '2025-03-22 15:15:21', '2026-02-16 08:35:15'),
(30, 1, 2, 'SO', 'AO', 'AO', 'AO', 54, 1, 1, '2025-03-22 15:15:21', '2026-02-16 08:35:23'),
(31, 2, 3, 'AO', 'AO', 'AO', 'AO', 54, 1, 1, '2025-03-22 15:15:21', '2025-03-22 15:15:21'),
(32, 2, 4, 'AO', 'AO', 'AO', 'AO', 54, 1, 1, '2025-03-22 15:15:21', '2025-03-22 15:15:21'),
(33, 3, 5, 'AO', 'AO', 'AO', 'AO', 54, 1, 1, '2025-03-22 15:15:21', '2025-03-22 15:15:21'),
(34, 4, 6, 'AO', 'AO', 'AO', 'AO', 54, 1, 1, '2025-03-22 15:15:21', '2025-03-22 15:15:21'),
(35, 4, 7, 'SO', 'AO', 'AO', 'AO', 54, 1, 1, '2025-03-22 15:15:21', '2026-02-16 08:35:06'),
(36, 1, 1, 'AO', 'AO', 'AO', 'AO', 83, 3, 1, '2026-02-13 08:27:39', '2026-02-13 08:27:39'),
(37, 1, 2, 'AO', 'AO', 'AO', 'AO', 83, 3, 1, '2026-02-13 08:27:39', '2026-02-13 08:27:39'),
(38, 2, 3, 'AO', 'AO', 'AO', 'AO', 83, 3, 1, '2026-02-13 08:27:39', '2026-02-13 08:27:39'),
(39, 2, 4, 'AO', 'AO', 'AO', 'AO', 83, 3, 1, '2026-02-13 08:27:39', '2026-02-13 08:27:39'),
(40, 3, 5, 'AO', 'AO', 'AO', 'AO', 83, 3, 1, '2026-02-13 08:27:39', '2026-02-13 08:27:39'),
(41, 4, 6, 'AO', 'AO', 'AO', 'AO', 83, 3, 1, '2026-02-13 08:27:39', '2026-02-13 08:27:39'),
(42, 4, 7, 'AO', 'AO', 'AO', 'AO', 83, 3, 1, '2026-02-13 08:27:39', '2026-02-13 08:27:39'),
(43, 1, 1, 'AO', 'AO', 'AO', 'AO', 81, 3, 1, '2026-02-13 08:27:39', '2026-02-13 08:27:39'),
(44, 1, 2, 'AO', 'AO', 'AO', 'AO', 81, 3, 1, '2026-02-13 08:27:39', '2026-02-13 08:27:39'),
(45, 2, 3, 'AO', 'AO', 'AO', 'AO', 81, 3, 1, '2026-02-13 08:27:39', '2026-02-13 08:27:39'),
(46, 2, 4, 'AO', 'AO', 'AO', 'AO', 81, 3, 1, '2026-02-13 08:27:39', '2026-02-13 08:27:39'),
(47, 3, 5, 'AO', 'AO', 'AO', 'AO', 81, 3, 1, '2026-02-13 08:27:39', '2026-02-13 08:27:39'),
(48, 4, 6, 'AO', 'AO', 'AO', 'AO', 81, 3, 1, '2026-02-13 08:27:39', '2026-02-13 08:27:39'),
(49, 4, 7, 'AO', 'AO', 'AO', 'AO', 81, 3, 1, '2026-02-13 08:27:39', '2026-02-13 08:27:39'),
(50, 1, 1, 'AO', 'AO', 'AO', 'AO', 82, 3, 1, '2026-02-13 08:27:39', '2026-02-13 08:27:39'),
(51, 1, 2, 'AO', 'AO', 'AO', 'AO', 82, 3, 1, '2026-02-13 08:27:39', '2026-02-13 08:27:39'),
(52, 2, 3, 'AO', 'AO', 'AO', 'AO', 82, 3, 1, '2026-02-13 08:27:39', '2026-02-13 08:27:39'),
(53, 2, 4, 'AO', 'AO', 'AO', 'AO', 82, 3, 1, '2026-02-13 08:27:39', '2026-02-13 08:27:39'),
(54, 3, 5, 'AO', 'AO', 'AO', 'AO', 82, 3, 1, '2026-02-13 08:27:39', '2026-02-13 08:27:39'),
(55, 4, 6, 'AO', 'AO', 'AO', 'AO', 82, 3, 1, '2026-02-13 08:27:39', '2026-02-13 08:27:39'),
(56, 4, 7, 'AO', 'AO', 'AO', 'AO', 82, 3, 1, '2026-02-13 08:27:39', '2026-02-13 08:27:39'),
(57, 1, 1, 'AO', 'AO', 'AO', 'AO', 87, 3, 1, '2026-02-13 08:27:39', '2026-02-13 08:27:39'),
(58, 1, 2, 'AO', 'AO', 'AO', 'AO', 87, 3, 1, '2026-02-13 08:27:39', '2026-02-13 08:27:39'),
(59, 2, 3, 'AO', 'AO', 'AO', 'AO', 87, 3, 1, '2026-02-13 08:27:39', '2026-02-13 08:27:39'),
(60, 2, 4, 'AO', 'AO', 'AO', 'AO', 87, 3, 1, '2026-02-13 08:27:39', '2026-02-13 08:27:39'),
(61, 3, 5, 'AO', 'AO', 'AO', 'AO', 87, 3, 1, '2026-02-13 08:27:39', '2026-02-13 08:27:39'),
(62, 4, 6, 'AO', 'AO', 'AO', 'AO', 87, 3, 1, '2026-02-13 08:27:39', '2026-02-13 08:27:39'),
(63, 4, 7, 'AO', 'AO', 'AO', 'AO', 87, 3, 1, '2026-02-13 08:27:39', '2026-02-13 08:27:39'),
(64, 1, 1, 'AO', 'AO', 'AO', 'AO', 79, 3, 1, '2026-02-13 08:27:39', '2026-02-13 08:27:39'),
(65, 1, 2, 'AO', 'AO', 'AO', 'AO', 79, 3, 1, '2026-02-13 08:27:39', '2026-02-13 08:27:39'),
(66, 2, 3, 'AO', 'AO', 'AO', 'AO', 79, 3, 1, '2026-02-13 08:27:39', '2026-02-13 08:27:39'),
(67, 2, 4, 'AO', 'AO', 'AO', 'AO', 79, 3, 1, '2026-02-13 08:27:39', '2026-02-13 08:27:39'),
(68, 3, 5, 'AO', 'AO', 'AO', 'AO', 79, 3, 1, '2026-02-13 08:27:39', '2026-02-13 08:27:39'),
(69, 4, 6, 'AO', 'AO', 'AO', 'AO', 79, 3, 1, '2026-02-13 08:27:39', '2026-02-13 08:27:39'),
(70, 4, 7, 'AO', 'AO', 'AO', 'AO', 79, 3, 1, '2026-02-13 08:27:39', '2026-02-13 08:27:39'),
(71, 1, 1, 'AO', 'AO', 'AO', 'AO', 84, 3, 1, '2026-02-13 08:27:39', '2026-02-13 08:27:39'),
(72, 1, 2, 'AO', 'AO', 'AO', 'AO', 84, 3, 1, '2026-02-13 08:27:39', '2026-02-13 08:27:39'),
(73, 2, 3, 'AO', 'AO', 'AO', 'AO', 84, 3, 1, '2026-02-13 08:27:39', '2026-02-13 08:27:39'),
(74, 2, 4, 'AO', 'AO', 'AO', 'AO', 84, 3, 1, '2026-02-13 08:27:39', '2026-02-13 08:27:39'),
(75, 3, 5, 'AO', 'AO', 'AO', 'AO', 84, 3, 1, '2026-02-13 08:27:39', '2026-02-13 08:27:39'),
(76, 4, 6, 'AO', 'AO', 'AO', 'AO', 84, 3, 1, '2026-02-13 08:27:39', '2026-02-13 08:27:39'),
(77, 4, 7, 'AO', 'AO', 'AO', 'AO', 84, 3, 1, '2026-02-13 08:27:39', '2026-02-13 08:27:39'),
(78, 1, 1, 'AO', 'AO', 'AO', 'AO', 86, 3, 1, '2026-02-13 08:27:39', '2026-02-13 08:27:39'),
(79, 1, 2, 'AO', 'AO', 'AO', 'AO', 86, 3, 1, '2026-02-13 08:27:39', '2026-02-13 08:27:39'),
(80, 2, 3, 'AO', 'AO', 'AO', 'AO', 86, 3, 1, '2026-02-13 08:27:39', '2026-02-13 08:27:39'),
(81, 2, 4, 'AO', 'AO', 'AO', 'AO', 86, 3, 1, '2026-02-13 08:27:39', '2026-02-13 08:27:39'),
(82, 3, 5, 'AO', 'AO', 'AO', 'AO', 86, 3, 1, '2026-02-13 08:27:39', '2026-02-13 08:27:39'),
(83, 4, 6, 'AO', 'AO', 'AO', 'AO', 86, 3, 1, '2026-02-13 08:27:39', '2026-02-13 08:27:39'),
(84, 4, 7, 'AO', 'AO', 'AO', 'AO', 86, 3, 1, '2026-02-13 08:27:39', '2026-02-13 08:27:39'),
(85, 1, 1, 'AO', 'AO', 'AO', 'AO', 85, 3, 1, '2026-02-13 08:27:39', '2026-02-13 08:27:39'),
(86, 1, 2, 'AO', 'AO', 'AO', 'AO', 85, 3, 1, '2026-02-13 08:27:39', '2026-02-13 08:27:39'),
(87, 2, 3, 'AO', 'AO', 'AO', 'AO', 85, 3, 1, '2026-02-13 08:27:39', '2026-02-13 08:27:39'),
(88, 2, 4, 'AO', 'AO', 'AO', 'AO', 85, 3, 1, '2026-02-13 08:27:39', '2026-02-13 08:27:39'),
(89, 3, 5, 'AO', 'AO', 'AO', 'AO', 85, 3, 1, '2026-02-13 08:27:39', '2026-02-13 08:27:39'),
(90, 4, 6, 'AO', 'AO', 'AO', 'AO', 85, 3, 1, '2026-02-13 08:27:39', '2026-02-13 08:27:39'),
(91, 4, 7, 'AO', 'AO', 'AO', 'AO', 85, 3, 1, '2026-02-13 08:27:39', '2026-02-13 08:27:39'),
(92, 1, 1, 'AO', 'AO', 'AO', 'AO', 80, 3, 1, '2026-02-13 08:27:39', '2026-02-13 08:27:39'),
(93, 1, 2, 'AO', 'AO', 'AO', 'AO', 80, 3, 1, '2026-02-13 08:27:39', '2026-02-13 08:27:39'),
(94, 2, 3, 'AO', 'AO', 'AO', 'AO', 80, 3, 1, '2026-02-13 08:27:39', '2026-02-13 08:27:39'),
(95, 2, 4, 'AO', 'AO', 'AO', 'AO', 80, 3, 1, '2026-02-13 08:27:39', '2026-02-13 08:27:39'),
(96, 3, 5, 'AO', 'AO', 'AO', 'AO', 80, 3, 1, '2026-02-13 08:27:39', '2026-02-13 08:27:39'),
(97, 4, 6, 'AO', 'AO', 'AO', 'AO', 80, 3, 1, '2026-02-13 08:27:39', '2026-02-13 08:27:39'),
(98, 4, 7, 'AO', 'AO', 'AO', 'AO', 80, 3, 1, '2026-02-13 08:27:39', '2026-02-13 08:27:39'),
(99, 1, 1, 'AO', 'AO', 'AO', 'AO', 78, 1, 1, '2026-02-13 08:38:49', '2026-02-13 08:38:49'),
(100, 1, 2, 'AO', 'AO', 'AO', 'AO', 78, 1, 1, '2026-02-13 08:38:49', '2026-02-13 08:38:49'),
(101, 2, 3, 'AO', 'AO', 'AO', 'AO', 78, 1, 1, '2026-02-13 08:38:49', '2026-02-13 08:38:49'),
(102, 2, 4, 'AO', 'AO', 'AO', 'AO', 78, 1, 1, '2026-02-13 08:38:49', '2026-02-13 08:38:49'),
(103, 3, 5, 'AO', 'AO', 'AO', 'AO', 78, 1, 1, '2026-02-13 08:38:49', '2026-02-13 08:38:49'),
(104, 4, 6, 'AO', 'AO', 'AO', 'AO', 78, 1, 1, '2026-02-13 08:38:49', '2026-02-13 08:38:49'),
(105, 4, 7, 'AO', 'AO', 'AO', 'AO', 78, 1, 1, '2026-02-13 08:38:49', '2026-02-13 08:38:49'),
(106, 1, 1, 'AO', 'AO', 'AO', 'AO', 68, 1, 1, '2026-02-13 08:38:49', '2026-02-13 08:38:49'),
(107, 1, 2, 'AO', 'AO', 'AO', 'AO', 68, 1, 1, '2026-02-13 08:38:49', '2026-02-13 08:38:49'),
(108, 2, 3, 'AO', 'AO', 'AO', 'AO', 68, 1, 1, '2026-02-13 08:38:49', '2026-02-13 08:38:49'),
(109, 2, 4, 'AO', 'AO', 'AO', 'AO', 68, 1, 1, '2026-02-13 08:38:49', '2026-02-13 08:38:49'),
(110, 3, 5, 'AO', 'AO', 'AO', 'AO', 68, 1, 1, '2026-02-13 08:38:49', '2026-02-13 08:38:49'),
(111, 4, 6, 'AO', 'AO', 'AO', 'AO', 68, 1, 1, '2026-02-13 08:38:49', '2026-02-13 08:38:49'),
(112, 4, 7, 'AO', 'AO', 'AO', 'AO', 68, 1, 1, '2026-02-13 08:38:49', '2026-02-13 08:38:49'),
(113, 1, 1, 'AO', 'AO', 'AO', 'AO', 61, 1, 1, '2026-02-13 08:38:49', '2026-02-13 08:38:49'),
(114, 1, 2, 'AO', 'AO', 'AO', 'AO', 61, 1, 1, '2026-02-13 08:38:49', '2026-02-13 08:38:49'),
(115, 2, 3, 'AO', 'AO', 'AO', 'AO', 61, 1, 1, '2026-02-13 08:38:49', '2026-02-13 08:38:49'),
(116, 2, 4, 'AO', 'AO', 'AO', 'AO', 61, 1, 1, '2026-02-13 08:38:49', '2026-02-13 08:38:49'),
(117, 3, 5, 'AO', 'AO', 'AO', 'AO', 61, 1, 1, '2026-02-13 08:38:49', '2026-02-13 08:38:49'),
(118, 4, 6, 'AO', 'AO', 'AO', 'AO', 61, 1, 1, '2026-02-13 08:38:49', '2026-02-13 08:38:49'),
(119, 4, 7, 'AO', 'AO', 'AO', 'AO', 61, 1, 1, '2026-02-13 08:38:49', '2026-02-13 08:38:49'),
(120, 1, 1, 'AO', 'AO', 'AO', 'AO', 71, 1, 1, '2026-02-13 08:38:49', '2026-02-13 08:38:49'),
(121, 1, 2, 'AO', 'AO', 'AO', 'AO', 71, 1, 1, '2026-02-13 08:38:49', '2026-02-13 08:38:49'),
(122, 2, 3, 'AO', 'AO', 'AO', 'AO', 71, 1, 1, '2026-02-13 08:38:49', '2026-02-13 08:38:49'),
(123, 2, 4, 'AO', 'AO', 'AO', 'AO', 71, 1, 1, '2026-02-13 08:38:49', '2026-02-13 08:38:49'),
(124, 3, 5, 'AO', 'AO', 'AO', 'AO', 71, 1, 1, '2026-02-13 08:38:49', '2026-02-13 08:38:49'),
(125, 4, 6, 'AO', 'AO', 'AO', 'AO', 71, 1, 1, '2026-02-13 08:38:49', '2026-02-13 08:38:49'),
(126, 4, 7, 'AO', 'AO', 'AO', 'AO', 71, 1, 1, '2026-02-13 08:38:49', '2026-02-13 08:38:49'),
(127, 1, 1, 'AO', 'AO', 'AO', 'AO', 66, 1, 1, '2026-02-13 08:38:49', '2026-02-13 08:38:49'),
(128, 1, 2, 'AO', 'AO', 'AO', 'AO', 66, 1, 1, '2026-02-13 08:38:49', '2026-02-13 08:38:49'),
(129, 2, 3, 'AO', 'AO', 'AO', 'AO', 66, 1, 1, '2026-02-13 08:38:49', '2026-02-13 08:38:49'),
(130, 2, 4, 'AO', 'AO', 'AO', 'AO', 66, 1, 1, '2026-02-13 08:38:49', '2026-02-13 08:38:49'),
(131, 3, 5, 'AO', 'AO', 'AO', 'AO', 66, 1, 1, '2026-02-13 08:38:49', '2026-02-13 08:38:49'),
(132, 4, 6, 'AO', 'AO', 'AO', 'AO', 66, 1, 1, '2026-02-13 08:38:49', '2026-02-13 08:38:49'),
(133, 4, 7, 'AO', 'AO', 'AO', 'AO', 66, 1, 1, '2026-02-13 08:38:49', '2026-02-13 08:38:49'),
(134, 1, 1, 'AO', 'AO', 'AO', 'AO', 76, 1, 1, '2026-02-13 08:38:49', '2026-02-13 08:38:49'),
(135, 1, 2, 'AO', 'AO', 'AO', 'AO', 76, 1, 1, '2026-02-13 08:38:49', '2026-02-13 08:38:49'),
(136, 2, 3, 'AO', 'AO', 'AO', 'AO', 76, 1, 1, '2026-02-13 08:38:49', '2026-02-13 08:38:49'),
(137, 2, 4, 'AO', 'AO', 'AO', 'AO', 76, 1, 1, '2026-02-13 08:38:49', '2026-02-13 08:38:49'),
(138, 3, 5, 'AO', 'AO', 'AO', 'AO', 76, 1, 1, '2026-02-13 08:38:49', '2026-02-13 08:38:49'),
(139, 4, 6, 'AO', 'AO', 'AO', 'AO', 76, 1, 1, '2026-02-13 08:38:49', '2026-02-13 08:38:49'),
(140, 4, 7, 'AO', 'AO', 'AO', 'AO', 76, 1, 1, '2026-02-13 08:38:49', '2026-02-13 08:38:49'),
(141, 1, 1, 'AO', 'AO', 'AO', 'AO', 62, 1, 1, '2026-02-13 08:38:49', '2026-02-13 08:38:49'),
(142, 1, 2, 'AO', 'AO', 'AO', 'AO', 62, 1, 1, '2026-02-13 08:38:49', '2026-02-13 08:38:49'),
(143, 2, 3, 'AO', 'AO', 'AO', 'AO', 62, 1, 1, '2026-02-13 08:38:49', '2026-02-13 08:38:49'),
(144, 2, 4, 'AO', 'AO', 'AO', 'AO', 62, 1, 1, '2026-02-13 08:38:49', '2026-02-13 08:38:49'),
(145, 3, 5, 'AO', 'AO', 'AO', 'AO', 62, 1, 1, '2026-02-13 08:38:49', '2026-02-13 08:38:49'),
(146, 4, 6, 'AO', 'AO', 'AO', 'AO', 62, 1, 1, '2026-02-13 08:38:49', '2026-02-13 08:38:49'),
(147, 4, 7, 'AO', 'AO', 'AO', 'AO', 62, 1, 1, '2026-02-13 08:38:49', '2026-02-13 08:38:49'),
(148, 1, 1, 'AO', 'AO', 'AO', 'AO', 72, 1, 1, '2026-02-13 08:38:49', '2026-02-13 08:38:49'),
(149, 1, 2, 'AO', 'AO', 'AO', 'AO', 72, 1, 1, '2026-02-13 08:38:49', '2026-02-13 08:38:49'),
(150, 2, 3, 'AO', 'AO', 'AO', 'AO', 72, 1, 1, '2026-02-13 08:38:49', '2026-02-13 08:38:49'),
(151, 2, 4, 'AO', 'AO', 'AO', 'AO', 72, 1, 1, '2026-02-13 08:38:49', '2026-02-13 08:38:49'),
(152, 3, 5, 'AO', 'AO', 'AO', 'AO', 72, 1, 1, '2026-02-13 08:38:49', '2026-02-13 08:38:49'),
(153, 4, 6, 'AO', 'AO', 'AO', 'AO', 72, 1, 1, '2026-02-13 08:38:49', '2026-02-13 08:38:49'),
(154, 4, 7, 'AO', 'AO', 'AO', 'AO', 72, 1, 1, '2026-02-13 08:38:49', '2026-02-13 08:38:49'),
(155, 1, 1, 'AO', 'AO', 'AO', 'AO', 67, 1, 1, '2026-02-13 08:38:49', '2026-02-13 08:38:49'),
(156, 1, 2, 'AO', 'AO', 'AO', 'AO', 67, 1, 1, '2026-02-13 08:38:49', '2026-02-13 08:38:49'),
(157, 2, 3, 'AO', 'AO', 'AO', 'AO', 67, 1, 1, '2026-02-13 08:38:49', '2026-02-13 08:38:49'),
(158, 2, 4, 'AO', 'AO', 'AO', 'AO', 67, 1, 1, '2026-02-13 08:38:49', '2026-02-13 08:38:49'),
(159, 3, 5, 'AO', 'AO', 'AO', 'AO', 67, 1, 1, '2026-02-13 08:38:49', '2026-02-13 08:38:49'),
(160, 4, 6, 'AO', 'AO', 'AO', 'AO', 67, 1, 1, '2026-02-13 08:38:49', '2026-02-13 08:38:49'),
(161, 4, 7, 'AO', 'AO', 'AO', 'AO', 67, 1, 1, '2026-02-13 08:38:49', '2026-02-13 08:38:49'),
(162, 1, 1, 'AO', 'AO', 'AO', 'AO', 77, 1, 1, '2026-02-13 08:38:49', '2026-02-13 08:38:49'),
(163, 1, 2, 'AO', 'AO', 'AO', 'AO', 77, 1, 1, '2026-02-13 08:38:49', '2026-02-13 08:38:49'),
(164, 2, 3, 'AO', 'AO', 'AO', 'AO', 77, 1, 1, '2026-02-13 08:38:49', '2026-02-13 08:38:49'),
(165, 2, 4, 'AO', 'AO', 'AO', 'AO', 77, 1, 1, '2026-02-13 08:38:49', '2026-02-13 08:38:49'),
(166, 3, 5, 'AO', 'AO', 'AO', 'AO', 77, 1, 1, '2026-02-13 08:38:49', '2026-02-13 08:38:49'),
(167, 4, 6, 'AO', 'AO', 'AO', 'AO', 77, 1, 1, '2026-02-13 08:38:49', '2026-02-13 08:38:49'),
(168, 4, 7, 'AO', 'AO', 'AO', 'AO', 77, 1, 1, '2026-02-13 08:38:49', '2026-02-13 08:38:49'),
(169, 1, 1, 'AO', 'AO', 'AO', 'AO', 64, 1, 1, '2026-02-13 08:38:49', '2026-02-13 08:38:49'),
(170, 1, 2, 'AO', 'AO', 'AO', 'AO', 64, 1, 1, '2026-02-13 08:38:49', '2026-02-13 08:38:49'),
(171, 2, 3, 'AO', 'AO', 'AO', 'AO', 64, 1, 1, '2026-02-13 08:38:49', '2026-02-13 08:38:49'),
(172, 2, 4, 'AO', 'AO', 'AO', 'AO', 64, 1, 1, '2026-02-13 08:38:49', '2026-02-13 08:38:49'),
(173, 3, 5, 'AO', 'AO', 'AO', 'AO', 64, 1, 1, '2026-02-13 08:38:49', '2026-02-13 08:38:49'),
(174, 4, 6, 'AO', 'AO', 'AO', 'AO', 64, 1, 1, '2026-02-13 08:38:49', '2026-02-13 08:38:49'),
(175, 4, 7, 'AO', 'AO', 'AO', 'AO', 64, 1, 1, '2026-02-13 08:38:49', '2026-02-13 08:38:49'),
(176, 1, 1, 'AO', 'AO', 'AO', 'AO', 74, 1, 1, '2026-02-13 08:38:49', '2026-02-13 08:38:49'),
(177, 1, 2, 'AO', 'AO', 'AO', 'AO', 74, 1, 1, '2026-02-13 08:38:49', '2026-02-13 08:38:49'),
(178, 2, 3, 'AO', 'AO', 'AO', 'AO', 74, 1, 1, '2026-02-13 08:38:49', '2026-02-13 08:38:49'),
(179, 2, 4, 'AO', 'AO', 'AO', 'AO', 74, 1, 1, '2026-02-13 08:38:49', '2026-02-13 08:38:49'),
(180, 3, 5, 'AO', 'AO', 'AO', 'AO', 74, 1, 1, '2026-02-13 08:38:49', '2026-02-13 08:38:49'),
(181, 4, 6, 'AO', 'AO', 'AO', 'AO', 74, 1, 1, '2026-02-13 08:38:49', '2026-02-13 08:38:49'),
(182, 4, 7, 'AO', 'AO', 'AO', 'AO', 74, 1, 1, '2026-02-13 08:38:49', '2026-02-13 08:38:49'),
(183, 1, 1, 'AO', 'AO', 'AO', 'AO', 63, 1, 1, '2026-02-13 08:38:49', '2026-02-13 08:38:49'),
(184, 1, 2, 'AO', 'AO', 'AO', 'AO', 63, 1, 1, '2026-02-13 08:38:49', '2026-02-13 08:38:49'),
(185, 2, 3, 'AO', 'AO', 'AO', 'AO', 63, 1, 1, '2026-02-13 08:38:49', '2026-02-13 08:38:49'),
(186, 2, 4, 'AO', 'AO', 'AO', 'AO', 63, 1, 1, '2026-02-13 08:38:49', '2026-02-13 08:38:49'),
(187, 3, 5, 'AO', 'AO', 'AO', 'AO', 63, 1, 1, '2026-02-13 08:38:49', '2026-02-13 08:38:49'),
(188, 4, 6, 'AO', 'AO', 'AO', 'AO', 63, 1, 1, '2026-02-13 08:38:49', '2026-02-13 08:38:49'),
(189, 4, 7, 'AO', 'AO', 'AO', 'AO', 63, 1, 1, '2026-02-13 08:38:49', '2026-02-13 08:38:49'),
(190, 1, 1, 'AO', 'AO', 'AO', 'AO', 73, 1, 1, '2026-02-13 08:38:49', '2026-02-13 08:38:49'),
(191, 1, 2, 'AO', 'AO', 'AO', 'AO', 73, 1, 1, '2026-02-13 08:38:49', '2026-02-13 08:38:49'),
(192, 2, 3, 'AO', 'AO', 'AO', 'AO', 73, 1, 1, '2026-02-13 08:38:49', '2026-02-13 08:38:49'),
(193, 2, 4, 'AO', 'AO', 'AO', 'AO', 73, 1, 1, '2026-02-13 08:38:49', '2026-02-13 08:38:49'),
(194, 3, 5, 'AO', 'AO', 'AO', 'AO', 73, 1, 1, '2026-02-13 08:38:49', '2026-02-13 08:38:49'),
(195, 4, 6, 'AO', 'AO', 'AO', 'AO', 73, 1, 1, '2026-02-13 08:38:49', '2026-02-13 08:38:49'),
(196, 4, 7, 'AO', 'AO', 'AO', 'AO', 73, 1, 1, '2026-02-13 08:38:49', '2026-02-13 08:38:49'),
(197, 1, 1, 'AO', 'AO', 'AO', 'AO', 75, 1, 1, '2026-02-13 08:38:49', '2026-02-13 08:38:49'),
(198, 1, 2, 'AO', 'AO', 'AO', 'AO', 75, 1, 1, '2026-02-13 08:38:49', '2026-02-13 08:38:49'),
(199, 2, 3, 'AO', 'AO', 'AO', 'AO', 75, 1, 1, '2026-02-13 08:38:49', '2026-02-13 08:38:49'),
(200, 2, 4, 'AO', 'AO', 'AO', 'AO', 75, 1, 1, '2026-02-13 08:38:49', '2026-02-13 08:38:49'),
(201, 3, 5, 'AO', 'AO', 'AO', 'AO', 75, 1, 1, '2026-02-13 08:38:49', '2026-02-13 08:38:49'),
(202, 4, 6, 'AO', 'AO', 'AO', 'AO', 75, 1, 1, '2026-02-13 08:38:49', '2026-02-13 08:38:49'),
(203, 4, 7, 'AO', 'AO', 'AO', 'AO', 75, 1, 1, '2026-02-13 08:38:49', '2026-02-13 08:38:49'),
(204, 1, 1, 'AO', 'AO', 'AO', 'AO', 65, 1, 1, '2026-02-13 08:38:49', '2026-02-13 08:38:49'),
(205, 1, 2, 'AO', 'AO', 'AO', 'AO', 65, 1, 1, '2026-02-13 08:38:49', '2026-02-13 08:38:49'),
(206, 2, 3, 'AO', 'AO', 'AO', 'AO', 65, 1, 1, '2026-02-13 08:38:49', '2026-02-13 08:38:49'),
(207, 2, 4, 'AO', 'AO', 'AO', 'AO', 65, 1, 1, '2026-02-13 08:38:49', '2026-02-13 08:38:49'),
(208, 3, 5, 'AO', 'AO', 'AO', 'AO', 65, 1, 1, '2026-02-13 08:38:49', '2026-02-13 08:38:49'),
(209, 4, 6, 'AO', 'AO', 'AO', 'AO', 65, 1, 1, '2026-02-13 08:38:49', '2026-02-13 08:38:49'),
(210, 4, 7, 'AO', 'AO', 'AO', 'AO', 65, 1, 1, '2026-02-13 08:38:49', '2026-02-13 08:38:49'),
(211, 1, 1, 'AO', 'AO', 'AO', 'AO', 70, 1, 1, '2026-02-13 08:38:49', '2026-02-13 08:38:49'),
(212, 1, 2, 'AO', 'AO', 'AO', 'AO', 70, 1, 1, '2026-02-13 08:38:49', '2026-02-13 08:38:49'),
(213, 2, 3, 'AO', 'AO', 'AO', 'AO', 70, 1, 1, '2026-02-13 08:38:49', '2026-02-13 08:38:49'),
(214, 2, 4, 'AO', 'AO', 'AO', 'AO', 70, 1, 1, '2026-02-13 08:38:49', '2026-02-13 08:38:49'),
(215, 3, 5, 'AO', 'AO', 'AO', 'AO', 70, 1, 1, '2026-02-13 08:38:49', '2026-02-13 08:38:49'),
(216, 4, 6, 'AO', 'AO', 'AO', 'AO', 70, 1, 1, '2026-02-13 08:38:49', '2026-02-13 08:38:49'),
(217, 4, 7, 'AO', 'AO', 'AO', 'AO', 70, 1, 1, '2026-02-13 08:38:49', '2026-02-13 08:38:49'),
(218, 1, 1, 'AO', 'AO', 'AO', 'AO', 60, 1, 1, '2026-02-13 08:38:49', '2026-02-13 08:38:49'),
(219, 1, 2, 'AO', 'AO', 'AO', 'AO', 60, 1, 1, '2026-02-13 08:38:49', '2026-02-13 08:38:49'),
(220, 2, 3, 'AO', 'AO', 'AO', 'AO', 60, 1, 1, '2026-02-13 08:38:49', '2026-02-13 08:38:49'),
(221, 2, 4, 'AO', 'AO', 'AO', 'AO', 60, 1, 1, '2026-02-13 08:38:49', '2026-02-13 08:38:49'),
(222, 3, 5, 'AO', 'AO', 'AO', 'AO', 60, 1, 1, '2026-02-13 08:38:49', '2026-02-13 08:38:49'),
(223, 4, 6, 'AO', 'AO', 'AO', 'AO', 60, 1, 1, '2026-02-13 08:38:49', '2026-02-13 08:38:49'),
(224, 4, 7, 'AO', 'AO', 'AO', 'AO', 60, 1, 1, '2026-02-13 08:38:49', '2026-02-13 08:38:49'),
(225, 1, 1, 'AO', 'AO', 'AO', 'AO', 59, 1, 1, '2026-02-13 08:38:49', '2026-02-13 08:38:49'),
(226, 1, 2, 'AO', 'AO', 'AO', 'AO', 59, 1, 1, '2026-02-13 08:38:49', '2026-02-13 08:38:49'),
(227, 2, 3, 'AO', 'AO', 'AO', 'AO', 59, 1, 1, '2026-02-13 08:38:49', '2026-02-13 08:38:49'),
(228, 2, 4, 'AO', 'AO', 'AO', 'AO', 59, 1, 1, '2026-02-13 08:38:49', '2026-02-13 08:38:49'),
(229, 3, 5, 'AO', 'AO', 'AO', 'AO', 59, 1, 1, '2026-02-13 08:38:49', '2026-02-13 08:38:49'),
(230, 4, 6, 'AO', 'AO', 'AO', 'AO', 59, 1, 1, '2026-02-13 08:38:49', '2026-02-13 08:38:49'),
(231, 4, 7, 'AO', 'AO', 'AO', 'AO', 59, 1, 1, '2026-02-13 08:38:49', '2026-02-13 08:38:49'),
(232, 1, 1, 'AO', 'AO', 'AO', 'AO', 69, 1, 1, '2026-02-13 08:38:49', '2026-02-13 08:38:49'),
(233, 1, 2, 'AO', 'AO', 'AO', 'AO', 69, 1, 1, '2026-02-13 08:38:49', '2026-02-13 08:38:49'),
(234, 2, 3, 'AO', 'AO', 'AO', 'AO', 69, 1, 1, '2026-02-13 08:38:49', '2026-02-13 08:38:49'),
(235, 2, 4, 'AO', 'AO', 'AO', 'AO', 69, 1, 1, '2026-02-13 08:38:49', '2026-02-13 08:38:49'),
(236, 3, 5, 'AO', 'AO', 'AO', 'AO', 69, 1, 1, '2026-02-13 08:38:49', '2026-02-13 08:38:49'),
(237, 4, 6, 'AO', 'AO', 'AO', 'AO', 69, 1, 1, '2026-02-13 08:38:49', '2026-02-13 08:38:49'),
(238, 4, 7, 'AO', 'AO', 'AO', 'AO', 69, 1, 1, '2026-02-13 08:38:49', '2026-02-13 08:38:49'),
(239, 1, 1, 'AO', 'AO', 'AO', 'AO', 58, 1, 1, '2026-02-13 08:38:49', '2026-02-13 08:38:49'),
(240, 1, 2, 'AO', 'AO', 'AO', 'AO', 58, 1, 1, '2026-02-13 08:38:49', '2026-02-13 08:38:49'),
(241, 2, 3, 'AO', 'AO', 'AO', 'AO', 58, 1, 1, '2026-02-13 08:38:49', '2026-02-13 08:38:49'),
(242, 2, 4, 'AO', 'AO', 'AO', 'AO', 58, 1, 1, '2026-02-13 08:38:49', '2026-02-13 08:38:49'),
(243, 3, 5, 'AO', 'AO', 'AO', 'AO', 58, 1, 1, '2026-02-13 08:38:49', '2026-02-13 08:38:49'),
(244, 4, 6, 'AO', 'AO', 'AO', 'AO', 58, 1, 1, '2026-02-13 08:38:49', '2026-02-13 08:38:49'),
(245, 4, 7, 'AO', 'AO', 'AO', 'AO', 58, 1, 1, '2026-02-13 08:38:49', '2026-02-13 08:38:49'),
(246, 1, 1, 'AO', 'AO', 'AO', 'AO', 111, 3, 1, '2026-02-13 09:48:52', '2026-02-13 09:48:52'),
(247, 1, 2, 'AO', 'AO', 'AO', 'AO', 111, 3, 1, '2026-02-13 09:48:52', '2026-02-13 09:48:52'),
(248, 2, 3, 'AO', 'AO', 'AO', 'AO', 111, 3, 1, '2026-02-13 09:48:52', '2026-02-13 09:48:52'),
(249, 2, 4, 'AO', 'AO', 'AO', 'AO', 111, 3, 1, '2026-02-13 09:48:52', '2026-02-13 09:48:52'),
(250, 3, 5, 'AO', 'AO', 'AO', 'AO', 111, 3, 1, '2026-02-13 09:48:52', '2026-02-13 09:48:52'),
(251, 4, 6, 'AO', 'AO', 'AO', 'AO', 111, 3, 1, '2026-02-13 09:48:52', '2026-02-13 09:48:52'),
(252, 4, 7, 'AO', 'AO', 'AO', 'AO', 111, 3, 1, '2026-02-13 09:48:52', '2026-02-13 09:48:52'),
(253, 1, 1, 'AO', 'AO', 'AO', 'AO', 96, 3, 1, '2026-02-13 09:48:52', '2026-02-13 09:48:52'),
(254, 1, 2, 'AO', 'AO', 'AO', 'AO', 96, 3, 1, '2026-02-13 09:48:52', '2026-02-13 09:48:52'),
(255, 2, 3, 'AO', 'AO', 'AO', 'AO', 96, 3, 1, '2026-02-13 09:48:52', '2026-02-13 09:48:52'),
(256, 2, 4, 'AO', 'AO', 'AO', 'AO', 96, 3, 1, '2026-02-13 09:48:52', '2026-02-13 09:48:52'),
(257, 3, 5, 'AO', 'AO', 'AO', 'AO', 96, 3, 1, '2026-02-13 09:48:52', '2026-02-13 09:48:52'),
(258, 4, 6, 'AO', 'AO', 'AO', 'AO', 96, 3, 1, '2026-02-13 09:48:52', '2026-02-13 09:48:52'),
(259, 4, 7, 'AO', 'AO', 'AO', 'AO', 96, 3, 1, '2026-02-13 09:48:52', '2026-02-13 09:48:52'),
(260, 1, 1, 'AO', 'AO', 'AO', 'AO', 107, 3, 1, '2026-02-13 09:48:52', '2026-02-13 09:48:52'),
(261, 1, 2, 'AO', 'AO', 'AO', 'AO', 107, 3, 1, '2026-02-13 09:48:52', '2026-02-13 09:48:52'),
(262, 2, 3, 'AO', 'AO', 'AO', 'AO', 107, 3, 1, '2026-02-13 09:48:52', '2026-02-13 09:48:52'),
(263, 2, 4, 'AO', 'AO', 'AO', 'AO', 107, 3, 1, '2026-02-13 09:48:52', '2026-02-13 09:48:52'),
(264, 3, 5, 'AO', 'AO', 'AO', 'AO', 107, 3, 1, '2026-02-13 09:48:52', '2026-02-13 09:48:52'),
(265, 4, 6, 'AO', 'AO', 'AO', 'AO', 107, 3, 1, '2026-02-13 09:48:52', '2026-02-13 09:48:52'),
(266, 4, 7, 'AO', 'AO', 'AO', 'AO', 107, 3, 1, '2026-02-13 09:48:52', '2026-02-13 09:48:52'),
(267, 1, 1, 'AO', 'AO', 'AO', 'AO', 104, 3, 1, '2026-02-13 09:48:52', '2026-02-13 09:48:52'),
(268, 1, 2, 'AO', 'AO', 'AO', 'AO', 104, 3, 1, '2026-02-13 09:48:52', '2026-02-13 09:48:52'),
(269, 2, 3, 'AO', 'AO', 'AO', 'AO', 104, 3, 1, '2026-02-13 09:48:52', '2026-02-13 09:48:52'),
(270, 2, 4, 'AO', 'AO', 'AO', 'AO', 104, 3, 1, '2026-02-13 09:48:52', '2026-02-13 09:48:52'),
(271, 3, 5, 'AO', 'AO', 'AO', 'AO', 104, 3, 1, '2026-02-13 09:48:52', '2026-02-13 09:48:52'),
(272, 4, 6, 'AO', 'AO', 'AO', 'AO', 104, 3, 1, '2026-02-13 09:48:52', '2026-02-13 09:48:52'),
(273, 4, 7, 'AO', 'AO', 'AO', 'AO', 104, 3, 1, '2026-02-13 09:48:52', '2026-02-13 09:48:52'),
(274, 1, 1, 'AO', 'AO', 'AO', 'AO', 110, 3, 1, '2026-02-13 09:48:52', '2026-02-13 09:48:52'),
(275, 1, 2, 'AO', 'AO', 'AO', 'AO', 110, 3, 1, '2026-02-13 09:48:52', '2026-02-13 09:48:52'),
(276, 2, 3, 'AO', 'AO', 'AO', 'AO', 110, 3, 1, '2026-02-13 09:48:52', '2026-02-13 09:48:52'),
(277, 2, 4, 'AO', 'AO', 'AO', 'AO', 110, 3, 1, '2026-02-13 09:48:52', '2026-02-13 09:48:52'),
(278, 3, 5, 'AO', 'AO', 'AO', 'AO', 110, 3, 1, '2026-02-13 09:48:52', '2026-02-13 09:48:52'),
(279, 4, 6, 'AO', 'AO', 'AO', 'AO', 110, 3, 1, '2026-02-13 09:48:52', '2026-02-13 09:48:52'),
(280, 4, 7, 'AO', 'AO', 'AO', 'AO', 110, 3, 1, '2026-02-13 09:48:52', '2026-02-13 09:48:52'),
(281, 1, 1, 'AO', 'AO', 'AO', 'AO', 106, 3, 1, '2026-02-13 09:48:52', '2026-02-13 09:48:52'),
(282, 1, 2, 'AO', 'AO', 'AO', 'AO', 106, 3, 1, '2026-02-13 09:48:52', '2026-02-13 09:48:52'),
(283, 2, 3, 'AO', 'AO', 'AO', 'AO', 106, 3, 1, '2026-02-13 09:48:52', '2026-02-13 09:48:52'),
(284, 2, 4, 'AO', 'AO', 'AO', 'AO', 106, 3, 1, '2026-02-13 09:48:52', '2026-02-13 09:48:52'),
(285, 3, 5, 'AO', 'AO', 'AO', 'AO', 106, 3, 1, '2026-02-13 09:48:52', '2026-02-13 09:48:52'),
(286, 4, 6, 'AO', 'AO', 'AO', 'AO', 106, 3, 1, '2026-02-13 09:48:52', '2026-02-13 09:48:52'),
(287, 4, 7, 'AO', 'AO', 'AO', 'AO', 106, 3, 1, '2026-02-13 09:48:52', '2026-02-13 09:48:52'),
(288, 1, 1, 'AO', 'AO', 'AO', 'AO', 109, 3, 1, '2026-02-13 09:48:52', '2026-02-13 09:48:52'),
(289, 1, 2, 'AO', 'AO', 'AO', 'AO', 109, 3, 1, '2026-02-13 09:48:52', '2026-02-13 09:48:52'),
(290, 2, 3, 'AO', 'AO', 'AO', 'AO', 109, 3, 1, '2026-02-13 09:48:52', '2026-02-13 09:48:52'),
(291, 2, 4, 'AO', 'AO', 'AO', 'AO', 109, 3, 1, '2026-02-13 09:48:52', '2026-02-13 09:48:52'),
(292, 3, 5, 'AO', 'AO', 'AO', 'AO', 109, 3, 1, '2026-02-13 09:48:52', '2026-02-13 09:48:52'),
(293, 4, 6, 'AO', 'AO', 'AO', 'AO', 109, 3, 1, '2026-02-13 09:48:52', '2026-02-13 09:48:52'),
(294, 4, 7, 'AO', 'AO', 'AO', 'AO', 109, 3, 1, '2026-02-13 09:48:52', '2026-02-13 09:48:52'),
(295, 1, 1, 'AO', 'AO', 'AO', 'AO', 105, 3, 1, '2026-02-13 09:48:52', '2026-02-13 09:48:52'),
(296, 1, 2, 'AO', 'AO', 'AO', 'AO', 105, 3, 1, '2026-02-13 09:48:52', '2026-02-13 09:48:52'),
(297, 2, 3, 'AO', 'AO', 'AO', 'AO', 105, 3, 1, '2026-02-13 09:48:52', '2026-02-13 09:48:52'),
(298, 2, 4, 'AO', 'AO', 'AO', 'AO', 105, 3, 1, '2026-02-13 09:48:52', '2026-02-13 09:48:52'),
(299, 3, 5, 'AO', 'AO', 'AO', 'AO', 105, 3, 1, '2026-02-13 09:48:52', '2026-02-13 09:48:52'),
(300, 4, 6, 'AO', 'AO', 'AO', 'AO', 105, 3, 1, '2026-02-13 09:48:52', '2026-02-13 09:48:52'),
(301, 4, 7, 'AO', 'AO', 'AO', 'AO', 105, 3, 1, '2026-02-13 09:48:52', '2026-02-13 09:48:52'),
(302, 1, 1, 'AO', 'AO', 'AO', 'AO', 108, 3, 1, '2026-02-13 09:48:52', '2026-02-13 09:48:52'),
(303, 1, 2, 'AO', 'AO', 'AO', 'AO', 108, 3, 1, '2026-02-13 09:48:52', '2026-02-13 09:48:52'),
(304, 2, 3, 'AO', 'AO', 'AO', 'AO', 108, 3, 1, '2026-02-13 09:48:52', '2026-02-13 09:48:52'),
(305, 2, 4, 'AO', 'AO', 'AO', 'AO', 108, 3, 1, '2026-02-13 09:48:52', '2026-02-13 09:48:52'),
(306, 3, 5, 'AO', 'AO', 'AO', 'AO', 108, 3, 1, '2026-02-13 09:48:52', '2026-02-13 09:48:52'),
(307, 4, 6, 'AO', 'AO', 'AO', 'AO', 108, 3, 1, '2026-02-13 09:48:52', '2026-02-13 09:48:52'),
(308, 4, 7, 'AO', 'AO', 'AO', 'AO', 108, 3, 1, '2026-02-13 09:48:52', '2026-02-13 09:48:52'),
(309, 1, 1, 'AO', 'AO', 'AO', 'AO', 71, 6, 2, '2026-02-16 14:11:32', '2026-02-16 14:11:32'),
(310, 1, 2, 'AO', 'AO', 'AO', 'AO', 71, 6, 2, '2026-02-16 14:11:32', '2026-02-16 14:11:32'),
(311, 2, 3, 'AO', 'AO', 'AO', 'AO', 71, 6, 2, '2026-02-16 14:11:32', '2026-02-16 14:11:32'),
(312, 2, 4, 'AO', 'AO', 'AO', 'AO', 71, 6, 2, '2026-02-16 14:11:32', '2026-02-16 14:11:32'),
(313, 3, 5, 'AO', 'AO', 'AO', 'AO', 71, 6, 2, '2026-02-16 14:11:32', '2026-02-16 14:11:32'),
(314, 4, 6, 'AO', 'AO', 'AO', 'AO', 71, 6, 2, '2026-02-16 14:11:32', '2026-02-16 14:11:32'),
(315, 4, 7, 'AO', 'AO', 'AO', 'AO', 71, 6, 2, '2026-02-16 14:11:32', '2026-02-16 14:11:32'),
(316, 1, 1, 'AO', 'AO', 'AO', 'AO', 72, 6, 2, '2026-02-16 14:11:32', '2026-02-16 14:11:32'),
(317, 1, 2, 'AO', 'AO', 'AO', 'AO', 72, 6, 2, '2026-02-16 14:11:33', '2026-02-16 14:11:33'),
(318, 2, 3, 'AO', 'AO', 'AO', 'AO', 72, 6, 2, '2026-02-16 14:11:33', '2026-02-16 14:11:33'),
(319, 2, 4, 'AO', 'AO', 'AO', 'AO', 72, 6, 2, '2026-02-16 14:11:33', '2026-02-16 14:11:33'),
(320, 3, 5, 'AO', 'AO', 'AO', 'AO', 72, 6, 2, '2026-02-16 14:11:33', '2026-02-16 14:11:33'),
(321, 4, 6, 'AO', 'AO', 'AO', 'AO', 72, 6, 2, '2026-02-16 14:11:33', '2026-02-16 14:11:33'),
(322, 4, 7, 'AO', 'AO', 'AO', 'AO', 72, 6, 2, '2026-02-16 14:11:33', '2026-02-16 14:11:33'),
(323, 1, 1, 'AO', 'AO', 'AO', 'AO', 67, 6, 2, '2026-02-16 14:11:33', '2026-02-16 14:11:33'),
(324, 1, 2, 'AO', 'AO', 'AO', 'AO', 67, 6, 2, '2026-02-16 14:11:33', '2026-02-16 14:11:33'),
(325, 2, 3, 'AO', 'AO', 'AO', 'AO', 67, 6, 2, '2026-02-16 14:11:33', '2026-02-16 14:11:33'),
(326, 2, 4, 'AO', 'AO', 'AO', 'AO', 67, 6, 2, '2026-02-16 14:11:33', '2026-02-16 14:11:33'),
(327, 3, 5, 'AO', 'AO', 'AO', 'AO', 67, 6, 2, '2026-02-16 14:11:33', '2026-02-16 14:11:33'),
(328, 4, 6, 'AO', 'AO', 'AO', 'AO', 67, 6, 2, '2026-02-16 14:11:33', '2026-02-16 14:11:33'),
(329, 4, 7, 'AO', 'AO', 'AO', 'AO', 67, 6, 2, '2026-02-16 14:11:33', '2026-02-16 14:11:33'),
(330, 1, 1, 'AO', 'AO', 'AO', 'AO', 74, 6, 2, '2026-02-16 14:11:33', '2026-02-16 14:11:33'),
(331, 1, 2, 'AO', 'AO', 'AO', 'AO', 74, 6, 2, '2026-02-16 14:11:33', '2026-02-16 14:11:33'),
(332, 2, 3, 'AO', 'AO', 'AO', 'AO', 74, 6, 2, '2026-02-16 14:11:33', '2026-02-16 14:11:33'),
(333, 2, 4, 'AO', 'AO', 'AO', 'AO', 74, 6, 2, '2026-02-16 14:11:33', '2026-02-16 14:11:33'),
(334, 3, 5, 'AO', 'AO', 'AO', 'AO', 74, 6, 2, '2026-02-16 14:11:33', '2026-02-16 14:11:33'),
(335, 4, 6, 'AO', 'AO', 'AO', 'AO', 74, 6, 2, '2026-02-16 14:11:33', '2026-02-16 14:11:33'),
(336, 4, 7, 'AO', 'AO', 'AO', 'AO', 74, 6, 2, '2026-02-16 14:11:33', '2026-02-16 14:11:33'),
(337, 1, 1, 'AO', 'AO', 'AO', 'AO', 73, 6, 2, '2026-02-16 14:11:33', '2026-02-16 14:11:33'),
(338, 1, 2, 'AO', 'AO', 'AO', 'AO', 73, 6, 2, '2026-02-16 14:11:33', '2026-02-16 14:11:33'),
(339, 2, 3, 'AO', 'AO', 'AO', 'AO', 73, 6, 2, '2026-02-16 14:11:33', '2026-02-16 14:11:33'),
(340, 2, 4, 'AO', 'AO', 'AO', 'AO', 73, 6, 2, '2026-02-16 14:11:33', '2026-02-16 14:11:33'),
(341, 3, 5, 'AO', 'AO', 'AO', 'AO', 73, 6, 2, '2026-02-16 14:11:33', '2026-02-16 14:11:33'),
(342, 4, 6, 'AO', 'AO', 'AO', 'AO', 73, 6, 2, '2026-02-16 14:11:33', '2026-02-16 14:11:33'),
(343, 4, 7, 'AO', 'AO', 'AO', 'AO', 73, 6, 2, '2026-02-16 14:11:33', '2026-02-16 14:11:33'),
(344, 1, 1, 'AO', 'AO', 'AO', 'AO', 107, 6, 2, '2026-02-16 14:11:33', '2026-02-16 14:11:33'),
(345, 1, 2, 'AO', 'AO', 'AO', 'AO', 107, 6, 2, '2026-02-16 14:11:33', '2026-02-16 14:11:33'),
(346, 2, 3, 'AO', 'AO', 'AO', 'AO', 107, 6, 2, '2026-02-16 14:11:33', '2026-02-16 14:11:33'),
(347, 2, 4, 'AO', 'AO', 'AO', 'AO', 107, 6, 2, '2026-02-16 14:11:33', '2026-02-16 14:11:33'),
(348, 3, 5, 'AO', 'AO', 'AO', 'AO', 107, 6, 2, '2026-02-16 14:11:33', '2026-02-16 14:11:33'),
(349, 4, 6, 'AO', 'AO', 'AO', 'AO', 107, 6, 2, '2026-02-16 14:11:33', '2026-02-16 14:11:33'),
(350, 4, 7, 'AO', 'AO', 'AO', 'AO', 107, 6, 2, '2026-02-16 14:11:33', '2026-02-16 14:11:33'),
(351, 1, 1, 'AO', 'AO', 'AO', 'AO', 79, 6, 2, '2026-02-16 14:11:33', '2026-02-16 14:11:33'),
(352, 1, 2, 'AO', 'AO', 'AO', 'AO', 79, 6, 2, '2026-02-16 14:11:33', '2026-02-16 14:11:33'),
(353, 2, 3, 'AO', 'AO', 'AO', 'AO', 79, 6, 2, '2026-02-16 14:11:33', '2026-02-16 14:11:33'),
(354, 2, 4, 'AO', 'AO', 'AO', 'AO', 79, 6, 2, '2026-02-16 14:11:33', '2026-02-16 14:11:33'),
(355, 3, 5, 'AO', 'AO', 'AO', 'AO', 79, 6, 2, '2026-02-16 14:11:33', '2026-02-16 14:11:33'),
(356, 4, 6, 'AO', 'AO', 'AO', 'AO', 79, 6, 2, '2026-02-16 14:11:33', '2026-02-16 14:11:33'),
(357, 4, 7, 'AO', 'AO', 'AO', 'AO', 79, 6, 2, '2026-02-16 14:11:33', '2026-02-16 14:11:33'),
(358, 1, 1, 'AO', 'AO', 'AO', 'AO', 70, 6, 2, '2026-02-16 14:11:33', '2026-02-16 14:11:33'),
(359, 1, 2, 'AO', 'AO', 'AO', 'AO', 70, 6, 2, '2026-02-16 14:11:33', '2026-02-16 14:11:33'),
(360, 2, 3, 'AO', 'AO', 'AO', 'AO', 70, 6, 2, '2026-02-16 14:11:33', '2026-02-16 14:11:33'),
(361, 2, 4, 'AO', 'AO', 'AO', 'AO', 70, 6, 2, '2026-02-16 14:11:33', '2026-02-16 14:11:33'),
(362, 3, 5, 'AO', 'AO', 'AO', 'AO', 70, 6, 2, '2026-02-16 14:11:33', '2026-02-16 14:11:33'),
(363, 4, 6, 'AO', 'AO', 'AO', 'AO', 70, 6, 2, '2026-02-16 14:11:33', '2026-02-16 14:11:33'),
(364, 4, 7, 'AO', 'AO', 'AO', 'AO', 70, 6, 2, '2026-02-16 14:11:33', '2026-02-16 14:11:33'),
(365, 1, 1, 'AO', 'AO', 'AO', 'AO', 106, 6, 2, '2026-02-16 14:11:33', '2026-02-16 14:11:33'),
(366, 1, 2, 'AO', 'AO', 'AO', 'AO', 106, 6, 2, '2026-02-16 14:11:33', '2026-02-16 14:11:33'),
(367, 2, 3, 'AO', 'AO', 'AO', 'AO', 106, 6, 2, '2026-02-16 14:11:33', '2026-02-16 14:11:33'),
(368, 2, 4, 'AO', 'AO', 'AO', 'AO', 106, 6, 2, '2026-02-16 14:11:33', '2026-02-16 14:11:33'),
(369, 3, 5, 'AO', 'AO', 'AO', 'AO', 106, 6, 2, '2026-02-16 14:11:33', '2026-02-16 14:11:33'),
(370, 4, 6, 'AO', 'AO', 'AO', 'AO', 106, 6, 2, '2026-02-16 14:11:33', '2026-02-16 14:11:33'),
(371, 4, 7, 'AO', 'AO', 'AO', 'AO', 106, 6, 2, '2026-02-16 14:11:33', '2026-02-16 14:11:33'),
(372, 1, 1, 'AO', 'AO', 'AO', 'AO', 105, 6, 2, '2026-02-16 14:11:33', '2026-02-16 14:11:33'),
(373, 1, 2, 'AO', 'AO', 'AO', 'AO', 105, 6, 2, '2026-02-16 14:11:33', '2026-02-16 14:11:33'),
(374, 2, 3, 'AO', 'AO', 'AO', 'AO', 105, 6, 2, '2026-02-16 14:11:33', '2026-02-16 14:11:33'),
(375, 2, 4, 'AO', 'AO', 'AO', 'AO', 105, 6, 2, '2026-02-16 14:11:33', '2026-02-16 14:11:33'),
(376, 3, 5, 'AO', 'AO', 'AO', 'AO', 105, 6, 2, '2026-02-16 14:11:33', '2026-02-16 14:11:33'),
(377, 4, 6, 'AO', 'AO', 'AO', 'AO', 105, 6, 2, '2026-02-16 14:11:33', '2026-02-16 14:11:33'),
(378, 4, 7, 'AO', 'AO', 'AO', 'AO', 105, 6, 2, '2026-02-16 14:11:33', '2026-02-16 14:11:33'),
(379, 1, 1, 'AO', 'AO', 'AO', 'AO', 108, 6, 2, '2026-02-16 14:11:33', '2026-02-16 14:11:33'),
(380, 1, 2, 'AO', 'AO', 'AO', 'AO', 108, 6, 2, '2026-02-16 14:11:33', '2026-02-16 14:11:33'),
(381, 2, 3, 'AO', 'AO', 'AO', 'AO', 108, 6, 2, '2026-02-16 14:11:33', '2026-02-16 14:11:33'),
(382, 2, 4, 'AO', 'AO', 'AO', 'AO', 108, 6, 2, '2026-02-16 14:11:33', '2026-02-16 14:11:33'),
(383, 3, 5, 'AO', 'AO', 'AO', 'AO', 108, 6, 2, '2026-02-16 14:11:33', '2026-02-16 14:11:33'),
(384, 4, 6, 'AO', 'AO', 'AO', 'AO', 108, 6, 2, '2026-02-16 14:11:33', '2026-02-16 14:11:33'),
(385, 4, 7, 'AO', 'AO', 'AO', 'AO', 108, 6, 2, '2026-02-16 14:11:33', '2026-02-16 14:11:33'),
(386, 1, 1, 'AO', 'AO', 'AO', 'AO', 80, 6, 2, '2026-02-16 14:11:33', '2026-02-16 14:11:33'),
(387, 1, 2, 'AO', 'AO', 'AO', 'AO', 80, 6, 2, '2026-02-16 14:11:33', '2026-02-16 14:11:33'),
(388, 2, 3, 'AO', 'AO', 'AO', 'AO', 80, 6, 2, '2026-02-16 14:11:33', '2026-02-16 14:11:33'),
(389, 2, 4, 'AO', 'AO', 'AO', 'AO', 80, 6, 2, '2026-02-16 14:11:33', '2026-02-16 14:11:33'),
(390, 3, 5, 'AO', 'AO', 'AO', 'AO', 80, 6, 2, '2026-02-16 14:11:33', '2026-02-16 14:11:33'),
(391, 4, 6, 'AO', 'AO', 'AO', 'AO', 80, 6, 2, '2026-02-16 14:11:33', '2026-02-16 14:11:33'),
(392, 4, 7, 'AO', 'AO', 'AO', 'AO', 80, 6, 2, '2026-02-16 14:11:33', '2026-02-16 14:11:33'),
(393, 1, 1, 'AO', 'AO', 'AO', 'AO', 68, 4, 2, '2026-02-16 14:19:29', '2026-02-16 14:19:29'),
(394, 1, 2, 'AO', 'AO', 'AO', 'AO', 68, 4, 2, '2026-02-16 14:19:29', '2026-02-16 14:19:29'),
(395, 2, 3, 'AO', 'AO', 'AO', 'AO', 68, 4, 2, '2026-02-16 14:19:29', '2026-02-16 14:19:29'),
(396, 2, 4, 'AO', 'AO', 'AO', 'AO', 68, 4, 2, '2026-02-16 14:19:29', '2026-02-16 14:19:29'),
(397, 3, 5, 'AO', 'AO', 'AO', 'AO', 68, 4, 2, '2026-02-16 14:19:29', '2026-02-16 14:19:29'),
(398, 4, 6, 'AO', 'AO', 'AO', 'AO', 68, 4, 2, '2026-02-16 14:19:29', '2026-02-16 14:19:29'),
(399, 4, 7, 'AO', 'AO', 'AO', 'AO', 68, 4, 2, '2026-02-16 14:19:29', '2026-02-16 14:19:29'),
(400, 1, 1, 'AO', 'AO', 'AO', 'AO', 57, 4, 2, '2026-02-16 14:19:29', '2026-02-16 14:19:29'),
(401, 1, 2, 'AO', 'AO', 'AO', 'AO', 57, 4, 2, '2026-02-16 14:19:29', '2026-02-16 14:19:29'),
(402, 2, 3, 'AO', 'AO', 'AO', 'AO', 57, 4, 2, '2026-02-16 14:19:29', '2026-02-16 14:19:29'),
(403, 2, 4, 'AO', 'AO', 'AO', 'AO', 57, 4, 2, '2026-02-16 14:19:29', '2026-02-16 14:19:29'),
(404, 3, 5, 'AO', 'AO', 'AO', 'AO', 57, 4, 2, '2026-02-16 14:19:29', '2026-02-16 14:19:29'),
(405, 4, 6, 'AO', 'AO', 'AO', 'AO', 57, 4, 2, '2026-02-16 14:19:29', '2026-02-16 14:19:29'),
(406, 4, 7, 'AO', 'AO', 'AO', 'AO', 57, 4, 2, '2026-02-16 14:19:29', '2026-02-16 14:19:29'),
(407, 1, 1, 'AO', 'AO', 'AO', 'AO', 66, 4, 2, '2026-02-16 14:19:29', '2026-02-16 14:19:29'),
(408, 1, 2, 'AO', 'AO', 'AO', 'AO', 66, 4, 2, '2026-02-16 14:19:29', '2026-02-16 14:19:29'),
(409, 2, 3, 'AO', 'AO', 'AO', 'AO', 66, 4, 2, '2026-02-16 14:19:29', '2026-02-16 14:19:29'),
(410, 2, 4, 'AO', 'AO', 'AO', 'AO', 66, 4, 2, '2026-02-16 14:19:29', '2026-02-16 14:19:29'),
(411, 3, 5, 'AO', 'AO', 'AO', 'AO', 66, 4, 2, '2026-02-16 14:19:29', '2026-02-16 14:19:29'),
(412, 4, 6, 'AO', 'AO', 'AO', 'AO', 66, 4, 2, '2026-02-16 14:19:29', '2026-02-16 14:19:29'),
(413, 4, 7, 'AO', 'AO', 'AO', 'AO', 66, 4, 2, '2026-02-16 14:19:29', '2026-02-16 14:19:29'),
(414, 1, 1, 'AO', 'AO', 'AO', 'AO', 62, 4, 2, '2026-02-16 14:19:29', '2026-02-16 14:19:29'),
(415, 1, 2, 'AO', 'AO', 'AO', 'AO', 62, 4, 2, '2026-02-16 14:19:29', '2026-02-16 14:19:29'),
(416, 2, 3, 'AO', 'AO', 'AO', 'AO', 62, 4, 2, '2026-02-16 14:19:29', '2026-02-16 14:19:29'),
(417, 2, 4, 'AO', 'AO', 'AO', 'AO', 62, 4, 2, '2026-02-16 14:19:29', '2026-02-16 14:19:29'),
(418, 3, 5, 'AO', 'AO', 'AO', 'AO', 62, 4, 2, '2026-02-16 14:19:29', '2026-02-16 14:19:29'),
(419, 4, 6, 'AO', 'AO', 'AO', 'AO', 62, 4, 2, '2026-02-16 14:19:29', '2026-02-16 14:19:29'),
(420, 4, 7, 'AO', 'AO', 'AO', 'AO', 62, 4, 2, '2026-02-16 14:19:29', '2026-02-16 14:19:29'),
(421, 1, 1, 'AO', 'AO', 'AO', 'AO', 56, 4, 2, '2026-02-16 14:19:29', '2026-02-16 14:19:29'),
(422, 1, 2, 'AO', 'AO', 'AO', 'AO', 56, 4, 2, '2026-02-16 14:19:29', '2026-02-16 14:19:29'),
(423, 2, 3, 'AO', 'AO', 'AO', 'AO', 56, 4, 2, '2026-02-16 14:19:29', '2026-02-16 14:19:29'),
(424, 2, 4, 'AO', 'AO', 'AO', 'AO', 56, 4, 2, '2026-02-16 14:19:29', '2026-02-16 14:19:29'),
(425, 3, 5, 'AO', 'AO', 'AO', 'AO', 56, 4, 2, '2026-02-16 14:19:29', '2026-02-16 14:19:29'),
(426, 4, 6, 'AO', 'AO', 'AO', 'AO', 56, 4, 2, '2026-02-16 14:19:29', '2026-02-16 14:19:29'),
(427, 4, 7, 'AO', 'AO', 'AO', 'AO', 56, 4, 2, '2026-02-16 14:19:29', '2026-02-16 14:19:29'),
(428, 1, 1, 'AO', 'AO', 'AO', 'AO', 55, 4, 2, '2026-02-16 14:19:29', '2026-02-16 14:19:29'),
(429, 1, 2, 'AO', 'AO', 'AO', 'AO', 55, 4, 2, '2026-02-16 14:19:29', '2026-02-16 14:19:29'),
(430, 2, 3, 'AO', 'AO', 'AO', 'AO', 55, 4, 2, '2026-02-16 14:19:29', '2026-02-16 14:19:29'),
(431, 2, 4, 'AO', 'AO', 'AO', 'AO', 55, 4, 2, '2026-02-16 14:19:29', '2026-02-16 14:19:29'),
(432, 3, 5, 'AO', 'AO', 'AO', 'AO', 55, 4, 2, '2026-02-16 14:19:29', '2026-02-16 14:19:29'),
(433, 4, 6, 'AO', 'AO', 'AO', 'AO', 55, 4, 2, '2026-02-16 14:19:29', '2026-02-16 14:19:29'),
(434, 4, 7, 'AO', 'AO', 'AO', 'AO', 55, 4, 2, '2026-02-16 14:19:29', '2026-02-16 14:19:29'),
(435, 1, 1, 'AO', 'AO', 'AO', 'AO', 63, 4, 2, '2026-02-16 14:19:29', '2026-02-16 14:19:29'),
(436, 1, 2, 'AO', 'AO', 'AO', 'AO', 63, 4, 2, '2026-02-16 14:19:29', '2026-02-16 14:19:29'),
(437, 2, 3, 'AO', 'AO', 'AO', 'AO', 63, 4, 2, '2026-02-16 14:19:29', '2026-02-16 14:19:29'),
(438, 2, 4, 'AO', 'AO', 'AO', 'AO', 63, 4, 2, '2026-02-16 14:19:29', '2026-02-16 14:19:29'),
(439, 3, 5, 'AO', 'AO', 'AO', 'AO', 63, 4, 2, '2026-02-16 14:19:29', '2026-02-16 14:19:29'),
(440, 4, 6, 'AO', 'AO', 'AO', 'AO', 63, 4, 2, '2026-02-16 14:19:29', '2026-02-16 14:19:29'),
(441, 4, 7, 'AO', 'AO', 'AO', 'AO', 63, 4, 2, '2026-02-16 14:19:29', '2026-02-16 14:19:29'),
(442, 1, 1, 'AO', 'AO', 'AO', 'AO', 65, 4, 2, '2026-02-16 14:19:29', '2026-02-16 14:19:29'),
(443, 1, 2, 'AO', 'AO', 'AO', 'AO', 65, 4, 2, '2026-02-16 14:19:29', '2026-02-16 14:19:29'),
(444, 2, 3, 'AO', 'AO', 'AO', 'AO', 65, 4, 2, '2026-02-16 14:19:29', '2026-02-16 14:19:29'),
(445, 2, 4, 'AO', 'AO', 'AO', 'AO', 65, 4, 2, '2026-02-16 14:19:29', '2026-02-16 14:19:29'),
(446, 3, 5, 'AO', 'AO', 'AO', 'AO', 65, 4, 2, '2026-02-16 14:19:29', '2026-02-16 14:19:29'),
(447, 4, 6, 'AO', 'AO', 'AO', 'AO', 65, 4, 2, '2026-02-16 14:19:29', '2026-02-16 14:19:29'),
(448, 4, 7, 'AO', 'AO', 'AO', 'AO', 65, 4, 2, '2026-02-16 14:19:29', '2026-02-16 14:19:29'),
(449, 1, 1, 'AO', 'AO', 'AO', 'AO', 110, 4, 2, '2026-02-16 14:19:29', '2026-02-16 14:19:29'),
(450, 1, 2, 'AO', 'AO', 'AO', 'AO', 110, 4, 2, '2026-02-16 14:19:29', '2026-02-16 14:19:29'),
(451, 2, 3, 'AO', 'AO', 'AO', 'AO', 110, 4, 2, '2026-02-16 14:19:29', '2026-02-16 14:19:29'),
(452, 2, 4, 'AO', 'AO', 'AO', 'AO', 110, 4, 2, '2026-02-16 14:19:29', '2026-02-16 14:19:29'),
(453, 3, 5, 'AO', 'AO', 'AO', 'AO', 110, 4, 2, '2026-02-16 14:19:29', '2026-02-16 14:19:29'),
(454, 4, 6, 'AO', 'AO', 'AO', 'AO', 110, 4, 2, '2026-02-16 14:19:29', '2026-02-16 14:19:29'),
(455, 4, 7, 'AO', 'AO', 'AO', 'AO', 110, 4, 2, '2026-02-16 14:19:29', '2026-02-16 14:19:29'),
(456, 1, 1, 'AO', 'AO', 'AO', 'AO', 69, 4, 2, '2026-02-16 14:19:29', '2026-02-16 14:19:29'),
(457, 1, 2, 'AO', 'AO', 'AO', 'AO', 69, 4, 2, '2026-02-16 14:19:29', '2026-02-16 14:19:29'),
(458, 2, 3, 'AO', 'AO', 'AO', 'AO', 69, 4, 2, '2026-02-16 14:19:29', '2026-02-16 14:19:29'),
(459, 2, 4, 'AO', 'AO', 'AO', 'AO', 69, 4, 2, '2026-02-16 14:19:29', '2026-02-16 14:19:29'),
(460, 3, 5, 'AO', 'AO', 'AO', 'AO', 69, 4, 2, '2026-02-16 14:19:29', '2026-02-16 14:19:29'),
(461, 4, 6, 'AO', 'AO', 'AO', 'AO', 69, 4, 2, '2026-02-16 14:19:29', '2026-02-16 14:19:29'),
(462, 4, 7, 'AO', 'AO', 'AO', 'AO', 69, 4, 2, '2026-02-16 14:19:29', '2026-02-16 14:19:29'),
(463, 1, 1, 'AO', 'AO', 'AO', 'AO', 54, 4, 2, '2026-02-16 14:19:29', '2026-02-16 14:19:29'),
(464, 1, 2, 'AO', 'AO', 'AO', 'AO', 54, 4, 2, '2026-02-16 14:19:29', '2026-02-16 14:19:29'),
(465, 2, 3, 'AO', 'AO', 'AO', 'AO', 54, 4, 2, '2026-02-16 14:19:29', '2026-02-16 14:19:29'),
(466, 2, 4, 'AO', 'AO', 'AO', 'AO', 54, 4, 2, '2026-02-16 14:19:29', '2026-02-16 14:19:29'),
(467, 3, 5, 'AO', 'AO', 'AO', 'AO', 54, 4, 2, '2026-02-16 14:19:29', '2026-02-16 14:19:29'),
(468, 4, 6, 'AO', 'AO', 'AO', 'AO', 54, 4, 2, '2026-02-16 14:19:29', '2026-02-16 14:19:29'),
(469, 4, 7, 'AO', 'AO', 'AO', 'AO', 54, 4, 2, '2026-02-16 14:19:29', '2026-02-16 14:19:29');

-- --------------------------------------------------------

--
-- Table structure for table `performance_task`
--

CREATE TABLE `performance_task` (
  `id` int(11) NOT NULL,
  `pps1` varchar(11) NOT NULL,
  `pps2` varchar(11) NOT NULL,
  `pps3` varchar(11) NOT NULL,
  `pps4` varchar(11) NOT NULL,
  `pps5` varchar(11) NOT NULL,
  `pps6` varchar(11) NOT NULL,
  `pps7` varchar(11) NOT NULL,
  `pps8` varchar(11) NOT NULL,
  `pps9` varchar(11) NOT NULL,
  `pps10` varchar(11) NOT NULL,
  `load_id` int(11) NOT NULL,
  `school_year_id` int(11) NOT NULL,
  `quarter` int(11) NOT NULL,
  `dateCreated` datetime NOT NULL DEFAULT current_timestamp(),
  `dateUpdated` datetime NOT NULL DEFAULT current_timestamp() ON UPDATE current_timestamp()
) ENGINE=InnoDB DEFAULT CHARSET=utf8mb4 COLLATE=utf8mb4_general_ci;

--
-- Dumping data for table `performance_task`
--

INSERT INTO `performance_task` (`id`, `pps1`, `pps2`, `pps3`, `pps4`, `pps5`, `pps6`, `pps7`, `pps8`, `pps9`, `pps10`, `load_id`, `school_year_id`, `quarter`, `dateCreated`, `dateUpdated`) VALUES
(1, '50', '40', '', '', '', '', '', '', '', '', 4, 1, 1, '2025-03-22 15:19:25', '2025-03-22 15:19:56'),
(2, '35', '', '', '', '', '', '', '', '', '', 4, 1, 2, '2025-03-22 15:24:53', '2025-03-22 15:24:53'),
(3, '10', '', '', '', '', '', '', '', '', '', 4, 1, 3, '2026-02-11 08:16:03', '2026-02-11 08:16:09'),
(4, '10', '15', '', '', '', '', '', '', '', '', 4, 1, 4, '2026-02-11 08:57:58', '2026-02-11 09:01:05'),
(5, '20', '', '', '', '', '', '', '', '', '', 20, 1, 1, '2026-02-12 10:40:23', '2026-02-12 10:40:23'),
(6, '15', '35', '40', '', '', '', '', '', '', '', 41, 2, 2, '2026-02-16 14:31:32', '2026-02-16 14:35:06'),
(7, '10', '', '', '', '', '', '', '', '', '', 33, 2, 1, '2026-02-16 14:49:02', '2026-02-16 14:49:02'),
(8, '15', '', '', '', '', '', '', '', '', '', 41, 2, 1, '2026-02-16 14:51:38', '2026-02-16 14:51:38');

-- --------------------------------------------------------

--
-- Table structure for table `pt_score`
--

CREATE TABLE `pt_score` (
  `id` int(11) NOT NULL,
  `pt1` varchar(11) NOT NULL,
  `pt2` varchar(11) NOT NULL,
  `pt3` varchar(11) NOT NULL,
  `pt4` varchar(11) NOT NULL,
  `pt5` varchar(11) NOT NULL,
  `pt6` varchar(11) NOT NULL,
  `pt7` varchar(11) NOT NULL,
  `pt8` varchar(11) NOT NULL,
  `pt9` varchar(11) NOT NULL,
  `pt10` varchar(11) NOT NULL,
  `pt_id` int(11) NOT NULL,
  `student_id` int(11) NOT NULL,
  `school_year_id` int(11) NOT NULL,
  `quarter` int(11) NOT NULL,
  `load_id` int(11) NOT NULL,
  `dateCreated` datetime NOT NULL DEFAULT current_timestamp(),
  `dateUpdated` datetime NOT NULL DEFAULT current_timestamp() ON UPDATE current_timestamp()
) ENGINE=InnoDB DEFAULT CHARSET=utf8mb4 COLLATE=utf8mb4_general_ci;

--
-- Dumping data for table `pt_score`
--

INSERT INTO `pt_score` (`id`, `pt1`, `pt2`, `pt3`, `pt4`, `pt5`, `pt6`, `pt7`, `pt8`, `pt9`, `pt10`, `pt_id`, `student_id`, `school_year_id`, `quarter`, `load_id`, `dateCreated`, `dateUpdated`) VALUES
(1, '45', '38', '', '', '', '', '', '', '', '', 1, 57, 1, 1, 4, '2025-03-22 15:19:44', '2025-03-22 15:20:20'),
(2, '45', '38', '', '', '', '', '', '', '', '', 1, 56, 1, 1, 4, '2025-03-22 15:19:44', '2025-03-22 15:20:20'),
(3, '45', '40', '', '', '', '', '', '', '', '', 1, 55, 1, 1, 4, '2025-03-22 15:19:44', '2025-03-22 15:20:20'),
(4, '45', '40', '', '', '', '', '', '', '', '', 1, 21, 1, 1, 4, '2025-03-22 15:19:44', '2025-03-22 15:20:20'),
(5, '45', '40', '', '', '', '', '', '', '', '', 1, 54, 1, 1, 4, '2025-03-22 15:19:44', '2025-03-22 15:20:20'),
(6, '20', '', '', '', '', '', '', '', '', '', 2, 57, 1, 2, 4, '2025-03-22 15:25:09', '2025-03-22 15:25:09'),
(7, '20', '', '', '', '', '', '', '', '', '', 2, 56, 1, 2, 4, '2025-03-22 15:25:09', '2025-03-22 15:25:09'),
(8, '15', '', '', '', '', '', '', '', '', '', 2, 55, 1, 2, 4, '2025-03-22 15:25:09', '2025-03-22 15:25:09'),
(9, '20', '', '', '', '', '', '', '', '', '', 2, 21, 1, 2, 4, '2025-03-22 15:25:09', '2025-03-22 15:25:09'),
(10, '25', '', '', '', '', '', '', '', '', '', 2, 54, 1, 2, 4, '2025-03-22 15:25:09', '2025-03-22 15:25:09'),
(11, '9', '', '', '', '', '', '', '', '', '', 3, 57, 1, 3, 4, '2026-02-11 08:16:24', '2026-02-11 08:16:24'),
(12, '8', '', '', '', '', '', '', '', '', '', 3, 56, 1, 3, 4, '2026-02-11 08:16:24', '2026-02-11 08:16:24'),
(13, '7', '', '', '', '', '', '', '', '', '', 3, 55, 1, 3, 4, '2026-02-11 08:16:24', '2026-02-11 08:16:24'),
(14, '9', '', '', '', '', '', '', '', '', '', 3, 54, 1, 3, 4, '2026-02-11 08:16:24', '2026-02-11 08:16:24'),
(15, '9', '12', '', '', '', '', '', '', '', '', 4, 57, 1, 4, 4, '2026-02-11 08:58:17', '2026-02-11 09:15:48'),
(16, '8', '12', '', '', '', '', '', '', '', '', 4, 56, 1, 4, 4, '2026-02-11 08:58:17', '2026-02-11 09:15:48'),
(17, '7', '13', '', '', '', '', '', '', '', '', 4, 55, 1, 4, 4, '2026-02-11 08:58:17', '2026-02-11 09:15:48'),
(18, '5', '14', '', '', '', '', '', '', '', '', 4, 54, 1, 4, 4, '2026-02-11 08:58:17', '2026-02-11 09:15:48'),
(19, '19', '', '', '', '', '', '', '', '', '', 5, 57, 1, 1, 20, '2026-02-12 10:48:01', '2026-02-12 10:48:01'),
(20, '20', '', '', '', '', '', '', '', '', '', 5, 56, 1, 1, 20, '2026-02-12 10:48:01', '2026-02-12 10:48:01'),
(21, '18', '', '', '', '', '', '', '', '', '', 5, 55, 1, 1, 20, '2026-02-12 10:48:01', '2026-02-12 10:48:01'),
(22, '17', '', '', '', '', '', '', '', '', '', 5, 54, 1, 1, 20, '2026-02-12 10:48:01', '2026-02-12 10:48:01'),
(23, '50', '28', '', '', '', '', '', '', '', '', 1, 68, 1, 1, 4, '2026-02-13 11:38:15', '2026-02-13 11:38:15'),
(24, '49', '38', '', '', '', '', '', '', '', '', 1, 66, 1, 1, 4, '2026-02-13 11:38:15', '2026-02-13 11:38:15'),
(25, '48', '37', '', '', '', '', '', '', '', '', 1, 62, 1, 1, 4, '2026-02-13 11:38:15', '2026-02-13 11:38:15'),
(26, '48', '34', '', '', '', '', '', '', '', '', 1, 67, 1, 1, 4, '2026-02-13 11:38:15', '2026-02-13 11:38:15'),
(27, '47', '35', '', '', '', '', '', '', '', '', 1, 63, 1, 1, 4, '2026-02-13 11:38:15', '2026-02-13 11:38:15'),
(28, '44', '33', '', '', '', '', '', '', '', '', 1, 65, 1, 1, 4, '2026-02-13 11:38:15', '2026-02-13 11:38:15'),
(29, '49', '34', '', '', '', '', '', '', '', '', 1, 78, 1, 1, 4, '2026-02-13 11:38:15', '2026-02-13 11:38:15'),
(30, '47', '38', '', '', '', '', '', '', '', '', 1, 71, 1, 1, 4, '2026-02-13 11:38:15', '2026-02-13 11:38:15'),
(31, '46', '32', '', '', '', '', '', '', '', '', 1, 76, 1, 1, 4, '2026-02-13 11:38:15', '2026-02-13 11:38:15'),
(32, '46', '32', '', '', '', '', '', '', '', '', 1, 72, 1, 1, 4, '2026-02-13 11:38:15', '2026-02-13 11:38:15'),
(33, '46', '31', '', '', '', '', '', '', '', '', 1, 77, 1, 1, 4, '2026-02-13 11:38:15', '2026-02-13 11:38:15'),
(34, '47', '40', '', '', '', '', '', '', '', '', 1, 74, 1, 1, 4, '2026-02-13 11:38:15', '2026-02-13 11:38:15'),
(35, '47', '32', '', '', '', '', '', '', '', '', 1, 73, 1, 1, 4, '2026-02-13 11:38:15', '2026-02-13 11:38:15'),
(36, '49', '39', '', '', '', '', '', '', '', '', 1, 75, 1, 1, 4, '2026-02-13 11:38:15', '2026-02-13 11:38:15'),
(37, '44', '35', '', '', '', '', '', '', '', '', 1, 70, 1, 1, 4, '2026-02-13 11:38:15', '2026-02-13 11:38:15'),
(38, '37', '35', '', '', '', '', '', '', '', '', 1, 69, 1, 1, 4, '2026-02-13 11:38:15', '2026-02-13 11:38:15'),
(39, '23', '', '', '', '', '', '', '', '', '', 2, 68, 1, 2, 4, '2026-02-13 14:37:42', '2026-02-13 14:37:42'),
(40, '27', '', '', '', '', '', '', '', '', '', 2, 66, 1, 2, 4, '2026-02-13 14:37:42', '2026-02-13 14:37:42'),
(41, '28', '', '', '', '', '', '', '', '', '', 2, 62, 1, 2, 4, '2026-02-13 14:37:42', '2026-02-13 14:37:42'),
(42, '27', '', '', '', '', '', '', '', '', '', 2, 67, 1, 2, 4, '2026-02-13 14:37:42', '2026-02-13 14:37:42'),
(43, '26', '', '', '', '', '', '', '', '', '', 2, 63, 1, 2, 4, '2026-02-13 14:37:42', '2026-02-13 14:37:42'),
(44, '29', '', '', '', '', '', '', '', '', '', 2, 65, 1, 2, 4, '2026-02-13 14:37:42', '2026-02-13 14:37:42'),
(45, '19', '', '', '', '', '', '', '', '', '', 2, 78, 1, 2, 4, '2026-02-13 14:37:42', '2026-02-13 14:37:42'),
(46, '23', '', '', '', '', '', '', '', '', '', 2, 71, 1, 2, 4, '2026-02-13 14:37:42', '2026-02-13 14:37:42'),
(47, '29', '', '', '', '', '', '', '', '', '', 2, 76, 1, 2, 4, '2026-02-13 14:37:42', '2026-02-13 14:37:42'),
(48, '17', '', '', '', '', '', '', '', '', '', 2, 72, 1, 2, 4, '2026-02-13 14:37:42', '2026-02-13 14:37:42'),
(49, '10', '', '', '', '', '', '', '', '', '', 2, 77, 1, 2, 4, '2026-02-13 14:37:42', '2026-02-13 14:37:42'),
(50, '32', '', '', '', '', '', '', '', '', '', 2, 74, 1, 2, 4, '2026-02-13 14:37:42', '2026-02-13 14:37:42'),
(51, '28', '', '', '', '', '', '', '', '', '', 2, 73, 1, 2, 4, '2026-02-13 14:37:42', '2026-02-13 14:37:42'),
(52, '31', '', '', '', '', '', '', '', '', '', 2, 75, 1, 2, 4, '2026-02-13 14:37:42', '2026-02-13 14:37:42'),
(53, '18', '', '', '', '', '', '', '', '', '', 2, 70, 1, 2, 4, '2026-02-13 14:37:42', '2026-02-13 14:37:42'),
(54, '32', '', '', '', '', '', '', '', '', '', 2, 69, 1, 2, 4, '2026-02-13 14:37:42', '2026-02-13 14:37:42'),
(55, '14', '34', '39', '', '', '', '', '', '', '', 6, 68, 2, 2, 41, '2026-02-16 14:32:44', '2026-02-16 14:36:26'),
(56, '12', '33', '38', '', '', '', '', '', '', '', 6, 66, 2, 2, 41, '2026-02-16 14:32:44', '2026-02-16 14:36:26'),
(57, '13', '32', '38', '', '', '', '', '', '', '', 6, 62, 2, 2, 41, '2026-02-16 14:32:44', '2026-02-16 14:36:26'),
(58, '14', '31', '29', '', '', '', '', '', '', '', 6, 56, 2, 2, 41, '2026-02-16 14:32:44', '2026-02-16 14:36:26'),
(59, '15', '31', '30', '', '', '', '', '', '', '', 6, 55, 2, 2, 41, '2026-02-16 14:32:44', '2026-02-16 14:36:26'),
(60, '15', '30', '34', '', '', '', '', '', '', '', 6, 63, 2, 2, 41, '2026-02-16 14:32:44', '2026-02-16 14:36:26'),
(61, '14', '30', '37', '', '', '', '', '', '', '', 6, 65, 2, 2, 41, '2026-02-16 14:32:44', '2026-02-16 14:36:26'),
(62, '14', '32', '35', '', '', '', '', '', '', '', 6, 110, 2, 2, 41, '2026-02-16 14:32:44', '2026-02-16 14:36:26'),
(63, '12', '31', '35', '', '', '', '', '', '', '', 6, 54, 2, 2, 41, '2026-02-16 14:32:44', '2026-02-16 14:36:26'),
(64, '14', '30', '39', '', '', '', '', '', '', '', 6, 57, 2, 2, 41, '2026-02-16 14:32:44', '2026-02-16 14:36:26'),
(65, '15', '30', '38', '', '', '', '', '', '', '', 6, 69, 2, 2, 41, '2026-02-16 14:32:45', '2026-02-16 14:36:26'),
(66, '8', '', '', '', '', '', '', '', '', '', 7, 67, 2, 1, 33, '2026-02-16 14:49:35', '2026-02-16 14:49:35'),
(67, '8', '', '', '', '', '', '', '', '', '', 7, 107, 2, 1, 33, '2026-02-16 14:49:35', '2026-02-16 14:49:35'),
(68, '8', '', '', '', '', '', '', '', '', '', 7, 79, 2, 1, 33, '2026-02-16 14:49:35', '2026-02-16 14:49:35'),
(69, '8', '', '', '', '', '', '', '', '', '', 7, 106, 2, 1, 33, '2026-02-16 14:49:35', '2026-02-16 14:49:35'),
(70, '9', '', '', '', '', '', '', '', '', '', 7, 105, 2, 1, 33, '2026-02-16 14:49:35', '2026-02-16 14:49:35'),
(71, '10', '', '', '', '', '', '', '', '', '', 7, 108, 2, 1, 33, '2026-02-16 14:49:35', '2026-02-16 14:49:35'),
(72, '10', '', '', '', '', '', '', '', '', '', 7, 80, 2, 1, 33, '2026-02-16 14:49:35', '2026-02-16 14:49:35'),
(73, '9', '', '', '', '', '', '', '', '', '', 7, 71, 2, 1, 33, '2026-02-16 14:49:35', '2026-02-16 14:49:35'),
(74, '9', '', '', '', '', '', '', '', '', '', 7, 72, 2, 1, 33, '2026-02-16 14:49:35', '2026-02-16 14:49:35'),
(75, '9', '', '', '', '', '', '', '', '', '', 7, 74, 2, 1, 33, '2026-02-16 14:49:35', '2026-02-16 14:49:35'),
(76, '9', '', '', '', '', '', '', '', '', '', 7, 73, 2, 1, 33, '2026-02-16 14:49:35', '2026-02-16 14:49:35'),
(77, '10', '', '', '', '', '', '', '', '', '', 7, 70, 2, 1, 33, '2026-02-16 14:49:35', '2026-02-16 14:49:35'),
(78, '15', '', '', '', '', '', '', '', '', '', 8, 68, 2, 1, 41, '2026-02-16 14:51:59', '2026-02-16 14:51:59'),
(79, '12', '', '', '', '', '', '', '', '', '', 8, 66, 2, 1, 41, '2026-02-16 14:51:59', '2026-02-16 14:51:59'),
(80, '13', '', '', '', '', '', '', '', '', '', 8, 62, 2, 1, 41, '2026-02-16 14:51:59', '2026-02-16 14:51:59'),
(81, '12', '', '', '', '', '', '', '', '', '', 8, 56, 2, 1, 41, '2026-02-16 14:51:59', '2026-02-16 14:51:59'),
(82, '11', '', '', '', '', '', '', '', '', '', 8, 55, 2, 1, 41, '2026-02-16 14:52:00', '2026-02-16 14:52:00'),
(83, '11', '', '', '', '', '', '', '', '', '', 8, 63, 2, 1, 41, '2026-02-16 14:52:00', '2026-02-16 14:52:00'),
(84, '11', '', '', '', '', '', '', '', '', '', 8, 65, 2, 1, 41, '2026-02-16 14:52:00', '2026-02-16 14:52:00'),
(85, '11', '', '', '', '', '', '', '', '', '', 8, 110, 2, 1, 41, '2026-02-16 14:52:00', '2026-02-16 14:52:00'),
(86, '12', '', '', '', '', '', '', '', '', '', 8, 54, 2, 1, 41, '2026-02-16 14:52:00', '2026-02-16 14:52:00'),
(87, '15', '', '', '', '', '', '', '', '', '', 8, 57, 2, 1, 41, '2026-02-16 14:52:00', '2026-02-16 14:52:00'),
(88, '15', '', '', '', '', '', '', '', '', '', 8, 69, 2, 1, 41, '2026-02-16 14:52:00', '2026-02-16 14:52:00');

-- --------------------------------------------------------

--
-- Table structure for table `qa_score`
--

CREATE TABLE `qa_score` (
  `id` int(11) NOT NULL,
  `score` varchar(11) NOT NULL,
  `qa_id` int(11) NOT NULL,
  `student_id` int(11) NOT NULL,
  `school_year_id` int(11) NOT NULL,
  `quarter` int(11) NOT NULL,
  `load_id` int(11) NOT NULL,
  `dateCreated` datetime NOT NULL DEFAULT current_timestamp(),
  `dateUpdated` datetime NOT NULL DEFAULT current_timestamp() ON UPDATE current_timestamp()
) ENGINE=InnoDB DEFAULT CHARSET=utf8mb4 COLLATE=utf8mb4_general_ci;

--
-- Dumping data for table `qa_score`
--

INSERT INTO `qa_score` (`id`, `score`, `qa_id`, `student_id`, `school_year_id`, `quarter`, `load_id`, `dateCreated`, `dateUpdated`) VALUES
(1, '55', 1, 57, 1, 1, 4, '2025-03-22 15:21:07', '2025-03-22 15:21:07'),
(2, '52', 1, 56, 1, 1, 4, '2025-03-22 15:21:07', '2025-03-22 15:21:07'),
(3, '50', 1, 55, 1, 1, 4, '2025-03-22 15:21:07', '2025-03-22 15:21:07'),
(4, '55', 1, 21, 1, 1, 4, '2025-03-22 15:21:07', '2025-03-22 15:21:07'),
(5, '58', 1, 54, 1, 1, 4, '2025-03-22 15:21:07', '2025-03-22 15:21:07'),
(6, '54', 2, 57, 1, 2, 4, '2025-03-22 15:25:32', '2025-03-22 15:25:32'),
(7, '52', 2, 56, 1, 2, 4, '2025-03-22 15:25:32', '2025-03-22 15:25:32'),
(8, '52', 2, 55, 1, 2, 4, '2025-03-22 15:25:32', '2025-03-22 15:25:32'),
(9, '55', 2, 21, 1, 2, 4, '2025-03-22 15:25:32', '2025-03-22 15:25:32'),
(10, '58', 2, 54, 1, 2, 4, '2025-03-22 15:25:32', '2025-03-22 15:25:32'),
(11, '29', 3, 57, 1, 3, 4, '2026-02-11 08:17:01', '2026-02-11 08:17:01'),
(12, '38', 3, 56, 1, 3, 4, '2026-02-11 08:17:01', '2026-02-11 08:17:01'),
(13, '37', 3, 55, 1, 3, 4, '2026-02-11 08:17:01', '2026-02-11 08:17:01'),
(14, '40', 3, 54, 1, 3, 4, '2026-02-11 08:17:01', '2026-02-11 08:17:01'),
(15, '39', 4, 57, 1, 4, 4, '2026-02-11 10:26:23', '2026-02-11 10:26:42'),
(16, '40', 4, 56, 1, 4, 4, '2026-02-11 10:26:23', '2026-02-11 10:26:42'),
(17, '37', 4, 55, 1, 4, 4, '2026-02-11 10:26:23', '2026-02-11 10:26:42'),
(18, '38', 4, 54, 1, 4, 4, '2026-02-11 10:26:23', '2026-02-11 10:26:42'),
(19, '39', 5, 57, 1, 1, 20, '2026-02-12 10:41:49', '2026-02-12 10:41:49'),
(20, '37', 5, 56, 1, 1, 20, '2026-02-12 10:41:49', '2026-02-12 10:41:49'),
(21, '38', 5, 55, 1, 1, 20, '2026-02-12 10:41:49', '2026-02-12 10:41:49'),
(22, '36', 5, 54, 1, 1, 20, '2026-02-12 10:41:49', '2026-02-12 10:41:49'),
(23, '59', 1, 68, 1, 1, 4, '2026-02-13 11:36:07', '2026-02-13 11:36:07'),
(24, '60', 1, 66, 1, 1, 4, '2026-02-13 11:36:07', '2026-02-13 11:36:07'),
(25, '38', 1, 62, 1, 1, 4, '2026-02-13 11:36:07', '2026-02-13 11:36:07'),
(26, '48', 1, 67, 1, 1, 4, '2026-02-13 11:36:07', '2026-02-13 11:36:07'),
(27, '49', 1, 63, 1, 1, 4, '2026-02-13 11:36:07', '2026-02-13 11:36:07'),
(28, '57', 1, 65, 1, 1, 4, '2026-02-13 11:36:07', '2026-02-13 11:36:07'),
(29, '27', 1, 78, 1, 1, 4, '2026-02-13 11:36:07', '2026-02-13 11:36:07'),
(30, '36', 1, 71, 1, 1, 4, '2026-02-13 11:36:07', '2026-02-13 11:36:07'),
(31, '48', 1, 76, 1, 1, 4, '2026-02-13 11:36:07', '2026-02-13 11:36:07'),
(32, '47', 1, 72, 1, 1, 4, '2026-02-13 11:36:07', '2026-02-13 11:36:07'),
(33, '56', 1, 77, 1, 1, 4, '2026-02-13 11:36:07', '2026-02-13 11:36:07'),
(34, '38', 1, 74, 1, 1, 4, '2026-02-13 11:36:07', '2026-02-13 11:36:07'),
(35, '35', 1, 73, 1, 1, 4, '2026-02-13 11:36:07', '2026-02-13 11:36:07'),
(36, '48', 1, 75, 1, 1, 4, '2026-02-13 11:36:07', '2026-02-13 11:36:07'),
(37, '58', 1, 70, 1, 1, 4, '2026-02-13 11:36:07', '2026-02-13 11:36:07'),
(38, '59', 1, 69, 1, 1, 4, '2026-02-13 11:36:07', '2026-02-13 11:36:07'),
(39, '43', 2, 68, 1, 2, 4, '2026-02-13 14:39:21', '2026-02-13 14:39:21'),
(40, '55', 2, 66, 1, 2, 4, '2026-02-13 14:39:21', '2026-02-13 14:39:21'),
(41, '54', 2, 62, 1, 2, 4, '2026-02-13 14:39:21', '2026-02-13 14:39:21'),
(42, '53', 2, 67, 1, 2, 4, '2026-02-13 14:39:21', '2026-02-13 14:39:21'),
(43, '51', 2, 63, 1, 2, 4, '2026-02-13 14:39:21', '2026-02-13 14:39:21'),
(44, '43', 2, 65, 1, 2, 4, '2026-02-13 14:39:21', '2026-02-13 14:39:21'),
(45, '45', 2, 78, 1, 2, 4, '2026-02-13 14:39:21', '2026-02-13 14:39:21'),
(46, '47', 2, 71, 1, 2, 4, '2026-02-13 14:39:21', '2026-02-13 14:39:21'),
(47, '48', 2, 76, 1, 2, 4, '2026-02-13 14:39:21', '2026-02-13 14:39:21'),
(48, '27', 2, 72, 1, 2, 4, '2026-02-13 14:39:21', '2026-02-13 14:39:21'),
(49, '57', 2, 77, 1, 2, 4, '2026-02-13 14:39:21', '2026-02-13 14:39:21'),
(50, '58', 2, 74, 1, 2, 4, '2026-02-13 14:39:21', '2026-02-13 14:39:21'),
(51, '58', 2, 73, 1, 2, 4, '2026-02-13 14:39:21', '2026-02-13 14:39:21'),
(52, '45', 2, 75, 1, 2, 4, '2026-02-13 14:39:21', '2026-02-13 14:39:21'),
(53, '48', 2, 70, 1, 2, 4, '2026-02-13 14:39:21', '2026-02-13 14:39:21'),
(54, '49', 2, 69, 1, 2, 4, '2026-02-13 14:39:21', '2026-02-13 14:39:21'),
(55, '40', 6, 68, 2, 2, 41, '2026-02-16 14:36:58', '2026-02-16 14:36:58'),
(56, '40', 6, 66, 2, 2, 41, '2026-02-16 14:36:58', '2026-02-16 14:36:58'),
(57, '40', 6, 62, 2, 2, 41, '2026-02-16 14:36:58', '2026-02-16 14:36:58'),
(58, '40', 6, 56, 2, 2, 41, '2026-02-16 14:36:58', '2026-02-16 14:36:58'),
(59, '40', 6, 55, 2, 2, 41, '2026-02-16 14:36:58', '2026-02-16 14:36:58'),
(60, '40', 6, 63, 2, 2, 41, '2026-02-16 14:36:58', '2026-02-16 14:36:58'),
(61, '40', 6, 65, 2, 2, 41, '2026-02-16 14:36:58', '2026-02-16 14:36:58'),
(62, '40', 6, 110, 2, 2, 41, '2026-02-16 14:36:58', '2026-02-16 14:36:58'),
(63, '40', 6, 54, 2, 2, 41, '2026-02-16 14:36:58', '2026-02-16 14:36:58'),
(64, '40', 6, 57, 2, 2, 41, '2026-02-16 14:36:58', '2026-02-16 14:36:58'),
(65, '40', 6, 69, 2, 2, 41, '2026-02-16 14:36:58', '2026-02-16 14:36:58'),
(66, '39', 7, 67, 2, 1, 33, '2026-02-16 14:50:16', '2026-02-16 14:50:16'),
(67, '34', 7, 107, 2, 1, 33, '2026-02-16 14:50:16', '2026-02-16 14:50:16'),
(68, '36', 7, 79, 2, 1, 33, '2026-02-16 14:50:16', '2026-02-16 14:50:16'),
(69, '37', 7, 106, 2, 1, 33, '2026-02-16 14:50:16', '2026-02-16 14:50:16'),
(70, '30', 7, 105, 2, 1, 33, '2026-02-16 14:50:16', '2026-02-16 14:50:16'),
(71, '31', 7, 108, 2, 1, 33, '2026-02-16 14:50:16', '2026-02-16 14:50:16'),
(72, '32', 7, 80, 2, 1, 33, '2026-02-16 14:50:16', '2026-02-16 14:50:16'),
(73, '36', 7, 71, 2, 1, 33, '2026-02-16 14:50:16', '2026-02-16 14:50:16'),
(74, '35', 7, 72, 2, 1, 33, '2026-02-16 14:50:16', '2026-02-16 14:50:16'),
(75, '34', 7, 74, 2, 1, 33, '2026-02-16 14:50:16', '2026-02-16 14:50:16'),
(76, '39', 7, 73, 2, 1, 33, '2026-02-16 14:50:16', '2026-02-16 14:50:16'),
(77, '35', 7, 70, 2, 1, 33, '2026-02-16 14:50:16', '2026-02-16 14:50:16'),
(78, '39', 8, 68, 2, 1, 41, '2026-02-16 14:52:31', '2026-02-16 14:52:31'),
(79, '38', 8, 66, 2, 1, 41, '2026-02-16 14:52:31', '2026-02-16 14:52:31'),
(80, '37', 8, 62, 2, 1, 41, '2026-02-16 14:52:31', '2026-02-16 14:52:31'),
(81, '37', 8, 56, 2, 1, 41, '2026-02-16 14:52:31', '2026-02-16 14:52:31'),
(82, '37', 8, 55, 2, 1, 41, '2026-02-16 14:52:31', '2026-02-16 14:52:31'),
(83, '39', 8, 63, 2, 1, 41, '2026-02-16 14:52:31', '2026-02-16 14:52:31'),
(84, '38', 8, 65, 2, 1, 41, '2026-02-16 14:52:31', '2026-02-16 14:52:31'),
(85, '37', 8, 110, 2, 1, 41, '2026-02-16 14:52:31', '2026-02-16 14:52:31'),
(86, '34', 8, 54, 2, 1, 41, '2026-02-16 14:52:31', '2026-02-16 14:52:31'),
(87, '36', 8, 57, 2, 1, 41, '2026-02-16 14:52:31', '2026-02-16 14:52:31'),
(88, '34', 8, 69, 2, 1, 41, '2026-02-16 14:52:31', '2026-02-16 14:52:31');

-- --------------------------------------------------------

--
-- Table structure for table `quarterly_assessment`
--

CREATE TABLE `quarterly_assessment` (
  `id` int(11) NOT NULL,
  `ps` varchar(11) NOT NULL,
  `load_id` int(11) NOT NULL,
  `school_year_id` int(11) NOT NULL,
  `quarter` int(11) NOT NULL,
  `dateCreated` datetime NOT NULL DEFAULT current_timestamp(),
  `dateUpdated` datetime NOT NULL DEFAULT current_timestamp() ON UPDATE current_timestamp()
) ENGINE=InnoDB DEFAULT CHARSET=utf8mb4 COLLATE=utf8mb4_general_ci;

--
-- Dumping data for table `quarterly_assessment`
--

INSERT INTO `quarterly_assessment` (`id`, `ps`, `load_id`, `school_year_id`, `quarter`, `dateCreated`, `dateUpdated`) VALUES
(1, '60', 4, 1, 1, '2025-03-22 15:20:46', '2025-03-22 15:20:46'),
(2, '60', 4, 1, 2, '2025-03-22 15:25:16', '2025-03-22 15:25:16'),
(3, '40', 4, 1, 3, '2026-02-11 08:16:27', '2026-02-11 08:16:33'),
(4, '40', 4, 1, 4, '2026-02-11 08:58:21', '2026-02-11 08:58:28'),
(5, '40', 20, 1, 1, '2026-02-12 10:40:46', '2026-02-12 10:40:53'),
(6, '40', 41, 2, 2, '2026-02-16 14:36:32', '2026-02-16 14:36:37'),
(7, '40', 33, 2, 1, '2026-02-16 14:49:45', '2026-02-16 14:49:45'),
(8, '40', 41, 2, 1, '2026-02-16 14:52:06', '2026-02-16 14:52:06');

-- --------------------------------------------------------

--
-- Table structure for table `students`
--

CREATE TABLE `students` (
  `id` int(11) NOT NULL,
  `sr_code` varchar(50) NOT NULL,
  `lrn` int(50) NOT NULL,
  `firstName` varchar(50) NOT NULL,
  `middleName` varchar(50) NOT NULL,
  `lastName` varchar(50) NOT NULL,
  `gender` varchar(50) NOT NULL,
  `birthday` date NOT NULL,
  `contactNumber` varchar(50) NOT NULL,
  `homeAddress` varchar(100) NOT NULL,
  `email` varchar(50) NOT NULL,
  `religion` varchar(50) NOT NULL,
  `fatherName` varchar(50) DEFAULT NULL,
  `fatherOccupation` varchar(50) DEFAULT NULL,
  `fatherContact` varchar(50) DEFAULT NULL,
  `fatherEmail` varchar(50) DEFAULT NULL,
  `motherName` varchar(50) DEFAULT NULL,
  `motherOccupation` varchar(50) DEFAULT NULL,
  `motherContact` varchar(50) DEFAULT NULL,
  `motherEmail` varchar(50) DEFAULT NULL,
  `guardianName` varchar(50) DEFAULT NULL,
  `guardianOccupation` varchar(50) DEFAULT NULL,
  `guardianContact` varchar(50) DEFAULT NULL,
  `guardianEmail` varchar(50) DEFAULT NULL,
  `dateCreated` datetime NOT NULL DEFAULT current_timestamp(),
  `dateUpdated` datetime NOT NULL DEFAULT current_timestamp() ON UPDATE current_timestamp()
) ENGINE=InnoDB DEFAULT CHARSET=latin1 COLLATE=latin1_swedish_ci;

--
-- Dumping data for table `students`
--

INSERT INTO `students` (`id`, `sr_code`, `lrn`, `firstName`, `middleName`, `lastName`, `gender`, `birthday`, `contactNumber`, `homeAddress`, `email`, `religion`, `fatherName`, `fatherOccupation`, `fatherContact`, `fatherEmail`, `motherName`, `motherOccupation`, `motherContact`, `motherEmail`, `guardianName`, `guardianOccupation`, `guardianContact`, `guardianEmail`, `dateCreated`, `dateUpdated`) VALUES
(136, '267001', 2147483647, 'Mateo', 'Jose', 'Santos', 'Male', '2013-05-12', '09171234567', 'Brgy 1 Nasugbu', 'mateo.s@email.com', 'Catholic', NULL, NULL, NULL, NULL, NULL, NULL, NULL, NULL, NULL, NULL, NULL, NULL, '2026-02-19 08:59:07', '2026-02-19 08:59:07'),
(137, '267002', 2147483647, 'Gabriel', 'Pedro', 'Reyes', 'Male', '2013-02-14', '09171234568', 'Brgy 2 Nasugbu', 'gabriel.r@email.com', 'Catholic', NULL, NULL, NULL, NULL, NULL, NULL, NULL, NULL, NULL, NULL, NULL, NULL, '2026-02-19 08:59:07', '2026-02-19 08:59:07'),
(138, '267003', 2147483647, 'Lucas', 'Juan', 'Cruz', 'Male', '2013-08-20', '09171234569', 'Brgy Wawa', 'lucas.c@email.com', 'Christian', NULL, NULL, NULL, NULL, NULL, NULL, NULL, NULL, NULL, NULL, NULL, NULL, '2026-02-19 08:59:07', '2026-02-19 08:59:07'),
(139, '267004', 2147483647, 'Ethan', 'Mark', 'Bautista', 'Male', '2013-11-03', '09171234570', 'Lian Batangas', 'ethan.b@email.com', 'Catholic', NULL, NULL, NULL, NULL, NULL, NULL, NULL, NULL, NULL, NULL, NULL, NULL, '2026-02-19 08:59:07', '2026-02-19 08:59:07'),
(140, '267005', 2147483647, 'Liam', 'Luke', 'Ocampo', 'Male', '2013-04-15', '09171234571', 'Tuy Batangas', 'liam.o@email.com', 'Catholic', NULL, NULL, NULL, NULL, NULL, NULL, NULL, NULL, NULL, NULL, NULL, NULL, '2026-02-19 08:59:07', '2026-02-19 08:59:07'),
(141, '267006', 2147483647, 'Noah', 'John', 'Garcia', 'Male', '2013-09-22', '09171234572', 'Balayan', 'noah.g@email.com', 'Inc', NULL, NULL, NULL, NULL, NULL, NULL, NULL, NULL, NULL, NULL, NULL, NULL, '2026-02-19 08:59:07', '2026-02-19 08:59:07'),
(142, '267007', 2147483647, 'Caleb', 'Paul', 'Mendoza', 'Male', '2013-01-30', '09171234573', 'Calaca', 'caleb.m@email.com', 'Catholic', NULL, NULL, NULL, NULL, NULL, NULL, NULL, NULL, NULL, NULL, NULL, NULL, '2026-02-19 08:59:07', '2026-02-19 08:59:07'),
(143, '267008', 2147483647, 'Daniel', 'Simon', 'Torres', 'Male', '2013-06-18', '09171234574', 'Lemery', 'daniel.t@email.com', 'Catholic', NULL, NULL, NULL, NULL, NULL, NULL, NULL, NULL, NULL, NULL, NULL, NULL, '2026-02-19 08:59:07', '2026-02-19 08:59:07'),
(144, '267009', 2147483647, 'Isaac', 'James', 'Flores', 'Male', '2013-12-05', '09171234575', 'Taal', 'isaac.f@email.com', 'Christian', NULL, NULL, NULL, NULL, NULL, NULL, NULL, NULL, NULL, NULL, NULL, NULL, '2026-02-19 08:59:07', '2026-02-19 08:59:07'),
(145, '267010', 2147483647, 'Samuel', 'Peter', 'Gonzales', 'Male', '2013-03-25', '09171234576', 'Nasugbu Pob', 'samuel.g@email.com', 'Catholic', NULL, NULL, NULL, NULL, NULL, NULL, NULL, NULL, NULL, NULL, NULL, NULL, '2026-02-19 08:59:07', '2026-02-19 08:59:07'),
(146, '267011', 2147483647, 'David', 'Andrew', 'Lopez', 'Male', '2013-07-11', '09171234577', 'Brgy Lumbangan', 'david.l@email.com', 'Catholic', NULL, NULL, NULL, NULL, NULL, NULL, NULL, NULL, NULL, NULL, NULL, NULL, '2026-02-19 08:59:07', '2026-02-19 08:59:07'),
(147, '267012', 2147483647, 'Joseph', 'Philip', 'Castillo', 'Male', '2013-10-09', '09171234578', 'Brgy Putat', 'joseph.c@email.com', 'Muslim', NULL, NULL, NULL, NULL, NULL, NULL, NULL, NULL, NULL, NULL, NULL, NULL, '2026-02-19 08:59:07', '2026-02-19 08:59:07'),
(148, '267013', 2147483647, 'Miguel', 'Thomas', 'Villanueva', 'Male', '2013-05-02', '09171234579', 'Brgy Bilaran', 'miguel.v@email.com', 'Catholic', NULL, NULL, NULL, NULL, NULL, NULL, NULL, NULL, NULL, NULL, NULL, NULL, '2026-02-19 08:59:07', '2026-02-19 08:59:07'),
(149, '267014', 2147483647, 'Angelo', 'Jude', 'Ramos', 'Male', '2013-08-14', '09171234580', 'Brgy Cogunan', 'angelo.r@email.com', 'Catholic', NULL, NULL, NULL, NULL, NULL, NULL, NULL, NULL, NULL, NULL, NULL, NULL, '2026-02-19 08:59:07', '2026-02-19 08:59:07'),
(150, '267015', 2147483647, 'Rafael', 'Levi', 'Diaz', 'Male', '2013-02-28', '09171234581', 'Brgy Reparo', 'rafael.d@email.com', 'Christian', NULL, NULL, NULL, NULL, NULL, NULL, NULL, NULL, NULL, NULL, NULL, NULL, '2026-02-19 08:59:07', '2026-02-19 08:59:07'),
(151, '267016', 2147483647, 'Kyle', 'Simeon', 'Rivera', 'Male', '2013-11-20', '09171234582', 'Brgy Talangan', 'kyle.r@email.com', 'Catholic', NULL, NULL, NULL, NULL, NULL, NULL, NULL, NULL, NULL, NULL, NULL, NULL, '2026-02-19 08:59:07', '2026-02-19 08:59:07'),
(152, '267017', 2147483647, 'Nathan', 'Dan', 'Aquino', 'Male', '2013-04-05', '09171234583', 'Brgy Looc', 'nathan.a@email.com', 'Catholic', NULL, NULL, NULL, NULL, NULL, NULL, NULL, NULL, NULL, NULL, NULL, NULL, '2026-02-19 08:59:07', '2026-02-19 08:59:07'),
(153, '267018', 2147483647, 'James', 'Naphtali', 'Dela Cruz', 'Male', '2013-09-15', '09171234584', 'Brgy Matingain', 'james.d@email.com', 'Catholic', NULL, NULL, NULL, NULL, NULL, NULL, NULL, NULL, NULL, NULL, NULL, NULL, '2026-02-19 08:59:07', '2026-02-19 08:59:07'),
(154, '267019', 2147483647, 'Christian', 'Gad', 'Fernandez', 'Male', '2013-01-10', '09171234585', 'Brgy Kaylaway', 'christian.f@email.com', 'Inc', NULL, NULL, NULL, NULL, NULL, NULL, NULL, NULL, NULL, NULL, NULL, NULL, '2026-02-19 08:59:07', '2026-02-19 08:59:07'),
(155, '267020', 2147483647, 'Francis', 'Asher', 'Moreno', 'Male', '2013-06-30', '09171234586', 'Brgy Aga', 'francis.m@email.com', 'Catholic', NULL, NULL, NULL, NULL, NULL, NULL, NULL, NULL, NULL, NULL, NULL, NULL, '2026-02-19 08:59:07', '2026-02-19 08:59:07'),
(156, '267021', 2147483647, 'Sophia', 'Jose', 'Santos', 'Female', '2013-05-13', '09171234587', 'Brgy 1 Nasugbu', 'sophia.s@email.com', 'Catholic', NULL, NULL, NULL, NULL, NULL, NULL, NULL, NULL, NULL, NULL, NULL, NULL, '2026-02-19 08:59:07', '2026-02-19 08:59:07'),
(157, '267022', 2147483647, 'Chloe', 'Pedro', 'Reyes', 'Female', '2013-02-15', '09171234588', 'Brgy 2 Nasugbu', 'chloe.r@email.com', 'Catholic', NULL, NULL, NULL, NULL, NULL, NULL, NULL, NULL, NULL, NULL, NULL, NULL, '2026-02-19 08:59:07', '2026-02-19 08:59:07'),
(158, '267023', 2147483647, 'Zoe', 'Juan', 'Cruz', 'Female', '2013-08-21', '09171234589', 'Brgy Wawa', 'zoe.c@email.com', 'Christian', NULL, NULL, NULL, NULL, NULL, NULL, NULL, NULL, NULL, NULL, NULL, NULL, '2026-02-19 08:59:07', '2026-02-19 08:59:07'),
(159, '267024', 2147483647, 'Yuna', 'Mark', 'Bautista', 'Female', '2013-11-04', '09171234590', 'Lian Batangas', 'yuna.b@email.com', 'Catholic', NULL, NULL, NULL, NULL, NULL, NULL, NULL, NULL, NULL, NULL, NULL, NULL, '2026-02-19 08:59:07', '2026-02-19 08:59:07'),
(160, '267025', 2147483647, 'Ava', 'Luke', 'Ocampo', 'Female', '2013-04-16', '09171234591', 'Tuy Batangas', 'ava.o@email.com', 'Catholic', NULL, NULL, NULL, NULL, NULL, NULL, NULL, NULL, NULL, NULL, NULL, NULL, '2026-02-19 08:59:07', '2026-02-19 08:59:07'),
(161, '267026', 2147483647, 'Mia', 'John', 'Garcia', 'Female', '2013-09-23', '09171234592', 'Balayan', 'mia.g@email.com', 'Inc', NULL, NULL, NULL, NULL, NULL, NULL, NULL, NULL, NULL, NULL, NULL, NULL, '2026-02-19 08:59:07', '2026-02-19 08:59:07'),
(162, '267027', 2147483647, 'Ella', 'Paul', 'Mendoza', 'Female', '2013-01-31', '09171234593', 'Calaca', 'ella.m@email.com', 'Catholic', NULL, NULL, NULL, NULL, NULL, NULL, NULL, NULL, NULL, NULL, NULL, NULL, '2026-02-19 08:59:07', '2026-02-19 08:59:07'),
(163, '267028', 2147483647, 'Isabella', 'Simon', 'Torres', 'Female', '2013-06-19', '09171234594', 'Lemery', 'isabella.t@email.com', 'Catholic', NULL, NULL, NULL, NULL, NULL, NULL, NULL, NULL, NULL, NULL, NULL, NULL, '2026-02-19 08:59:07', '2026-02-19 08:59:07'),
(164, '267029', 2147483647, 'Amara', 'James', 'Flores', 'Female', '2013-12-06', '09171234595', 'Taal', 'amara.f@email.com', 'Christian', NULL, NULL, NULL, NULL, NULL, NULL, NULL, NULL, NULL, NULL, NULL, NULL, '2026-02-19 08:59:07', '2026-02-19 08:59:07'),
(165, '267030', 2147483647, 'Sofia', 'Peter', 'Gonzales', 'Female', '2013-03-26', '09171234596', 'Nasugbu Pob', 'sofia.g@email.com', 'Catholic', NULL, NULL, NULL, NULL, NULL, NULL, NULL, NULL, NULL, NULL, NULL, NULL, '2026-02-19 08:59:07', '2026-02-19 08:59:07'),
(166, '267031', 2147483647, 'Camila', 'Andrew', 'Lopez', 'Female', '2013-07-12', '09171234597', 'Brgy Lumbangan', 'camila.l@email.com', 'Catholic', NULL, NULL, NULL, NULL, NULL, NULL, NULL, NULL, NULL, NULL, NULL, NULL, '2026-02-19 08:59:07', '2026-02-19 08:59:07'),
(167, '267032', 2147483647, 'Scarlet', 'Philip', 'Castillo', 'Female', '2013-10-10', '09171234598', 'Brgy Putat', 'scarlet.c@email.com', 'Muslim', NULL, NULL, NULL, NULL, NULL, NULL, NULL, NULL, NULL, NULL, NULL, NULL, '2026-02-19 08:59:07', '2026-02-19 08:59:07'),
(168, '267033', 2147483647, 'Victoria', 'Thomas', 'Villanueva', 'Female', '2013-05-03', '09171234599', 'Brgy Bilaran', 'victoria.v@email.com', 'Catholic', NULL, NULL, NULL, NULL, NULL, NULL, NULL, NULL, NULL, NULL, NULL, NULL, '2026-02-19 08:59:07', '2026-02-19 08:59:07'),
(169, '267034', 2147483647, 'Luna', 'Jude', 'Ramos', 'Female', '2013-08-15', '09171234600', 'Brgy Cogunan', 'luna.r@email.com', 'Catholic', NULL, NULL, NULL, NULL, NULL, NULL, NULL, NULL, NULL, NULL, NULL, NULL, '2026-02-19 08:59:07', '2026-02-19 08:59:07'),
(170, '267035', 2147483647, 'Grace', 'Levi', 'Diaz', 'Female', '2013-03-01', '09171234601', 'Brgy Reparo', 'grace.d@email.com', 'Christian', NULL, NULL, NULL, NULL, NULL, NULL, NULL, NULL, NULL, NULL, NULL, NULL, '2026-02-19 08:59:07', '2026-02-19 08:59:07'),
(171, '267036', 2147483647, 'Hannah', 'Simeon', 'Rivera', 'Female', '2013-11-21', '09171234602', 'Brgy Talangan', 'hannah.r@email.com', 'Catholic', NULL, NULL, NULL, NULL, NULL, NULL, NULL, NULL, NULL, NULL, NULL, NULL, '2026-02-19 08:59:07', '2026-02-19 08:59:07'),
(172, '267037', 2147483647, 'Lily', 'Dan', 'Aquino', 'Female', '2013-04-06', '09171234603', 'Brgy Looc', 'lily.a@email.com', 'Catholic', NULL, NULL, NULL, NULL, NULL, NULL, NULL, NULL, NULL, NULL, NULL, NULL, '2026-02-19 08:59:07', '2026-02-19 08:59:07'),
(173, '267038', 2147483647, 'Hazel', 'Naphtali', 'Dela Cruz', 'Female', '2013-09-16', '09171234604', 'Brgy Matingain', 'hazel.d@email.com', 'Catholic', NULL, NULL, NULL, NULL, NULL, NULL, NULL, NULL, NULL, NULL, NULL, NULL, '2026-02-19 08:59:07', '2026-02-19 08:59:07'),
(174, '267039', 2147483647, 'Violet', 'Gad', 'Fernandez', 'Female', '2013-01-11', '09171234605', 'Brgy Kaylaway', 'violet.f@email.com', 'Inc', NULL, NULL, NULL, NULL, NULL, NULL, NULL, NULL, NULL, NULL, NULL, NULL, '2026-02-19 08:59:07', '2026-02-19 08:59:07'),
(175, '267040', 2147483647, 'Aurora', 'Asher', 'Moreno', 'Female', '2013-07-01', '09171234606', 'Brgy Aga', 'aurora.m@email.com', 'Catholic', NULL, NULL, NULL, NULL, NULL, NULL, NULL, NULL, NULL, NULL, NULL, NULL, '2026-02-19 08:59:07', '2026-02-19 08:59:07'),
(176, '265001', 2147483647, 'Andres', 'Jose', 'Santos', 'Male', '2015-05-12', '09171234607', 'Brgy 1 Nasugbu', 'andres.s@email.com', 'Catholic', NULL, NULL, NULL, NULL, NULL, NULL, NULL, NULL, NULL, NULL, NULL, NULL, '2026-02-19 08:59:07', '2026-02-19 08:59:07'),
(177, '265002', 2147483647, 'Ben', 'Pedro', 'Reyes', 'Male', '2015-02-14', '09171234608', 'Brgy 2 Nasugbu', 'ben.r@email.com', 'Catholic', NULL, NULL, NULL, NULL, NULL, NULL, NULL, NULL, NULL, NULL, NULL, NULL, '2026-02-19 08:59:07', '2026-02-19 08:59:07'),
(178, '265003', 2147483647, 'Charlie', 'Juan', 'Cruz', 'Male', '2015-08-20', '09171234609', 'Brgy Wawa', 'charlie.c@email.com', 'Christian', NULL, NULL, NULL, NULL, NULL, NULL, NULL, NULL, NULL, NULL, NULL, NULL, '2026-02-19 08:59:08', '2026-02-19 08:59:08'),
(179, '265004', 2147483647, 'Diego', 'Mark', 'Bautista', 'Male', '2015-11-03', '09171234610', 'Lian Batangas', 'diego.b@email.com', 'Catholic', NULL, NULL, NULL, NULL, NULL, NULL, NULL, NULL, NULL, NULL, NULL, NULL, '2026-02-19 08:59:08', '2026-02-19 08:59:08'),
(180, '265005', 2147483647, 'Eli', 'Luke', 'Ocampo', 'Male', '2015-04-15', '09171234611', 'Tuy Batangas', 'eli.o@email.com', 'Catholic', NULL, NULL, NULL, NULL, NULL, NULL, NULL, NULL, NULL, NULL, NULL, NULL, '2026-02-19 08:59:08', '2026-02-19 08:59:08'),
(181, '265006', 2147483647, 'Felix', 'John', 'Garcia', 'Male', '2015-09-22', '09171234612', 'Balayan', 'felix.g@email.com', 'Inc', NULL, NULL, NULL, NULL, NULL, NULL, NULL, NULL, NULL, NULL, NULL, NULL, '2026-02-19 08:59:08', '2026-02-19 08:59:08'),
(182, '265007', 2147483647, 'Gino', 'Paul', 'Mendoza', 'Male', '2015-01-30', '09171234613', 'Calaca', 'gino.m@email.com', 'Catholic', NULL, NULL, NULL, NULL, NULL, NULL, NULL, NULL, NULL, NULL, NULL, NULL, '2026-02-19 08:59:08', '2026-02-19 08:59:08'),
(183, '265008', 2147483647, 'Harvey', 'Simon', 'Torres', 'Male', '2015-06-18', '09171234614', 'Lemery', 'harvey.t@email.com', 'Catholic', NULL, NULL, NULL, NULL, NULL, NULL, NULL, NULL, NULL, NULL, NULL, NULL, '2026-02-19 08:59:08', '2026-02-19 08:59:08'),
(184, '265009', 2147483647, 'Ian', 'James', 'Flores', 'Male', '2015-12-05', '09171234615', 'Taal', 'ian.f@email.com', 'Christian', NULL, NULL, NULL, NULL, NULL, NULL, NULL, NULL, NULL, NULL, NULL, NULL, '2026-02-19 08:59:08', '2026-02-19 08:59:08'),
(185, '265010', 2147483647, 'Jake', 'Peter', 'Gonzales', 'Male', '2015-03-25', '09171234616', 'Nasugbu Pob', 'jake.g@email.com', 'Catholic', NULL, NULL, NULL, NULL, NULL, NULL, NULL, NULL, NULL, NULL, NULL, NULL, '2026-02-19 08:59:08', '2026-02-19 08:59:08'),
(186, '265011', 2147483647, 'Kiko', 'Andrew', 'Lopez', 'Male', '2015-07-11', '09171234617', 'Brgy Lumbangan', 'kiko.l@email.com', 'Catholic', NULL, NULL, NULL, NULL, NULL, NULL, NULL, NULL, NULL, NULL, NULL, NULL, '2026-02-19 08:59:08', '2026-02-19 08:59:08'),
(187, '265012', 2147483647, 'Leo', 'Philip', 'Castillo', 'Male', '2015-10-09', '09171234618', 'Brgy Putat', 'leo.c@email.com', 'Muslim', NULL, NULL, NULL, NULL, NULL, NULL, NULL, NULL, NULL, NULL, NULL, NULL, '2026-02-19 08:59:08', '2026-02-19 08:59:08'),
(188, '265013', 2147483647, 'Milo', 'Thomas', 'Villanueva', 'Male', '2015-05-02', '09171234619', 'Brgy Bilaran', 'milo.v@email.com', 'Catholic', NULL, NULL, NULL, NULL, NULL, NULL, NULL, NULL, NULL, NULL, NULL, NULL, '2026-02-19 08:59:08', '2026-02-19 08:59:08'),
(189, '265014', 2147483647, 'Nico', 'Jude', 'Ramos', 'Male', '2015-08-14', '09171234620', 'Brgy Cogunan', 'nico.r@email.com', 'Catholic', NULL, NULL, NULL, NULL, NULL, NULL, NULL, NULL, NULL, NULL, NULL, NULL, '2026-02-19 08:59:08', '2026-02-19 08:59:08'),
(190, '265015', 2147483647, 'Oscar', 'Levi', 'Diaz', 'Male', '2015-02-28', '09171234621', 'Brgy Reparo', 'oscar.d@email.com', 'Christian', NULL, NULL, NULL, NULL, NULL, NULL, NULL, NULL, NULL, NULL, NULL, NULL, '2026-02-19 08:59:08', '2026-02-19 08:59:08'),
(191, '265016', 2147483647, 'Paolo', 'Simeon', 'Rivera', 'Male', '2015-11-20', '09171234622', 'Brgy Talangan', 'paolo.r@email.com', 'Catholic', NULL, NULL, NULL, NULL, NULL, NULL, NULL, NULL, NULL, NULL, NULL, NULL, '2026-02-19 08:59:08', '2026-02-19 08:59:08'),
(192, '265017', 2147483647, 'Quiel', 'Dan', 'Aquino', 'Male', '2015-04-05', '09171234623', 'Brgy Looc', 'quiel.a@email.com', 'Catholic', NULL, NULL, NULL, NULL, NULL, NULL, NULL, NULL, NULL, NULL, NULL, NULL, '2026-02-19 08:59:08', '2026-02-19 08:59:08'),
(193, '265018', 2147483647, 'Rico', 'Naphtali', 'Dela Cruz', 'Male', '2015-09-15', '09171234624', 'Brgy Matingain', 'rico.d@email.com', 'Catholic', NULL, NULL, NULL, NULL, NULL, NULL, NULL, NULL, NULL, NULL, NULL, NULL, '2026-02-19 08:59:08', '2026-02-19 08:59:08'),
(194, '265019', 2147483647, 'Santi', 'Gad', 'Fernandez', 'Male', '2015-01-10', '09171234625', 'Brgy Kaylaway', 'santi.f@email.com', 'Inc', NULL, NULL, NULL, NULL, NULL, NULL, NULL, NULL, NULL, NULL, NULL, NULL, '2026-02-19 08:59:08', '2026-02-19 08:59:08'),
(195, '265020', 2147483647, 'Toby', 'Asher', 'Moreno', 'Male', '2015-06-30', '09171234626', 'Brgy Aga', 'toby.m@email.com', 'Catholic', NULL, NULL, NULL, NULL, NULL, NULL, NULL, NULL, NULL, NULL, NULL, NULL, '2026-02-19 08:59:08', '2026-02-19 08:59:08'),
(196, '265021', 2147483647, 'Alice', 'Jose', 'Santos', 'Female', '2015-05-13', '09171234627', 'Brgy 1 Nasugbu', 'alice.s@email.com', 'Catholic', NULL, NULL, NULL, NULL, NULL, NULL, NULL, NULL, NULL, NULL, NULL, NULL, '2026-02-19 08:59:08', '2026-02-19 08:59:08'),
(197, '265022', 2147483647, 'Bea', 'Pedro', 'Reyes', 'Female', '2015-02-15', '09171234628', 'Brgy 2 Nasugbu', 'bea.r@email.com', 'Catholic', NULL, NULL, NULL, NULL, NULL, NULL, NULL, NULL, NULL, NULL, NULL, NULL, '2026-02-19 08:59:08', '2026-02-19 08:59:08'),
(198, '265023', 2147483647, 'Carla', 'Juan', 'Cruz', 'Female', '2015-08-21', '09171234629', 'Brgy Wawa', 'carla.c@email.com', 'Christian', NULL, NULL, NULL, NULL, NULL, NULL, NULL, NULL, NULL, NULL, NULL, NULL, '2026-02-19 08:59:08', '2026-02-19 08:59:08'),
(199, '265024', 2147483647, 'Dina', 'Mark', 'Bautista', 'Female', '2015-11-04', '09171234630', 'Lian Batangas', 'dina.b@email.com', 'Catholic', NULL, NULL, NULL, NULL, NULL, NULL, NULL, NULL, NULL, NULL, NULL, NULL, '2026-02-19 08:59:08', '2026-02-19 08:59:08'),
(200, '265025', 2147483647, 'Elsa', 'Luke', 'Ocampo', 'Female', '2015-04-16', '09171234631', 'Tuy Batangas', 'elsa.o@email.com', 'Catholic', NULL, NULL, NULL, NULL, NULL, NULL, NULL, NULL, NULL, NULL, NULL, NULL, '2026-02-19 08:59:08', '2026-02-19 08:59:08'),
(201, '265026', 2147483647, 'Faye', 'John', 'Garcia', 'Female', '2015-09-23', '09171234632', 'Balayan', 'faye.g@email.com', 'Inc', NULL, NULL, NULL, NULL, NULL, NULL, NULL, NULL, NULL, NULL, NULL, NULL, '2026-02-19 08:59:08', '2026-02-19 08:59:08'),
(202, '265027', 2147483647, 'Gia', 'Paul', 'Mendoza', 'Female', '2015-01-31', '09171234633', 'Calaca', 'gia.m@email.com', 'Catholic', NULL, NULL, NULL, NULL, NULL, NULL, NULL, NULL, NULL, NULL, NULL, NULL, '2026-02-19 08:59:08', '2026-02-19 08:59:08'),
(203, '265028', 2147483647, 'Hope', 'Simon', 'Torres', 'Female', '2015-06-19', '09171234634', 'Lemery', 'hope.t@email.com', 'Catholic', NULL, NULL, NULL, NULL, NULL, NULL, NULL, NULL, NULL, NULL, NULL, NULL, '2026-02-19 08:59:08', '2026-02-19 08:59:08'),
(204, '265029', 2147483647, 'Ivy', 'James', 'Flores', 'Female', '2015-12-06', '09171234635', 'Taal', 'ivy.f@email.com', 'Christian', NULL, NULL, NULL, NULL, NULL, NULL, NULL, NULL, NULL, NULL, NULL, NULL, '2026-02-19 08:59:08', '2026-02-19 08:59:08'),
(205, '265030', 2147483647, 'Jill', 'Peter', 'Gonzales', 'Female', '2015-03-26', '09171234636', 'Nasugbu Pob', 'jill.g@email.com', 'Catholic', NULL, NULL, NULL, NULL, NULL, NULL, NULL, NULL, NULL, NULL, NULL, NULL, '2026-02-19 08:59:08', '2026-02-19 08:59:08'),
(206, '265031', 2147483647, 'Kim', 'Andrew', 'Lopez', 'Female', '2015-07-12', '09171234637', 'Brgy Lumbangan', 'kim.l@email.com', 'Catholic', NULL, NULL, NULL, NULL, NULL, NULL, NULL, NULL, NULL, NULL, NULL, NULL, '2026-02-19 08:59:08', '2026-02-19 08:59:08'),
(207, '265032', 2147483647, 'Lia', 'Philip', 'Castillo', 'Female', '2015-10-10', '09171234638', 'Brgy Putat', 'lia.c@email.com', 'Muslim', NULL, NULL, NULL, NULL, NULL, NULL, NULL, NULL, NULL, NULL, NULL, NULL, '2026-02-19 08:59:08', '2026-02-19 08:59:08'),
(208, '265033', 2147483647, 'May', 'Thomas', 'Villanueva', 'Female', '2015-05-03', '09171234639', 'Brgy Bilaran', 'may.v@email.com', 'Catholic', NULL, NULL, NULL, NULL, NULL, NULL, NULL, NULL, NULL, NULL, NULL, NULL, '2026-02-19 08:59:08', '2026-02-19 08:59:08'),
(209, '265034', 2147483647, 'Nina', 'Jude', 'Ramos', 'Female', '2015-08-15', '09171234640', 'Brgy Cogunan', 'nina.r@email.com', 'Catholic', NULL, NULL, NULL, NULL, NULL, NULL, NULL, NULL, NULL, NULL, NULL, NULL, '2026-02-19 08:59:08', '2026-02-19 08:59:08'),
(210, '265035', 2147483647, 'Olive', 'Levi', 'Diaz', 'Female', '2015-03-01', '09171234641', 'Brgy Reparo', 'olive.d@email.com', 'Christian', NULL, NULL, NULL, NULL, NULL, NULL, NULL, NULL, NULL, NULL, NULL, NULL, '2026-02-19 08:59:08', '2026-02-19 08:59:08'),
(211, '265036', 2147483647, 'Pia', 'Simeon', 'Rivera', 'Female', '2015-11-21', '09171234642', 'Brgy Talangan', 'pia.r@email.com', 'Catholic', NULL, NULL, NULL, NULL, NULL, NULL, NULL, NULL, NULL, NULL, NULL, NULL, '2026-02-19 08:59:08', '2026-02-19 08:59:08'),
(212, '265037', 2147483647, 'Queen', 'Dan', 'Aquino', 'Female', '2015-04-06', '09171234643', 'Brgy Looc', 'queen.a@email.com', 'Catholic', NULL, NULL, NULL, NULL, NULL, NULL, NULL, NULL, NULL, NULL, NULL, NULL, '2026-02-19 08:59:08', '2026-02-19 08:59:08'),
(213, '265038', 2147483647, 'Rose', 'Naphtali', 'Dela Cruz', 'Female', '2015-09-16', '09171234644', 'Brgy Matingain', 'rose.d@email.com', 'Catholic', NULL, NULL, NULL, NULL, NULL, NULL, NULL, NULL, NULL, NULL, NULL, NULL, '2026-02-19 08:59:08', '2026-02-19 08:59:08'),
(214, '265039', 2147483647, 'Sol', 'Gad', 'Fernandez', 'Female', '2015-01-11', '09171234645', 'Brgy Kaylaway', 'sol.f@email.com', 'Inc', NULL, NULL, NULL, NULL, NULL, NULL, NULL, NULL, NULL, NULL, NULL, NULL, '2026-02-19 08:59:08', '2026-02-19 08:59:08'),
(215, '265040', 2147483647, 'Tess', 'Asher', 'Moreno', 'Female', '2015-07-01', '09171234646', 'Brgy Aga', 'tess.m@email.com', 'Catholic', NULL, NULL, NULL, NULL, NULL, NULL, NULL, NULL, NULL, NULL, NULL, NULL, '2026-02-19 08:59:08', '2026-02-19 08:59:08');

-- --------------------------------------------------------

--
-- Table structure for table `subjects`
--

CREATE TABLE `subjects` (
  `id` int(11) NOT NULL,
  `courseCode` varchar(50) NOT NULL,
  `courseTitle` varchar(100) NOT NULL,
  `gradeLevel` varchar(100) NOT NULL,
  `semester` varchar(50) NOT NULL,
  `subjectType` varchar(50) NOT NULL,
  `subjectArea` varchar(100) NOT NULL,
  `contactHours` varchar(50) NOT NULL,
  `dateCreated` datetime NOT NULL DEFAULT current_timestamp(),
  `dateUpdated` datetime NOT NULL DEFAULT current_timestamp() ON UPDATE current_timestamp()
) ENGINE=InnoDB DEFAULT CHARSET=latin1 COLLATE=latin1_swedish_ci;

--
-- Dumping data for table `subjects`
--

INSERT INTO `subjects` (`id`, `courseCode`, `courseTitle`, `gradeLevel`, `semester`, `subjectType`, `subjectArea`, `contactHours`, `dateCreated`, `dateUpdated`) VALUES
(1, 'Filipino 7', 'Panitikang Panrehiyon at Panuntunang Pambaralila', 'Grade 7', '', '', 'Language', '3', '2025-03-22 13:50:50', '2025-03-22 13:50:50'),
(2, 'English 7', 'Communication Arts Skills with Philippine Literature', 'Grade 7', '', '', 'Language', '4', '2025-03-22 13:51:36', '2025-03-22 13:51:36'),
(3, 'Mathematics 7', 'Algebra 1', 'Grade 7', '', '', 'Math', '5', '2025-03-22 13:52:11', '2025-03-22 13:52:11'),
(4, 'Science 7', 'Earth Science', 'Grade 7', '', '', 'Science', '3', '2025-03-22 13:52:39', '2025-03-22 13:52:39'),
(5, 'Technology 7', 'Robotics', 'Grade 7', '', '', 'TLE', '3', '2025-03-22 13:53:17', '2025-03-22 13:53:17'),
(6, 'Computer Science 7', 'Introduction to Computer Programming', 'Grade 7', '', '', 'TLE', '3', '2025-03-22 13:53:43', '2025-03-22 13:53:43'),
(7, 'Drawing 1', 'Freehand, Mechanical, Architectural, and Introduction to AutoCAD', 'Grade 7', '', '', 'TLE', '3', '2025-03-22 13:54:31', '2025-03-22 13:54:31'),
(8, 'Araling Panlipunan 7', 'Araling Asyano', 'Grade 7', '', '', 'AP', '3', '2025-03-22 13:55:04', '2025-03-22 13:55:04'),
(9, 'Edukasyon sa Pagpapahalaga 7', 'Pananagutang Pansarili', 'Grade 7', '', '', 'ESP', '2', '2025-03-22 13:55:36', '2025-03-22 13:55:36'),
(10, 'MAPEH 7', 'Music, Arts, Physical Education, and Health', 'Grade 7', '', '', 'MAPEH', '4', '2025-03-22 13:56:05', '2025-03-22 13:56:05'),
(11, 'Fil 1', 'Filipino 1', 'Grade 1', '', '', 'Filipino', '2.50', '2026-02-19 09:12:49', '2026-02-19 09:12:49'),
(12, 'Eng 1', 'English 1', 'Grade 1', '', '', 'English', '2.50', '2026-02-19 09:13:17', '2026-02-19 09:13:17'),
(13, 'Math 1', 'Mathematics 1', 'Grade 1', '', '', 'Math', '4.25', '2026-02-19 09:14:14', '2026-02-19 09:14:14'),
(14, 'AP 1', 'Araling Panlipunan 1', 'Grade 1', '', '', 'AP', '3.50', '2026-02-19 09:14:56', '2026-02-19 09:14:56'),
(15, 'MAPEH 1', 'MAPEH 1 (Music, Arts, Physical Education and Health)', 'Grade 1', '', '', 'MAPEH', '3.50', '2026-02-19 09:15:24', '2026-02-19 09:15:24'),
(16, 'ESP 1', 'Edukasyon sa Pagpapakatao 1', 'Grade 1', '', '', 'ESP', '2.50', '2026-02-19 09:15:51', '2026-02-19 09:15:51'),
(17, 'Comp 1', 'Computer 1', 'Grade 1', '', '', 'TLE', '1.00', '2026-02-19 09:16:58', '2026-02-19 09:16:58'),
(18, 'Fil 2', 'Filipino 2', 'Grade 2', '', '', 'Filipino', '4.25', '2026-02-19 09:17:35', '2026-02-19 09:17:35'),
(19, 'Eng 2', 'English 2', 'Grade 2', '', '', 'English', '4.25', '2026-02-19 09:23:22', '2026-02-19 09:23:22'),
(20, 'Math 2', 'Mathematics 2', 'Grade 2', '', '', 'Math', '4.25', '2026-02-19 09:24:03', '2026-02-19 09:24:03'),
(21, 'AP 2', 'Araling Panlipunan 2', 'Grade 2', '', '', 'AP', '3.50', '2026-02-19 09:24:52', '2026-02-19 09:24:52'),
(22, 'MAPEH 2', 'MAPEH 2 (Music, Arts, Physical Education and Health)', 'Grade 2', '', '', 'MAPEH', '3.50', '2026-02-19 09:25:18', '2026-02-19 09:25:18'),
(23, 'ESP 2', 'Edukasyon sa Pagpapakatao 2', 'Grade 2', '', '', 'ESP', '2.50', '2026-02-19 09:25:49', '2026-02-19 09:25:49'),
(24, 'Comp 2', 'Computer 2', 'Grade 2', '', '', 'TLE', '1.00', '2026-02-19 09:26:16', '2026-02-19 09:26:16'),
(25, 'Fil 3', 'Filipino 3', 'Grade 3', '', '', 'Filipino', '4.25', '2026-02-19 09:26:41', '2026-02-19 09:26:41'),
(26, 'Eng 3', 'English 3', 'Grade 3', '', '', 'English', '4.25', '2026-02-19 09:27:05', '2026-02-19 09:27:05'),
(27, 'Math 3', 'Mathematics 3', 'Grade 3', '', '', 'Math', '4.25', '2026-02-19 09:27:31', '2026-02-19 09:27:31'),
(28, 'Sci 3', 'Science 3', 'Grade 3', '', '', 'Science', '4.25', '2026-02-19 09:27:54', '2026-02-19 09:27:54'),
(29, 'AP 3', 'Araling Panlipunan 3', 'Grade 3', '', '', 'AP', '3.50', '2026-02-19 09:28:18', '2026-02-19 09:28:18'),
(30, 'MAPEH 3', 'MAPEH 3 (Music, Arts, Physical Education and Health)', 'Grade 3', '', '', 'MAPEH', '3.50', '2026-02-19 09:28:46', '2026-02-19 09:28:46'),
(31, 'ESP 3', 'Edukasyon sa Pagpapakatao 3', 'Grade 3', '', '', 'ESP', '2.50', '2026-02-19 09:29:07', '2026-02-19 09:29:07'),
(32, 'Comp 3', 'Comp 3', 'Grade 3', '', '', 'TLE', '2.00', '2026-02-19 09:29:31', '2026-02-19 09:29:31'),
(33, 'Fil 4', 'Filipino 4', 'Grade 4', '', '', 'Filipino', '4.25', '2026-02-19 09:29:53', '2026-02-19 09:29:53'),
(34, 'Eng 4', 'English 4', 'Grade 4', '', '', 'English', '4.25', '2026-02-19 09:30:12', '2026-02-19 09:30:12'),
(35, 'Math 4', 'Mathematics 4', 'Grade 4', '', '', 'Math', '4.25', '2026-02-19 09:30:32', '2026-02-19 09:30:32'),
(36, 'Sci 4', 'Science 4', 'Grade 4', '', '', 'Science', '4.25', '2026-02-19 09:30:54', '2026-02-19 09:30:54'),
(37, 'AP 4', 'Araling Panlipunan 4', 'Grade 4', '', '', 'AP', '3.50', '2026-02-19 09:31:17', '2026-02-19 09:31:17'),
(38, 'EPP 4', 'Edukasyon Pantahanan at Pangkabuhayan 4', 'Grade 4', '', '', 'EPP', '4.25', '2026-02-19 09:31:44', '2026-02-19 09:33:01'),
(39, 'MAPEH 4', 'MAPEH 4 (Music, Arts, Physical Education and Health)', 'Grade 4', '', '', 'MAPEH', '3.50', '2026-02-19 09:32:17', '2026-02-19 09:32:17'),
(40, 'ESP 4', 'Edukasyon sa Pagpapakatao 4', 'Grade 4', '', '', 'ESP', '2.50', '2026-02-19 09:32:53', '2026-02-19 09:32:53'),
(41, 'Comp 4', 'Computer 4', 'Grade 4', '', '', 'TLE', '2.00', '2026-02-19 09:33:36', '2026-02-19 09:33:36'),
(42, 'Fil 5', 'Filipino 5', 'Grade 5', '', '', 'Filipino', '4.25', '2026-02-19 09:34:38', '2026-02-19 09:34:38'),
(43, 'Eng 5', 'English 5', 'Grade 5', '', '', 'English', '4.25', '2026-02-19 09:35:03', '2026-02-19 09:35:03'),
(44, 'Math 5', 'Mathematics 5', 'Grade 5', '', '', 'Math', '4.25', '2026-02-19 09:35:33', '2026-02-19 09:35:33'),
(45, 'Sci 5', 'Science 5', 'Grade 5', '', '', 'Science', '4.25', '2026-02-19 09:36:16', '2026-02-19 09:36:16'),
(46, 'AP 5', 'Araling Panlipunan 5', 'Grade 5', '', '', 'AP', '3.50', '2026-02-19 09:36:39', '2026-02-19 09:36:39'),
(47, 'EPP 5', 'Edukasyon Pantahanan at Pangkabuhayan 5', 'Grade 5', '', '', 'EPP', '4.25', '2026-02-19 09:37:05', '2026-02-19 09:37:05'),
(48, 'MAPEH 5', 'MAPEH 5 (Music, Arts, Physical Education and Health)', 'Grade 5', '', '', 'MAPEH', '3.50', '2026-02-19 09:37:27', '2026-02-19 09:37:27'),
(49, 'ESP 5', 'Edukasyon sa Pagpapakatao 5', 'Grade 5', '', '', 'ESP', '2.50', '2026-02-19 09:37:53', '2026-02-19 09:37:53'),
(50, 'Comp 5', 'Computer 5', 'Grade 5', '', '', 'TLE', '2.00', '2026-02-19 09:38:25', '2026-02-19 09:38:25'),
(51, 'Fil 6', 'Filipino 6', 'Grade 6', '', '', 'Filipino', '4.25', '2026-02-19 09:38:45', '2026-02-19 09:38:45'),
(52, 'Eng 6', 'English 6', 'Grade 6', '', '', 'English', '4.25', '2026-02-19 09:39:04', '2026-02-19 09:39:04'),
(53, 'Math 6', 'Mathematics 6', 'Grade 6', '', '', 'Math', '4.25', '2026-02-19 09:39:27', '2026-02-19 09:39:27'),
(54, 'Sci 6', 'Science 6', 'Grade 6', '', '', 'Science', '4.25', '2026-02-19 09:39:49', '2026-02-19 09:39:49'),
(55, 'AP 6', 'Araling Panlipunan 6', 'Grade 6', '', '', 'AP', '3.50', '2026-02-19 09:40:17', '2026-02-19 09:40:17'),
(56, 'EPP 6', 'Edukasyon Pantahanan at Pangkabuhayan 6', 'Grade 6', '', '', 'EPP', '4.25', '2026-02-19 09:40:47', '2026-02-19 09:40:47'),
(57, 'MAPEH 6', 'MAPEH 6 (Music, Arts, Physical Education and Health)', 'Grade 6', '', '', 'MAPEH', '3.25', '2026-02-19 09:41:17', '2026-02-19 09:41:17'),
(58, 'ESP 6', 'Edukasyon sa Pagpapakatao 6', 'Grade 6', '', '', 'ESP', '2.50', '2026-02-19 09:41:44', '2026-02-19 09:41:44'),
(59, 'Comp 6', 'Computer 6', 'Grade 6', '', '', 'TLE', '2.00', '2026-02-19 09:42:07', '2026-02-19 09:42:07'),
(60, 'Filipino 8', 'Pambansang Panitikan at Panuntunang Pambalarila', 'Grade 8', '', '', 'Filipino', '3', '2026-02-19 09:44:37', '2026-02-19 09:44:37'),
(61, 'English 8', 'Communication Arts Skills with Afro-Asian Literature', 'Grade 8', '', '', 'English', '4', '2026-02-19 09:44:58', '2026-02-19 09:44:58'),
(62, 'Mathematics 8', 'Algebra 2', 'Grade 8', '', '', 'Math', '5', '2026-02-19 09:45:21', '2026-02-19 09:45:21'),
(63, 'Science 8-A', 'General Biology', 'Grade 8', '', '', 'Science', '3', '2026-02-19 09:46:23', '2026-02-19 09:46:23'),
(64, 'Science 8-B', 'Environmental Science', 'Grade 8', '', '', 'Science', '3', '2026-02-19 09:46:43', '2026-02-19 09:46:43'),
(65, 'Technology 8', 'Exploratory (Electricity, Electronics, Robotics, and CHS)', 'Grade 8', '', '', 'TLE', '3', '2026-02-19 09:47:19', '2026-02-19 09:47:19'),
(66, 'Computer Science 8', 'Web Development', 'Grade 8', '', '', 'TLE', '3', '2026-02-19 09:48:06', '2026-02-19 09:48:06'),
(67, 'Drawing 2', 'AutoCAD', 'Grade 8', '', '', 'TLE', '3', '2026-02-19 09:48:33', '2026-02-19 09:48:33'),
(68, 'Araling Panlipunan 8', 'Kasaysayan ng Mundo', 'Grade 8', '', '', 'AP', '3', '2026-02-19 09:48:58', '2026-02-19 09:48:58'),
(69, 'Edukasyon sa Pagpapahalaga 8', 'Pakikipagkapwa at Katatagan ng Pamilya', 'Grade 8', '', '', 'EPP', '2', '2026-02-19 09:49:25', '2026-02-19 09:49:25'),
(70, 'MAPEH 8', 'Music, Arts, Physical Education, and Health', 'Grade 8', '', '', 'MAPEH', '4', '2026-02-19 09:49:44', '2026-02-19 09:49:44'),
(71, 'Filipino 9', 'Saling-akdang Asyano at Panuntunang Pambalarila', 'Grade 9', '', '', 'Filipino', '3', '2026-02-19 09:53:41', '2026-02-19 09:53:41'),
(72, 'English 9', 'Communication Arts Skills with Anglo-American  Literature', 'Grade 9', '', '', 'English', '4', '2026-02-19 09:53:57', '2026-02-19 09:53:57'),
(73, 'Mathematics 9', 'Trigonometry and Advanced Algebra', 'Grade 9', '', '', 'Math', '5', '2026-02-19 09:54:20', '2026-02-19 09:54:20'),
(74, 'Science 9-A', 'General Chemistry 1', 'Grade 9', '', '', 'Science', '4', '2026-02-19 09:54:49', '2026-02-19 09:54:49'),
(75, 'Science 9-B', 'General Physics 1', 'Grade 9', '', '', 'Science', '3', '2026-02-19 09:55:10', '2026-02-19 09:55:10'),
(76, 'Technology 9', 'Specialization (Electricity or Robotics)', 'Grade 9', '', '', 'TLE', '4', '2026-02-19 09:55:28', '2026-02-19 09:55:28'),
(77, 'Computer Science 9', 'Data Structures and Algorithms', 'Grade 9', '', '', 'TLE', '3', '2026-02-19 09:55:53', '2026-02-19 09:55:53'),
(78, 'Araling Panlipunan 9', 'Ekonomiks', 'Grade 9', '', '', 'AP', '3', '2026-02-19 09:56:15', '2026-02-19 09:56:15'),
(79, 'Edukasyon sa Pagpapahalaga 9', 'Paggawa tungo sa Pambansang Pag-unlad at Pakikibahagi sa Pandaigdigang Pagkakaisa', 'Grade 9', '', '', 'EPP', '2', '2026-02-19 09:56:35', '2026-02-19 09:56:35'),
(80, 'MAPEH 9', 'Music, Arts, Physical Education, and Health', 'Grade 9', '', '', 'MAPEH', '4', '2026-02-19 09:57:02', '2026-02-19 09:57:02'),
(81, 'Filipino 10', 'Saling-akdang Pandaigdig at Panuntunang Pambalarila', 'Grade 10', '', '', 'Filipino', '3', '2026-02-19 09:57:26', '2026-02-19 09:57:26'),
(82, 'English 10', 'Communication Arts Skills with World Literature', 'Grade 9', '', '', 'English', '4', '2026-02-19 09:57:49', '2026-02-19 09:57:49'),
(83, 'Mathematics 10-A', 'Plane and Solid Geometry', 'Grade 10', '', '', 'Math', '3', '2026-02-19 09:58:14', '2026-02-19 09:58:14'),
(84, 'Mathematics 10-B', 'Statistics and Probability', 'Grade 10', '', '', 'Math', '3', '2026-02-19 09:58:50', '2026-02-19 09:58:50'),
(85, 'Science 10', 'General Physics 2', 'Grade 10', '', '', 'Science', '4', '2026-02-19 09:59:14', '2026-02-19 09:59:14'),
(86, 'Research 1', 'Introduction to Quantitative and Qualitative Research', 'Grade 10', '', '', 'Research 2', '3', '2026-02-19 09:59:37', '2026-02-19 09:59:37'),
(87, 'Technology 10', 'Specialization (Electricity or Robotics)', 'Grade 10', '', '', 'TLE', '4', '2026-02-19 09:59:58', '2026-02-19 09:59:58'),
(88, 'Computer Science 10', 'Object-Oriented Programming', 'Grade 10', '', '', 'Data Science', '3', '2026-02-19 10:00:35', '2026-02-19 10:00:35'),
(89, 'Araling Panlipunan 10', 'Mga Kontemporaryong Isyu', 'Grade 10', '', '', 'AP', '3', '2026-02-19 10:00:57', '2026-02-19 10:00:57'),
(90, 'Edukasyon sa Pagpapahalaga 10', 'Pagkamaka-Diyos at Preperensiya sa Kabutihan', 'Grade 9', '', '', 'EPP', '2', '2026-02-19 10:01:15', '2026-02-19 10:01:15'),
(91, 'MAPEH 10', 'Music, Arts, Physical Education, and Health', 'Grade 10', '', '', 'MAPEH', '4', '2026-02-19 10:01:35', '2026-02-19 10:01:35');

-- --------------------------------------------------------

--
-- Table structure for table `subject_grades`
--

CREATE TABLE `subject_grades` (
  `id` int(11) NOT NULL,
  `q1_grade` varchar(50) NOT NULL,
  `q2_grade` varchar(50) NOT NULL,
  `q3_grade` varchar(50) NOT NULL,
  `q4_grade` varchar(50) NOT NULL,
  `load_id` int(11) NOT NULL,
  `school_year_id` int(11) NOT NULL,
  `student_id` int(11) NOT NULL,
  `dateCreated` datetime NOT NULL DEFAULT current_timestamp(),
  `dateUpdated` datetime DEFAULT current_timestamp() ON UPDATE current_timestamp()
) ENGINE=InnoDB DEFAULT CHARSET=utf8mb4 COLLATE=utf8mb4_general_ci;

--
-- Dumping data for table `subject_grades`
--

INSERT INTO `subject_grades` (`id`, `q1_grade`, `q2_grade`, `q3_grade`, `q4_grade`, `load_id`, `school_year_id`, `student_id`, `dateCreated`, `dateUpdated`) VALUES
(1, '95', '80', '91', '93', 4, 1, 57, '2025-03-22 15:28:40', '2026-02-11 10:34:38'),
(2, '94', '79', '90', '91', 4, 1, 56, '2025-03-22 15:28:40', '2026-02-11 10:34:38'),
(3, '95', '73', '86', '90', 4, 1, 55, '2025-03-22 15:28:40', '2026-02-11 10:34:38'),
(4, '95', '', '', '', 4, 1, 21, '2025-03-22 15:28:40', '2025-03-22 15:28:40'),
(5, '95', '88', '95', '87', 4, 1, 54, '2025-03-22 15:28:40', '2026-02-11 10:34:38'),
(6, '97', '', '', '', 20, 1, 57, '2026-02-12 10:48:14', '2026-02-12 10:48:14'),
(7, '97', '', '', '', 20, 1, 56, '2026-02-12 10:48:14', '2026-02-12 10:48:14'),
(8, '91', '', '', '', 20, 1, 55, '2026-02-12 10:48:14', '2026-02-12 10:48:14'),
(9, '91', '', '', '', 20, 1, 54, '2026-02-12 10:48:14', '2026-02-12 10:48:14'),
(10, '94', '', '', '', 4, 1, 68, '2026-02-13 11:48:51', '2026-02-13 11:48:51'),
(11, '97', '', '', '', 4, 1, 66, '2026-02-13 11:48:51', '2026-02-13 11:48:51'),
(12, '92', '', '', '', 4, 1, 62, '2026-02-13 11:48:51', '2026-02-13 11:48:51'),
(13, '92', '', '', '', 4, 1, 67, '2026-02-13 11:48:51', '2026-02-13 11:48:51'),
(14, '93', '', '', '', 4, 1, 63, '2026-02-13 11:48:51', '2026-02-13 11:48:51'),
(15, '92', '', '', '', 4, 1, 65, '2026-02-13 11:48:51', '2026-02-13 11:48:51'),
(16, '88', '', '', '', 4, 1, 78, '2026-02-13 11:48:51', '2026-02-13 11:48:51'),
(17, '91', '', '', '', 4, 1, 71, '2026-02-13 11:48:51', '2026-02-13 11:48:51'),
(18, '91', '', '', '', 4, 1, 76, '2026-02-13 11:48:51', '2026-02-13 11:48:51'),
(19, '90', '', '', '', 4, 1, 72, '2026-02-13 11:48:51', '2026-02-13 11:48:51'),
(20, '91', '', '', '', 4, 1, 77, '2026-02-13 11:48:51', '2026-02-13 11:48:51'),
(21, '93', '', '', '', 4, 1, 74, '2026-02-13 11:48:51', '2026-02-13 11:48:51'),
(22, '89', '', '', '', 4, 1, 73, '2026-02-13 11:48:51', '2026-02-13 11:48:51'),
(23, '96', '', '', '', 4, 1, 75, '2026-02-13 11:48:51', '2026-02-13 11:48:51'),
(24, '91', '', '', '', 4, 1, 70, '2026-02-13 11:48:51', '2026-02-13 11:48:51'),
(25, '90', '', '', '', 4, 1, 69, '2026-02-13 11:48:51', '2026-02-13 11:48:51'),
(26, '99', '96', '', '', 41, 2, 68, '2026-02-16 14:37:23', '2026-02-16 14:53:28'),
(27, '91', '95', '', '', 41, 2, 66, '2026-02-16 14:37:23', '2026-02-16 14:53:28'),
(28, '93', '94', '', '', 41, 2, 62, '2026-02-16 14:37:23', '2026-02-16 14:53:28'),
(29, '90', '90', '', '', 41, 2, 56, '2026-02-16 14:37:23', '2026-02-16 14:53:28'),
(30, '87', '92', '', '', 41, 2, 55, '2026-02-16 14:37:23', '2026-02-16 14:53:28'),
(31, '89', '92', '', '', 41, 2, 63, '2026-02-16 14:37:23', '2026-02-16 14:53:28'),
(32, '89', '94', '', '', 41, 2, 65, '2026-02-16 14:37:23', '2026-02-16 14:53:28'),
(33, '88', '94', '', '', 41, 2, 110, '2026-02-16 14:37:23', '2026-02-16 14:53:28'),
(34, '89', '95', '', '', 41, 2, 54, '2026-02-16 14:37:23', '2026-02-16 14:53:28'),
(35, '98', '97', '', '', 41, 2, 57, '2026-02-16 14:37:23', '2026-02-16 14:53:28'),
(36, '98', '97', '', '', 41, 2, 69, '2026-02-16 14:37:23', '2026-02-16 14:53:28'),
(37, '92', '', '', '', 33, 2, 67, '2026-02-16 14:50:30', '2026-02-16 14:50:30'),
(38, '90', '', '', '', 33, 2, 107, '2026-02-16 14:50:30', '2026-02-16 14:50:30'),
(39, '90', '', '', '', 33, 2, 79, '2026-02-16 14:50:30', '2026-02-16 14:50:30'),
(40, '90', '', '', '', 33, 2, 106, '2026-02-16 14:50:30', '2026-02-16 14:50:30'),
(41, '91', '', '', '', 33, 2, 105, '2026-02-16 14:50:30', '2026-02-16 14:50:30'),
(42, '94', '', '', '', 33, 2, 108, '2026-02-16 14:50:30', '2026-02-16 14:50:30'),
(43, '96', '', '', '', 33, 2, 80, '2026-02-16 14:50:30', '2026-02-16 14:50:30'),
(44, '91', '', '', '', 33, 2, 71, '2026-02-16 14:50:30', '2026-02-16 14:50:30'),
(45, '93', '', '', '', 33, 2, 72, '2026-02-16 14:50:30', '2026-02-16 14:50:30'),
(46, '91', '', '', '', 33, 2, 74, '2026-02-16 14:50:30', '2026-02-16 14:50:30'),
(47, '92', '', '', '', 33, 2, 73, '2026-02-16 14:50:30', '2026-02-16 14:50:30'),
(48, '95', '', '', '', 33, 2, 70, '2026-02-16 14:50:30', '2026-02-16 14:50:30');

-- --------------------------------------------------------

--
-- Table structure for table `submit_grades`
--

CREATE TABLE `submit_grades` (
  `id` int(11) NOT NULL,
  `load_id` int(11) NOT NULL,
  `faculty_id` int(11) NOT NULL,
  `quarter` int(11) NOT NULL,
  `status` varchar(50) NOT NULL,
  `dateCreated` datetime NOT NULL DEFAULT current_timestamp(),
  `dateUpdated` datetime NOT NULL DEFAULT current_timestamp() ON UPDATE current_timestamp()
) ENGINE=InnoDB DEFAULT CHARSET=utf8mb4 COLLATE=utf8mb4_general_ci;

--
-- Dumping data for table `submit_grades`
--

INSERT INTO `submit_grades` (`id`, `load_id`, `faculty_id`, `quarter`, `status`, `dateCreated`, `dateUpdated`) VALUES
(7, 4, 1, 1, 'submit', '2026-02-13 11:48:51', '2026-02-13 11:48:51'),
(8, 41, 1, 2, 'submit', '2026-02-16 14:37:23', '2026-02-16 14:37:23'),
(9, 33, 1, 1, 'submit', '2026-02-16 14:50:30', '2026-02-16 14:50:30'),
(10, 41, 1, 1, 'submit', '2026-02-16 14:53:28', '2026-02-16 14:53:28');

-- --------------------------------------------------------

--
-- Table structure for table `users`
--

CREATE TABLE `users` (
  `id` int(11) NOT NULL,
  `username` varchar(50) NOT NULL,
  `password` varchar(50) NOT NULL,
  `email` varchar(50) NOT NULL,
  `image` varchar(100) NOT NULL,
  `userType` varchar(50) NOT NULL,
  `user_id` int(11) NOT NULL,
  `status` varchar(50) NOT NULL,
  `online_status` varchar(50) NOT NULL,
  `dateCreated` datetime NOT NULL DEFAULT current_timestamp(),
  `dateUpdated` datetime NOT NULL DEFAULT current_timestamp() ON UPDATE current_timestamp()
) ENGINE=InnoDB DEFAULT CHARSET=latin1 COLLATE=latin1_swedish_ci;

--
-- Dumping data for table `users`
--

INSERT INTO `users` (`id`, `username`, `password`, `email`, `image`, `userType`, `user_id`, `status`, `online_status`, `dateCreated`, `dateUpdated`) VALUES
(1, 'admin', '21232f297a57a5a743894a0e4a801fc3', 'admin@gmail.com', '', 'admin', 0, 'enabled', 'online', '2024-06-24 15:57:18', '2026-02-19 10:49:23'),
(42, '01594', '21232f297a57a5a743894a0e4a801fc3', 'lorenjane.balan@gmail.com', '', 'faculty', 1, 'enabled', 'offline', '2025-02-20 15:17:54', '2026-02-19 08:15:15'),
(43, '01234', '21232f297a57a5a743894a0e4a801fc3', '', '', 'registrar', 2, 'enabled', 'offline', '2025-02-20 15:25:41', '2026-02-18 11:58:39'),
(44, '2272458', 'ce39108646533d11722fd039998bb653', 'maria.perez@gmail.com', '', 'student', 21, 'enabled', 'online', '2025-02-20 15:32:33', '2025-10-02 17:10:59'),
(45, '2272458', 'b796de94c4cb2cc0f0d46f4ab06c1fd4', 'maria.perez@gmail.com', '', 'parent', 21, 'enabled', 'offline', '2025-02-20 15:32:33', '2025-02-20 15:32:33'),
(46, '01595', '21232f297a57a5a743894a0e4a801fc3', '', '', 'faculty', 3, 'enabled', 'offline', '2025-03-22 11:53:21', '2026-02-18 13:31:27'),
(47, '01596', '94f94d77741ac308c335659fc73beaa1', '', '', 'faculty', 4, 'enabled', 'offline', '2025-03-22 11:54:02', '2025-03-22 11:54:02'),
(48, '01597', '21232f297a57a5a743894a0e4a801fc3', '', '', 'faculty', 5, 'enabled', 'offline', '2025-03-22 11:54:50', '2026-02-13 08:56:33'),
(49, '01598', 'd825f8ed0a2020e9cceb9f684e8e9c9f', '', '', 'faculty', 6, 'enabled', 'offline', '2025-03-22 11:55:25', '2025-03-22 11:55:25'),
(50, '01599', '14985993db3bb40287b5621c9508f87a', '', '', 'faculty', 7, 'enabled', 'offline', '2025-03-22 11:56:08', '2025-03-22 11:56:08'),
(51, '01600', 'f74f8d2ee43e95d49a686888643d547b', '', '', 'faculty', 8, 'enabled', 'offline', '2025-03-22 11:56:34', '2025-03-22 11:56:34'),
(52, '01601', 'c1354533494e90770958e3965e52213e', '', '', 'faculty', 9, 'enabled', 'offline', '2025-03-22 11:57:01', '2025-03-22 11:57:01'),
(53, '01602', 'ae1fbd51849d1d62e4473ec5dda6666b', '', '', 'faculty', 10, 'enabled', 'offline', '2025-03-22 11:57:23', '2025-03-22 11:57:23'),
(54, '01603', '370192a1aed957b83c7e4f32357e6fa0', '', '', 'faculty', 11, 'enabled', 'offline', '2025-03-22 11:58:02', '2025-03-22 11:58:02'),
(55, '01604', 'e7c9dce0f2eaab313aab4938813de071', '', '', 'faculty', 12, 'enabled', 'offline', '2025-03-22 11:58:28', '2025-03-22 11:58:28'),
(56, '01605', '8c10df71d1d4eb263152b8446a937a3f', '', '', 'faculty', 13, 'enabled', 'offline', '2025-03-22 11:58:57', '2025-03-22 11:58:57'),
(57, '01606', 'd0707d3ec74c85b23c1604eb93b2514e', '', '', 'faculty', 14, 'enabled', 'offline', '2025-03-22 11:59:26', '2025-03-22 11:59:26'),
(58, '01607', '8e444cf26ce0ca0dc6a3fe1f133ae90c', '', '', 'faculty', 15, 'enabled', 'offline', '2025-03-22 12:00:00', '2025-03-22 12:00:00'),
(59, '01111', '21232f297a57a5a743894a0e4a801fc3', '', '', 'principal', 16, 'enabled', 'offline', '2025-03-22 12:03:02', '2026-02-16 09:37:30'),
(60, '01592', '21232f297a57a5a743894a0e4a801fc3', '', '', 'chairperson', 17, 'enabled', 'offline', '2025-03-22 12:03:36', '2026-02-16 09:05:45'),
(61, '01593', '1238331d0e8f88bc9c56e84e2c15ae64', '', '', 'chairperson', 18, 'enabled', 'offline', '2025-03-22 12:03:59', '2025-03-22 12:03:59'),
(62, '2272459', 'dd6b57f83fc82051694011bb97e00ae0', 'maria.perez@gmail.com', '', 'student', 22, 'enabled', 'offline', '2025-03-22 14:31:32', '2025-03-22 14:31:32'),
(63, '2272459', '747215b2dd208a8c284603bfd30a605e', 'maria.perez@gmail.com', '', 'parent', 22, 'enabled', 'offline', '2025-03-22 14:31:32', '2025-03-22 14:31:32'),
(64, '2272460', '61beb2ec831d9f1f96a715226e7d99bd', '', '', 'student', 23, 'enabled', 'offline', '2025-03-22 14:36:21', '2025-03-22 14:36:21'),
(65, '2272460', '6d21d39a7bd06233deacafc5279e65b7', '', '', 'parent', 23, 'enabled', 'offline', '2025-03-22 14:36:21', '2025-03-22 14:36:21'),
(66, '2272461', '2718295e59d571615320ffaaf073ae67', '', '', 'student', 24, 'enabled', 'offline', '2025-03-22 14:36:21', '2025-03-22 14:36:21'),
(67, '2272461', '123f5c4fcada0dae6145f56da33a32ce', '', '', 'parent', 24, 'enabled', 'offline', '2025-03-22 14:36:21', '2025-03-22 14:36:21'),
(68, '2272462', '5ef40c30880f4692ff02915ec2de5e6d', '', '', 'student', 25, 'enabled', 'offline', '2025-03-22 14:36:21', '2025-03-22 14:36:21'),
(69, '2272462', '3eeb66ac9b3cdb3d6d6b76088f7ce1fb', '', '', 'parent', 25, 'enabled', 'offline', '2025-03-22 14:36:21', '2025-03-22 14:36:21'),
(70, '2272463', 'f255089893fb1837465170b1d8e4f1f0', '', '', 'student', 26, 'enabled', 'offline', '2025-03-22 14:36:21', '2025-03-22 14:36:21'),
(71, '2272463', '1326507d793eb01c4036561758e376ea', '', '', 'parent', 26, 'enabled', 'offline', '2025-03-22 14:36:21', '2025-03-22 14:36:21'),
(72, '2272464', '988b20361729e71a3eb3d2450402a7cb', '', '', 'student', 27, 'enabled', 'offline', '2025-03-22 14:36:21', '2025-03-22 14:36:21'),
(73, '2272464', 'd588b80a9726a750d3df574800438c66', '', '', 'parent', 27, 'enabled', 'offline', '2025-03-22 14:36:21', '2025-03-22 14:36:21'),
(74, '2272465', 'ec61634b1fa13124b34f54bbd72c67cd', '', '', 'student', 28, 'enabled', 'offline', '2025-03-22 14:36:21', '2025-03-22 14:36:21'),
(75, '2272465', '9bbaaef6a94fe1662227a9652c86a589', '', '', 'parent', 28, 'enabled', 'offline', '2025-03-22 14:36:21', '2025-03-22 14:36:21'),
(76, '2272466', '7c4e5864a5ac7fe699fce376d0260665', '', '', 'student', 29, 'enabled', 'offline', '2025-03-22 14:36:21', '2025-03-22 14:36:21'),
(77, '2272466', 'd46e802832ba88b7e37cb545dc5fa92a', '', '', 'parent', 29, 'enabled', 'offline', '2025-03-22 14:36:21', '2025-03-22 14:36:21'),
(78, '2272467', 'c7a1e12d7e6d9a03bc440823f8fc95a7', '', '', 'student', 30, 'enabled', 'offline', '2025-03-22 14:36:21', '2025-03-22 14:36:21'),
(79, '2272467', 'c7153ec24ea60a654fa62596fed3081b', '', '', 'parent', 30, 'enabled', 'offline', '2025-03-22 14:36:21', '2025-03-22 14:36:21'),
(80, '2272468', 'f3fde035daf6bdb3fb4f1bfad87ed793', '', '', 'student', 31, 'enabled', 'offline', '2025-03-22 14:36:21', '2025-03-22 14:36:21'),
(81, '2272468', '620e305b8fa4a871621dcef829e97764', '', '', 'parent', 31, 'enabled', 'offline', '2025-03-22 14:36:21', '2025-03-22 14:36:21'),
(82, '2272469', '470ccafc072cd23a385afcc2b58ef8eb', '', '', 'student', 32, 'enabled', 'offline', '2025-03-22 14:36:21', '2025-03-22 14:36:21'),
(83, '2272469', 'f83bd622feef745468c9e37c44dd974d', '', '', 'parent', 32, 'enabled', 'offline', '2025-03-22 14:36:21', '2025-03-22 14:36:21'),
(84, '2272470', '4469e2f025ba7c28e7654f5bb82064fa', '', '', 'student', 33, 'enabled', 'offline', '2025-03-22 14:36:21', '2025-03-22 14:36:21'),
(85, '2272470', '731ad3b71a67150cdd9f2372eadf5b3d', '', '', 'parent', 33, 'enabled', 'offline', '2025-03-22 14:36:21', '2025-03-22 14:36:21'),
(86, '2272471', 'b27f7a6c3d898d981bddbe872bd40a02', '', '', 'student', 34, 'enabled', 'offline', '2025-03-22 14:36:21', '2025-03-22 14:36:21'),
(87, '2272471', '5ef4717377feea7e90782d53771cf55b', '', '', 'parent', 34, 'enabled', 'offline', '2025-03-22 14:36:21', '2025-03-22 14:36:21'),
(88, '2272472', '3f0472cb53d1c8b9a204e02e4d4f5fa0', '', '', 'student', 35, 'enabled', 'offline', '2025-03-22 14:36:21', '2025-03-22 14:36:21'),
(89, '2272472', 'b774591487ba116c74addae433a951e4', '', '', 'parent', 35, 'enabled', 'offline', '2025-03-22 14:36:21', '2025-03-22 14:36:21'),
(90, '2272460', '61beb2ec831d9f1f96a715226e7d99bd', '', '', 'student', 36, 'enabled', 'offline', '2025-03-22 14:49:06', '2025-03-22 14:49:06'),
(91, '2272460', '6d21d39a7bd06233deacafc5279e65b7', '', '', 'parent', 36, 'enabled', 'offline', '2025-03-22 14:49:06', '2025-03-22 14:49:06'),
(92, '2272461', 'be14eab765765445e4a80dc4812dd562', '', '', 'student', 37, 'enabled', 'offline', '2025-03-22 14:49:06', '2025-03-22 14:49:06'),
(93, '2272461', '123f5c4fcada0dae6145f56da33a32ce', '', '', 'parent', 37, 'enabled', 'offline', '2025-03-22 14:49:06', '2025-03-22 14:49:06'),
(94, '2272462', 'abc6311eb068d918b982f1b8d01fb644', '', '', 'student', 38, 'enabled', 'offline', '2025-03-22 14:49:06', '2025-03-22 14:49:06'),
(95, '2272462', '3eeb66ac9b3cdb3d6d6b76088f7ce1fb', '', '', 'parent', 38, 'enabled', 'offline', '2025-03-22 14:49:06', '2025-03-22 14:49:06'),
(96, '2272463', 'b1322d70dbb537f9937b0f0fd45fd8af', '', '', 'student', 39, 'enabled', 'offline', '2025-03-22 14:49:06', '2025-03-22 14:49:06'),
(97, '2272463', '1326507d793eb01c4036561758e376ea', '', '', 'parent', 39, 'enabled', 'offline', '2025-03-22 14:49:06', '2025-03-22 14:49:06'),
(98, '2272460', 'c8f04c3ccef6087169fe4ab3688f4c80', 'Nasugbu, Batangas', '', 'student', 40, 'enabled', 'offline', '2025-03-22 14:55:09', '2025-03-22 14:55:09'),
(99, '2272460', '6d21d39a7bd06233deacafc5279e65b7', 'Nasugbu, Batangas', '', 'parent', 40, 'enabled', 'offline', '2025-03-22 14:55:09', '2025-03-22 14:55:09'),
(100, '2272461', 'f343ede61ed2b23804db9dfc18a310ec', 'Nasugbu, Batangas', '', 'student', 41, 'enabled', 'offline', '2025-03-22 14:55:09', '2025-03-22 14:55:09'),
(101, '2272461', '123f5c4fcada0dae6145f56da33a32ce', 'Nasugbu, Batangas', '', 'parent', 41, 'enabled', 'offline', '2025-03-22 14:55:09', '2025-03-22 14:55:09'),
(102, '2272462', 'be691cc3b54f912683ae9580488277c5', 'Nasugbu, Batangas', '', 'student', 42, 'enabled', 'offline', '2025-03-22 14:55:09', '2025-03-22 14:55:09'),
(103, '2272462', '3eeb66ac9b3cdb3d6d6b76088f7ce1fb', 'Nasugbu, Batangas', '', 'parent', 42, 'enabled', 'offline', '2025-03-22 14:55:09', '2025-03-22 14:55:09'),
(104, '2272463', '7edadb6742f728110f6feb94a34b87e2', 'Nasugbu, Batangas', '', 'student', 43, 'enabled', 'offline', '2025-03-22 14:55:09', '2025-03-22 14:55:09'),
(105, '2272463', '1326507d793eb01c4036561758e376ea', 'Nasugbu, Batangas', '', 'parent', 43, 'enabled', 'offline', '2025-03-22 14:55:09', '2025-03-22 14:55:09'),
(106, '', 'd41d8cd98f00b204e9800998ecf8427e', '', '', 'student', 44, 'enabled', 'offline', '2025-03-22 14:55:09', '2025-03-22 14:55:09'),
(107, '', 'd41d8cd98f00b204e9800998ecf8427e', '', '', 'parent', 44, 'enabled', 'offline', '2025-03-22 14:55:09', '2025-03-22 14:55:09'),
(108, '2272460', 'c8f04c3ccef6087169fe4ab3688f4c80', 'Nasugbu, Batangas', '', 'student', 45, 'enabled', 'offline', '2025-03-22 15:01:44', '2025-03-22 15:01:44'),
(109, '2272460', '6d21d39a7bd06233deacafc5279e65b7', 'Nasugbu, Batangas', '', 'parent', 45, 'enabled', 'offline', '2025-03-22 15:01:44', '2025-03-22 15:01:44'),
(110, '2272461', 'f343ede61ed2b23804db9dfc18a310ec', 'Nasugbu, Batangas', '', 'student', 46, 'enabled', 'offline', '2025-03-22 15:01:44', '2025-03-22 15:01:44'),
(111, '2272461', '123f5c4fcada0dae6145f56da33a32ce', 'Nasugbu, Batangas', '', 'parent', 46, 'enabled', 'offline', '2025-03-22 15:01:44', '2025-03-22 15:01:44'),
(112, '2272462', 'be691cc3b54f912683ae9580488277c5', 'Nasugbu, Batangas', '', 'student', 47, 'enabled', 'offline', '2025-03-22 15:01:44', '2025-03-22 15:01:44'),
(113, '2272462', '3eeb66ac9b3cdb3d6d6b76088f7ce1fb', 'Nasugbu, Batangas', '', 'parent', 47, 'enabled', 'offline', '2025-03-22 15:01:44', '2025-03-22 15:01:44'),
(114, '2272463', '7edadb6742f728110f6feb94a34b87e2', 'Nasugbu, Batangas', '', 'student', 48, 'enabled', 'offline', '2025-03-22 15:01:44', '2025-03-22 15:01:44'),
(115, '2272463', '1326507d793eb01c4036561758e376ea', 'Nasugbu, Batangas', '', 'parent', 48, 'enabled', 'offline', '2025-03-22 15:01:44', '2025-03-22 15:01:44'),
(116, '', 'd41d8cd98f00b204e9800998ecf8427e', '', '', 'student', 49, 'enabled', 'offline', '2025-03-22 15:01:44', '2025-03-22 15:01:44'),
(117, '', 'd41d8cd98f00b204e9800998ecf8427e', '', '', 'parent', 49, 'enabled', 'offline', '2025-03-22 15:01:44', '2025-03-22 15:01:44'),
(118, '2272460', 'd8ea09b3c2d4479bfa85437169810161', 'Nasugbu, Batangas', '', 'student', 50, 'enabled', 'offline', '2025-03-22 15:06:36', '2025-03-22 15:06:36'),
(119, '2272460', '6d21d39a7bd06233deacafc5279e65b7', 'Nasugbu, Batangas', '', 'parent', 50, 'enabled', 'offline', '2025-03-22 15:06:36', '2025-03-22 15:06:36'),
(120, '2272461', '92a67d9e1bd4feb3a2be469757b3f7c0', 'Nasugbu, Batangas', '', 'student', 51, 'enabled', 'offline', '2025-03-22 15:06:36', '2025-03-22 15:06:36'),
(121, '2272461', '123f5c4fcada0dae6145f56da33a32ce', 'Nasugbu, Batangas', '', 'parent', 51, 'enabled', 'offline', '2025-03-22 15:06:36', '2025-03-22 15:06:36'),
(122, '2272462', 'c25cf58601646fc62d5bf1a652dd0026', 'Nasugbu, Batangas', '', 'student', 52, 'enabled', 'offline', '2025-03-22 15:06:36', '2025-03-22 15:06:36'),
(123, '2272462', '3eeb66ac9b3cdb3d6d6b76088f7ce1fb', 'Nasugbu, Batangas', '', 'parent', 52, 'enabled', 'offline', '2025-03-22 15:06:36', '2025-03-22 15:06:36'),
(124, '2272463', 'a61332aa1d8bf164eec5cab263eb40d0', 'Nasugbu, Batangas', '', 'student', 53, 'enabled', 'offline', '2025-03-22 15:06:36', '2025-03-22 15:06:36'),
(125, '2272463', '1326507d793eb01c4036561758e376ea', 'Nasugbu, Batangas', '', 'parent', 53, 'enabled', 'offline', '2025-03-22 15:06:36', '2025-03-22 15:06:36'),
(126, '2272460', '21232f297a57a5a743894a0e4a801fc3', 'jhon.stephen@gmail.com', '', 'student', 54, 'enabled', 'offline', '2025-03-22 15:10:30', '2026-02-12 15:26:51'),
(127, '2272460', '6d21d39a7bd06233deacafc5279e65b7', 'jhon.stephen@gmail.com', '', 'parent', 54, 'enabled', 'offline', '2025-03-22 15:10:30', '2025-03-22 15:10:30'),
(128, '2272461', '92a67d9e1bd4feb3a2be469757b3f7c0', 'wayne@gmail.com', '', 'student', 55, 'enabled', 'offline', '2025-03-22 15:10:30', '2025-03-22 15:10:30'),
(129, '2272461', '123f5c4fcada0dae6145f56da33a32ce', 'wayne@gmail.com', '', 'parent', 55, 'enabled', 'offline', '2025-03-22 15:10:30', '2025-03-22 15:10:30'),
(130, '2272462', 'c25cf58601646fc62d5bf1a652dd0026', 'renzo@gmail.com', '', 'student', 56, 'enabled', 'offline', '2025-03-22 15:10:30', '2025-03-22 15:10:30'),
(131, '2272462', '3eeb66ac9b3cdb3d6d6b76088f7ce1fb', 'renzo@gmail.com', '', 'parent', 56, 'enabled', 'offline', '2025-03-22 15:10:30', '2025-03-22 15:10:30'),
(132, '2272463', 'a61332aa1d8bf164eec5cab263eb40d0', 'julia@gmail.com', '', 'student', 57, 'enabled', 'offline', '2025-03-22 15:10:30', '2025-03-22 15:10:30'),
(133, '2272463', '1326507d793eb01c4036561758e376ea', 'julia@gmail.com', '', 'parent', 57, 'enabled', 'offline', '2025-03-22 15:10:30', '2025-03-22 15:10:30'),
(134, '2209352', '21232f297a57a5a743894a0e4a801fc3', 'greg@gmail.com', '', 'student', 58, 'enabled', 'offline', '2026-02-11 09:37:46', '2026-02-12 11:44:00'),
(135, '2209352', '75cfdd9c5c0fcb38b99454302f513f9f', 'greg@gmail.com', '', 'parent', 58, 'enabled', 'offline', '2026-02-11 09:37:46', '2026-02-11 09:37:46'),
(136, '3000000', '6f8362af192a136cb2c2e02d5a0af018', 'juan@example.com', '', 'student', 59, 'enabled', 'offline', '2026-02-11 09:37:46', '2026-02-11 09:37:46'),
(137, '3000000', 'badd77cfba9a22aa47016e95b701e940', 'juan@example.com', '', 'parent', 59, 'enabled', 'offline', '2026-02-11 09:37:46', '2026-02-11 09:37:46'),
(138, '3000001', 'd7ee7172d65d7d1e9e8bbf400dff1b1c', 'mark@example.com', '', 'student', 60, 'enabled', 'offline', '2026-02-11 09:37:46', '2026-02-11 09:37:46'),
(139, '3000001', 'ced3789aa51f2fb833c95fe1e901eac3', 'mark@example.com', '', 'parent', 60, 'enabled', 'offline', '2026-02-11 09:37:46', '2026-02-11 09:37:46'),
(140, '3000002', '48b43ac18ce22c5b49970902a8fefc4b', 'paul@example.com', '', 'student', 61, 'enabled', 'offline', '2026-02-11 09:37:46', '2026-02-11 09:37:46'),
(141, '3000002', '5ce1fc0916d2602f91509077ad880dad', 'paul@example.com', '', 'parent', 61, 'enabled', 'offline', '2026-02-11 09:37:46', '2026-02-11 09:37:46'),
(142, '3000003', '2017ff2bdc26d05c1e5932dfac86a93f', 'john@example.com', '', 'student', 62, 'enabled', 'offline', '2026-02-11 09:37:46', '2026-02-11 09:37:46'),
(143, '3000003', '327e53405a04f467d39265a328982395', 'john@example.com', '', 'parent', 62, 'enabled', 'offline', '2026-02-11 09:37:46', '2026-02-11 09:37:46'),
(144, '3000004', '094c7c2c09bdfdb3a9dff5fb4132f97b', 'miguel@example.com', '', 'student', 63, 'enabled', 'offline', '2026-02-11 09:37:46', '2026-02-11 09:37:46'),
(145, '3000004', '3185432336b7c074d4d3f7a1fcc2e14d', 'miguel@example.com', '', 'parent', 63, 'enabled', 'offline', '2026-02-11 09:37:46', '2026-02-11 09:37:46'),
(146, '3000005', '765d8c00c42c0a4eb0c56841baac568b', 'carlos@example.com', '', 'student', 64, 'enabled', 'offline', '2026-02-11 09:37:46', '2026-02-11 09:37:46'),
(147, '3000005', '6f7d3f3b1314c2243621e4c4e57a583a', 'carlos@example.com', '', 'parent', 64, 'enabled', 'offline', '2026-02-11 09:37:46', '2026-02-11 09:37:46'),
(148, '3000006', '0673c3a4c3b3c8c65840e025a7ca588b', 'daniel@example.com', '', 'student', 65, 'enabled', 'offline', '2026-02-11 09:37:46', '2026-02-11 09:37:46'),
(149, '3000006', '8ef6178bee02df31b367d9a33de37d46', 'daniel@example.com', '', 'parent', 65, 'enabled', 'offline', '2026-02-11 09:37:46', '2026-02-11 09:37:46'),
(150, '3000007', 'e602b030c7320bffcc269c5c3047960a', 'joshua@example.com', '', 'student', 66, 'enabled', 'offline', '2026-02-11 09:37:46', '2026-02-11 09:37:46'),
(151, '3000007', '6068d1d945bd62dfa3c02c45eaaae249', 'joshua@example.com', '', 'parent', 66, 'enabled', 'offline', '2026-02-11 09:37:46', '2026-02-11 09:37:46'),
(152, '3000008', '0dba485165dc85b9b263f5ee033b6ea7', 'ryan@example.com', '', 'student', 67, 'enabled', 'offline', '2026-02-11 09:37:46', '2026-02-11 09:37:46'),
(153, '3000008', '8fd5a9cebb99b94c9d2fcc196fe7f4ef', 'ryan@example.com', '', 'parent', 67, 'enabled', 'offline', '2026-02-11 09:37:46', '2026-02-11 09:37:46'),
(154, '3000009', 'fef85bcde34806adfa93149aaada04d5', 'anthony@example.com', '', 'student', 68, 'enabled', 'offline', '2026-02-11 09:37:46', '2026-02-11 09:37:46'),
(155, '3000009', 'ec4107813602981e3345dec65f4cfc35', 'anthony@example.com', '', 'parent', 68, 'enabled', 'offline', '2026-02-11 09:37:46', '2026-02-11 09:37:46'),
(156, '3000010', 'c74b78d178b827b2331d2a700b2e3b99', 'maria@example.com', '', 'student', 69, 'enabled', 'offline', '2026-02-11 09:37:46', '2026-02-11 09:37:46'),
(157, '3000010', '02ed613e718ac394c0f00f4366561953', 'maria@example.com', '', 'parent', 69, 'enabled', 'offline', '2026-02-11 09:37:46', '2026-02-11 09:37:46'),
(158, '3000011', '219d3200cb0b00f2859f0faa5e5e50d5', 'anna@example.com', '', 'student', 70, 'enabled', 'offline', '2026-02-11 09:37:46', '2026-02-11 09:37:46'),
(159, '3000011', 'fad9917bc4e263cf94bb7ac0388cd828', 'anna@example.com', '', 'parent', 70, 'enabled', 'offline', '2026-02-11 09:37:46', '2026-02-11 09:37:46'),
(160, '3000012', 'e5ab5e5bb8b1285516d8faf99b282f31', 'grace@example.com', '', 'student', 71, 'enabled', 'offline', '2026-02-11 09:37:46', '2026-02-11 09:37:46'),
(161, '3000012', '11595cf80d3d8b2b71e57d6c3ffda726', 'grace@example.com', '', 'parent', 71, 'enabled', 'offline', '2026-02-11 09:37:46', '2026-02-11 09:37:46'),
(162, '3000013', 'dbcd49c8175681ba1df8234706fe741a', 'sophia@example.com', '', 'student', 72, 'enabled', 'offline', '2026-02-11 09:37:46', '2026-02-11 09:37:46'),
(163, '3000013', '5652af0766dbf3bc7a6e05a959b187a8', 'sophia@example.com', '', 'parent', 72, 'enabled', 'offline', '2026-02-11 09:37:46', '2026-02-11 09:37:46'),
(164, '3000014', '3a5a042835cb520c29f2bffb4111309b', 'angel@example.com', '', 'student', 73, 'enabled', 'offline', '2026-02-11 09:37:46', '2026-02-11 09:37:46'),
(165, '3000014', 'a1f66c6a038fcd8bd164c4e3d5644b93', 'angel@example.com', '', 'parent', 73, 'enabled', 'offline', '2026-02-11 09:37:46', '2026-02-11 09:37:46'),
(166, '3000015', '778b0f00bc20ad5fa2f313a4c2830912', 'nicole@example.com', '', 'student', 74, 'enabled', 'offline', '2026-02-11 09:37:46', '2026-02-11 09:37:46'),
(167, '3000015', '2a36939c3c603d79a8ab193568ddef56', 'nicole@example.com', '', 'parent', 74, 'enabled', 'offline', '2026-02-11 09:37:46', '2026-02-11 09:37:46'),
(168, '3000016', '3a8a937b4d95bb0a21f8867a687aa500', 'alyssa@example.com', '', 'student', 75, 'enabled', 'offline', '2026-02-11 09:37:46', '2026-02-11 09:37:46'),
(169, '3000016', '3e774aba978d2f4be640b634c1a4d5ab', 'alyssa@example.com', '', 'parent', 75, 'enabled', 'offline', '2026-02-11 09:37:46', '2026-02-11 09:37:46'),
(170, '3000017', 'fba36edfe8fc1267a7106e4809f88b36', 'patricia@example.com', '', 'student', 76, 'enabled', 'offline', '2026-02-11 09:37:46', '2026-02-11 09:37:46'),
(171, '3000017', 'a5e9c1ebd2d148b18663df78346fcac1', 'patricia@example.com', '', 'parent', 76, 'enabled', 'offline', '2026-02-11 09:37:46', '2026-02-11 09:37:46'),
(172, '3000018', '23fe57fe5ae09084fc5d1b9827f86201', 'katrina@example.com', '', 'student', 77, 'enabled', 'offline', '2026-02-11 09:37:46', '2026-02-11 09:37:46'),
(173, '3000018', '0927ea6c39b40973b8d6e1b4566f1c9b', 'katrina@example.com', '', 'parent', 77, 'enabled', 'offline', '2026-02-11 09:37:46', '2026-02-11 09:37:46'),
(174, '3000019', 'fa29a8a931d1611e2ae4a2dbbeee2aa4', 'jasmine@example.com', '', 'student', 78, 'enabled', 'offline', '2026-02-11 09:37:46', '2026-02-11 09:37:46'),
(175, '3000019', 'b2ef387f9bdc544207ceaf9ad3707427', 'jasmine@example.com', '', 'parent', 78, 'enabled', 'offline', '2026-02-11 09:37:46', '2026-02-11 09:37:46'),
(176, '3000020', '4d1505bc87c559ea833031fb7c07efd7', 'liam@example.com', '', 'student', 79, 'enabled', 'offline', '2026-02-13 08:24:58', '2026-02-13 08:24:58'),
(177, '3000020', '7fddb6328830e1db36039b18fe402207', 'liam@example.com', '', 'parent', 79, 'enabled', 'offline', '2026-02-13 08:24:58', '2026-02-13 08:24:58'),
(178, '3000021', '8483f5cd6c767ba92fa1337bdbb3b1df', 'ethan@example.com', '', 'student', 80, 'enabled', 'offline', '2026-02-13 08:24:58', '2026-02-13 08:24:58'),
(179, '3000021', '9c76a6feb6171c632d7467c8814eb354', 'ethan@example.com', '', 'parent', 80, 'enabled', 'offline', '2026-02-13 08:24:58', '2026-02-13 08:24:58'),
(180, '3000022', '51622a6246e369858c6b6e6e58423ab0', 'noah@example.com', '', 'student', 81, 'enabled', 'offline', '2026-02-13 08:24:58', '2026-02-13 08:24:58'),
(181, '3000022', '59ffbdb7a2dda0b3cdaa63cb8f0aa453', 'noah@example.com', '', 'parent', 81, 'enabled', 'offline', '2026-02-13 08:24:58', '2026-02-13 08:24:58'),
(182, '3000023', '701e11df4868c74bc432c373990535a4', 'lucas@example.com', '', 'student', 82, 'enabled', 'offline', '2026-02-13 08:24:58', '2026-02-13 08:24:58'),
(183, '3000023', '3ae4d2ee3d72612dce5d27da082ff304', 'lucas@example.com', '', 'parent', 82, 'enabled', 'offline', '2026-02-13 08:24:58', '2026-02-13 08:24:58'),
(184, '3000024', '3c60d7cd5a7037560be2b09c0ebdbedc', 'james@example.com', '', 'student', 83, 'enabled', 'offline', '2026-02-13 08:24:58', '2026-02-13 08:24:58'),
(185, '3000024', 'de42b140793e3d7a91683864f71229d6', 'james@example.com', '', 'parent', 83, 'enabled', 'offline', '2026-02-13 08:24:58', '2026-02-13 08:24:58'),
(186, '3000025', '0f49c0f8ce0bb875634d8eb265dfe838', 'logan@example.com', '', 'student', 84, 'enabled', 'offline', '2026-02-13 08:24:58', '2026-02-13 08:24:58'),
(187, '3000025', '17e33739a1bdd85ddf27fc6fdf8de4b4', 'logan@example.com', '', 'parent', 84, 'enabled', 'offline', '2026-02-13 08:24:58', '2026-02-13 08:24:58'),
(188, '3000026', '9b743f962f65b662228cc8d5e3cc8bbc', 'oliver@example.com', '', 'student', 85, 'enabled', 'offline', '2026-02-13 08:24:58', '2026-02-13 08:24:58'),
(189, '3000026', 'c3c72042fe9f3f26f22ddf6aff9ad647', 'oliver@example.com', '', 'parent', 85, 'enabled', 'offline', '2026-02-13 08:24:58', '2026-02-13 08:24:58'),
(190, '3000027', '4c50239496b8b2b1f47c8ae7b3eeb41f', 'elijah@example.com', '', 'student', 86, 'enabled', 'offline', '2026-02-13 08:24:58', '2026-02-13 08:24:58'),
(191, '3000027', '6e4b239794fab5964009f24ec84b572c', 'elijah@example.com', '', 'parent', 86, 'enabled', 'offline', '2026-02-13 08:24:58', '2026-02-13 08:24:58'),
(192, '3000028', '37b3a5c354b2d25b71a1608270b6bcb3', 'benjamin@example.com', '', 'student', 87, 'enabled', 'offline', '2026-02-13 08:24:58', '2026-02-13 08:24:58'),
(193, '3000028', '415417f074e3915e364a20216c01e264', 'benjamin@example.com', '', 'parent', 87, 'enabled', 'offline', '2026-02-13 08:24:58', '2026-02-13 08:24:58'),
(194, '3000029', '1f4e13eb322f60c7d9c920c7a3b17ca9', '', '', 'student', 88, 'enabled', 'offline', '2026-02-13 08:24:58', '2026-02-13 08:24:58'),
(195, '3000029', '1f4e13eb322f60c7d9c920c7a3b17ca9', '', '', 'parent', 88, 'enabled', 'offline', '2026-02-13 08:24:58', '2026-02-13 08:24:58'),
(196, '3000002', '48b43ac18ce22c5b49970902a8fefc4b', 'paul@example.com', '', 'student', 89, 'enabled', 'offline', '2026-02-13 09:05:32', '2026-02-13 09:05:32'),
(197, '3000002', '5ce1fc0916d2602f91509077ad880dad', 'paul@example.com', '', 'parent', 89, 'enabled', 'offline', '2026-02-13 09:05:32', '2026-02-13 09:05:32'),
(198, '3000005', '765d8c00c42c0a4eb0c56841baac568b', 'carlos@example.com', '', 'student', 90, 'enabled', 'offline', '2026-02-13 09:05:32', '2026-02-13 09:05:32'),
(199, '3000005', '6f7d3f3b1314c2243621e4c4e57a583a', 'carlos@example.com', '', 'parent', 90, 'enabled', 'offline', '2026-02-13 09:05:32', '2026-02-13 09:05:32'),
(200, '3000027', '4c50239496b8b2b1f47c8ae7b3eeb41f', 'elijah@example.com', '', 'student', 91, 'enabled', 'offline', '2026-02-13 09:05:32', '2026-02-13 09:05:32'),
(201, '3000027', '6e4b239794fab5964009f24ec84b572c', 'elijah@example.com', '', 'parent', 91, 'enabled', 'offline', '2026-02-13 09:05:32', '2026-02-13 09:05:32'),
(202, '3000028', '37b3a5c354b2d25b71a1608270b6bcb3', 'benjamin@example.com', '', 'student', 92, 'enabled', 'offline', '2026-02-13 09:05:32', '2026-02-13 09:05:32'),
(203, '3000028', '415417f074e3915e364a20216c01e264', 'benjamin@example.com', '', 'parent', 92, 'enabled', 'offline', '2026-02-13 09:05:32', '2026-02-13 09:05:32'),
(204, '2209352', '6a36d479d82e556eab42ee304b06ffbc', 'greg@gmail.com', '', 'student', 93, 'enabled', 'offline', '2026-02-13 09:16:29', '2026-02-13 09:16:29'),
(205, '2209352', '75cfdd9c5c0fcb38b99454302f513f9f', 'greg@gmail.com', '', 'parent', 93, 'enabled', 'offline', '2026-02-13 09:16:29', '2026-02-13 09:16:29'),
(206, '3000005', '765d8c00c42c0a4eb0c56841baac568b', 'carlos@example.com', '', 'student', 94, 'enabled', 'offline', '2026-02-13 09:16:29', '2026-02-13 09:16:29'),
(207, '3000005', '6f7d3f3b1314c2243621e4c4e57a583a', 'carlos@example.com', '', 'parent', 94, 'enabled', 'offline', '2026-02-13 09:16:29', '2026-02-13 09:16:29'),
(208, '2209352', '6a36d479d82e556eab42ee304b06ffbc', 'greg@gmail.com', '', 'student', 95, 'enabled', 'offline', '2026-02-13 09:18:41', '2026-02-13 09:18:41'),
(209, '2209352', '75cfdd9c5c0fcb38b99454302f513f9f', 'greg@gmail.com', '', 'parent', 95, 'enabled', 'offline', '2026-02-13 09:18:41', '2026-02-13 09:18:41'),
(210, '3000005', '765d8c00c42c0a4eb0c56841baac568b', 'carlos@example.com', '', 'student', 96, 'enabled', 'offline', '2026-02-13 09:18:41', '2026-02-13 09:18:41'),
(211, '3000005', '6f7d3f3b1314c2243621e4c4e57a583a', 'carlos@example.com', '', 'parent', 96, 'enabled', 'offline', '2026-02-13 09:18:41', '2026-02-13 09:18:41'),
(212, '3000026', '9b743f962f65b662228cc8d5e3cc8bbc', 'oliver@example.com', '', 'student', 97, 'enabled', 'offline', '2026-02-13 09:18:41', '2026-02-13 09:18:41'),
(213, '3000026', 'c3c72042fe9f3f26f22ddf6aff9ad647', 'oliver@example.com', '', 'parent', 97, 'enabled', 'offline', '2026-02-13 09:18:41', '2026-02-13 09:18:41'),
(214, '3000027', '4c50239496b8b2b1f47c8ae7b3eeb41f', 'elijah@example.com', '', 'student', 98, 'enabled', 'offline', '2026-02-13 09:18:41', '2026-02-13 09:18:41'),
(215, '3000027', '6e4b239794fab5964009f24ec84b572c', 'elijah@example.com', '', 'parent', 98, 'enabled', 'offline', '2026-02-13 09:18:41', '2026-02-13 09:18:41'),
(216, '3000028', '37b3a5c354b2d25b71a1608270b6bcb3', 'benjamin@example.com', '', 'student', 99, 'enabled', 'offline', '2026-02-13 09:18:41', '2026-02-13 09:18:41'),
(217, '3000028', '415417f074e3915e364a20216c01e264', 'benjamin@example.com', '', 'parent', 99, 'enabled', 'offline', '2026-02-13 09:18:41', '2026-02-13 09:18:41'),
(218, '3000025', '0f49c0f8ce0bb875634d8eb265dfe838', 'logan@example.com', '', 'student', 100, 'enabled', 'offline', '2026-02-13 09:19:35', '2026-02-13 09:19:35'),
(219, '3000025', '17e33739a1bdd85ddf27fc6fdf8de4b4', 'logan@example.com', '', 'parent', 100, 'enabled', 'offline', '2026-02-13 09:19:35', '2026-02-13 09:19:35'),
(220, '3000026', '9b743f962f65b662228cc8d5e3cc8bbc', 'oliver@example.com', '', 'student', 101, 'enabled', 'offline', '2026-02-13 09:19:35', '2026-02-13 09:19:35'),
(221, '3000026', 'c3c72042fe9f3f26f22ddf6aff9ad647', 'oliver@example.com', '', 'parent', 101, 'enabled', 'offline', '2026-02-13 09:19:35', '2026-02-13 09:19:35'),
(222, '3000027', '4c50239496b8b2b1f47c8ae7b3eeb41f', 'elijah@example.com', '', 'student', 102, 'enabled', 'offline', '2026-02-13 09:19:35', '2026-02-13 09:19:35'),
(223, '3000027', '6e4b239794fab5964009f24ec84b572c', 'elijah@example.com', '', 'parent', 102, 'enabled', 'offline', '2026-02-13 09:19:35', '2026-02-13 09:19:35'),
(224, '3000028', '37b3a5c354b2d25b71a1608270b6bcb3', 'benjamin@example.com', '', 'student', 103, 'enabled', 'offline', '2026-02-13 09:19:35', '2026-02-13 09:19:35'),
(225, '3000028', '415417f074e3915e364a20216c01e264', 'benjamin@example.com', '', 'parent', 103, 'enabled', 'offline', '2026-02-13 09:19:35', '2026-02-13 09:19:35'),
(226, '3000025', '0f49c0f8ce0bb875634d8eb265dfe838', 'logan@example.com', '', 'student', 104, 'enabled', 'offline', '2026-02-13 09:38:48', '2026-02-13 09:38:48'),
(227, '3000025', '17e33739a1bdd85ddf27fc6fdf8de4b4', 'logan@example.com', '', 'parent', 104, 'enabled', 'offline', '2026-02-13 09:38:48', '2026-02-13 09:38:48'),
(228, '3000026', '9b743f962f65b662228cc8d5e3cc8bbc', 'oliver@example.com', '', 'student', 105, 'enabled', 'offline', '2026-02-13 09:38:48', '2026-02-13 09:38:48'),
(229, '3000026', 'c3c72042fe9f3f26f22ddf6aff9ad647', 'oliver@example.com', '', 'parent', 105, 'enabled', 'offline', '2026-02-13 09:38:48', '2026-02-13 09:38:48'),
(230, '3000027', '4c50239496b8b2b1f47c8ae7b3eeb41f', 'elijah@example.com', '', 'student', 106, 'enabled', 'offline', '2026-02-13 09:38:48', '2026-02-13 09:38:48'),
(231, '3000027', '6e4b239794fab5964009f24ec84b572c', 'elijah@example.com', '', 'parent', 106, 'enabled', 'offline', '2026-02-13 09:38:48', '2026-02-13 09:38:48'),
(232, '3000028', '37b3a5c354b2d25b71a1608270b6bcb3', 'benjamin@example.com', '', 'student', 107, 'enabled', 'offline', '2026-02-13 09:38:48', '2026-02-13 09:38:48'),
(233, '3000028', '415417f074e3915e364a20216c01e264', 'benjamin@example.com', '', 'parent', 107, 'enabled', 'offline', '2026-02-13 09:38:48', '2026-02-13 09:38:48'),
(234, '2209352', '6a36d479d82e556eab42ee304b06ffbc', 'greg@gmail.com', '', 'student', 108, 'enabled', 'offline', '2026-02-13 09:40:18', '2026-02-13 09:40:18'),
(235, '2209352', '75cfdd9c5c0fcb38b99454302f513f9f', 'greg@gmail.com', '', 'parent', 108, 'enabled', 'offline', '2026-02-13 09:40:18', '2026-02-13 09:40:18'),
(236, '3000000', '6f8362af192a136cb2c2e02d5a0af018', 'juan@example.com', '', 'student', 109, 'enabled', 'offline', '2026-02-13 09:40:18', '2026-02-13 09:40:18'),
(237, '3000000', 'badd77cfba9a22aa47016e95b701e940', 'juan@example.com', '', 'parent', 109, 'enabled', 'offline', '2026-02-13 09:40:18', '2026-02-13 09:40:18'),
(238, '3000001', 'd7ee7172d65d7d1e9e8bbf400dff1b1c', 'mark@example.com', '', 'student', 110, 'enabled', 'offline', '2026-02-13 09:40:18', '2026-02-13 09:40:18'),
(239, '3000001', 'ced3789aa51f2fb833c95fe1e901eac3', 'mark@example.com', '', 'parent', 110, 'enabled', 'offline', '2026-02-13 09:40:18', '2026-02-13 09:40:18'),
(240, '3000002', '48b43ac18ce22c5b49970902a8fefc4b', 'paul@example.com', '', 'student', 111, 'enabled', 'offline', '2026-02-13 09:40:18', '2026-02-13 09:40:18'),
(241, '3000002', '5ce1fc0916d2602f91509077ad880dad', 'paul@example.com', '', 'parent', 111, 'enabled', 'offline', '2026-02-13 09:40:18', '2026-02-13 09:40:18'),
(242, '3000029', '8982351f2618aece21c31445bf69b05a', 'adrian@gmail.com', '', 'student', 112, 'enabled', 'offline', '2026-02-16 13:22:50', '2026-02-16 13:22:50'),
(243, '3000029', '1f4e13eb322f60c7d9c920c7a3b17ca9', 'adrian@gmail.com', '', 'parent', 112, 'enabled', 'offline', '2026-02-16 13:22:50', '2026-02-16 13:22:50'),
(244, '3100001', '7bb00c4a72e942f1a813a53c3b095400', 'bianca@gmail.com', '', 'student', 113, 'enabled', 'offline', '2026-02-16 13:22:50', '2026-02-16 13:22:50'),
(245, '3100001', '362aa30be84cec24f6e0ae19a7e780dc', 'bianca@gmail.com', '', 'parent', 113, 'enabled', 'offline', '2026-02-16 13:22:50', '2026-02-16 13:22:50'),
(246, '3100002', 'a63ec22d7a3631f95f07526ab4b96fed', 'carlo@gmail.com', '', 'student', 114, 'enabled', 'offline', '2026-02-16 13:22:50', '2026-02-16 13:22:50'),
(247, '3100002', 'ea2a96ecba5f6bd9dbf5a1b99b6a7f12', 'carlo@gmail.com', '', 'parent', 114, 'enabled', 'offline', '2026-02-16 13:22:50', '2026-02-16 13:22:50'),
(248, '3100003', 'ab4bbe120f4d24cb2ccfa725ae88ad22', 'denise@gmail.com', '', 'student', 115, 'enabled', 'offline', '2026-02-16 13:22:50', '2026-02-16 13:22:50'),
(249, '3100003', '0a02268e95f327b1ed08886edcb0a72d', 'denise@gmail.com', '', 'parent', 115, 'enabled', 'offline', '2026-02-16 13:22:50', '2026-02-16 13:22:50'),
(250, '3100004', '858bb5ff3ae2418f30b652993faf4be0', 'ethan@gmail.com', '', 'student', 116, 'enabled', 'offline', '2026-02-16 13:22:50', '2026-02-16 13:22:50'),
(251, '3100004', '4d2c0fd98367785ac55f69c40e61ea53', 'ethan@gmail.com', '', 'parent', 116, 'enabled', 'offline', '2026-02-16 13:22:50', '2026-02-16 13:22:50'),
(252, '3100005', '1baaf0e8caff70a29c7d43708f1f461b', 'faith@gmail.com', '', 'student', 117, 'enabled', 'offline', '2026-02-16 13:22:50', '2026-02-16 13:22:50'),
(253, '3100005', 'c59ef1e6b862d7442cf80b852fae9833', 'faith@gmail.com', '', 'parent', 117, 'enabled', 'offline', '2026-02-16 13:22:50', '2026-02-16 13:22:50'),
(254, '3100006', '702b96b143140f64c28e8f609f352263', 'gabriel@gmail.com', '', 'student', 118, 'enabled', 'offline', '2026-02-16 13:22:50', '2026-02-16 13:22:50'),
(255, '3100006', '48c549ea24e7828ae06ad9b870d42c71', 'gabriel@gmail.com', '', 'parent', 118, 'enabled', 'offline', '2026-02-16 13:22:50', '2026-02-16 13:22:50'),
(256, '3100007', '04df17ab4bef7305260d7591431c1432', 'hannah@gmail.com', '', 'student', 119, 'enabled', 'offline', '2026-02-16 13:22:50', '2026-02-16 13:22:50'),
(257, '3100007', '0053ca3e6793ea2100d89c0dee5ce7c2', 'hannah@gmail.com', '', 'parent', 119, 'enabled', 'offline', '2026-02-16 13:22:50', '2026-02-16 13:22:50'),
(258, '3100008', '23e4b62b58ef100591637e626e630b62', 'ivan@gmail.com', '', 'student', 120, 'enabled', 'offline', '2026-02-16 13:22:50', '2026-02-16 13:22:50'),
(259, '3100008', 'fccdea21eb82d5e7c9963b2e59758d79', 'ivan@gmail.com', '', 'parent', 120, 'enabled', 'offline', '2026-02-16 13:22:50', '2026-02-16 13:22:50'),
(260, '3100009', 'f450e0ec5a14b4333612d87285abc9cc', 'jasmine@gmail.com', '', 'student', 121, 'enabled', 'offline', '2026-02-16 13:22:50', '2026-02-16 13:22:50'),
(261, '3100009', '99efeb1bed94bf79366afcfb37e222c3', 'jasmine@gmail.com', '', 'parent', 121, 'enabled', 'offline', '2026-02-16 13:22:50', '2026-02-16 13:22:50'),
(262, '3100006', '702b96b143140f64c28e8f609f352263', 'gabriel@gmail.com', '', 'student', 122, 'enabled', 'offline', '2026-02-16 13:27:00', '2026-02-16 13:27:00'),
(263, '3100006', '48c549ea24e7828ae06ad9b870d42c71', 'gabriel@gmail.com', '', 'parent', 122, 'enabled', 'offline', '2026-02-16 13:27:00', '2026-02-16 13:27:00'),
(264, '3100007', '04df17ab4bef7305260d7591431c1432', 'hannah@gmail.com', '', 'student', 123, 'enabled', 'offline', '2026-02-16 13:27:00', '2026-02-16 13:27:00'),
(265, '3100007', '0053ca3e6793ea2100d89c0dee5ce7c2', 'hannah@gmail.com', '', 'parent', 123, 'enabled', 'offline', '2026-02-16 13:27:00', '2026-02-16 13:27:00'),
(266, '3100008', '23e4b62b58ef100591637e626e630b62', 'ivan@gmail.com', '', 'student', 124, 'enabled', 'offline', '2026-02-16 13:27:00', '2026-02-16 13:27:00'),
(267, '3100008', 'fccdea21eb82d5e7c9963b2e59758d79', 'ivan@gmail.com', '', 'parent', 124, 'enabled', 'offline', '2026-02-16 13:27:00', '2026-02-16 13:27:00'),
(268, '3100009', 'f450e0ec5a14b4333612d87285abc9cc', 'jasmine@gmail.com', '', 'student', 125, 'enabled', 'offline', '2026-02-16 13:27:00', '2026-02-16 13:27:00'),
(269, '3100009', '99efeb1bed94bf79366afcfb37e222c3', 'jasmine@gmail.com', '', 'parent', 125, 'enabled', 'offline', '2026-02-16 13:27:00', '2026-02-16 13:27:00'),
(270, '3100006', '702b96b143140f64c28e8f609f352263', 'gabriel@gmail.com', '', 'student', 126, 'enabled', 'offline', '2026-02-16 13:37:19', '2026-02-16 13:37:19'),
(271, '3100006', '48c549ea24e7828ae06ad9b870d42c71', 'gabriel@gmail.com', '', 'parent', 126, 'enabled', 'offline', '2026-02-16 13:37:19', '2026-02-16 13:37:19'),
(272, '3100007', '04df17ab4bef7305260d7591431c1432', 'hannah@gmail.com', '', 'student', 127, 'enabled', 'offline', '2026-02-16 13:37:19', '2026-02-16 13:37:19'),
(273, '3100007', '0053ca3e6793ea2100d89c0dee5ce7c2', 'hannah@gmail.com', '', 'parent', 127, 'enabled', 'offline', '2026-02-16 13:37:19', '2026-02-16 13:37:19'),
(274, '3100008', '23e4b62b58ef100591637e626e630b62', 'ivan@gmail.com', '', 'student', 128, 'enabled', 'offline', '2026-02-16 13:37:19', '2026-02-16 13:37:19'),
(275, '3100008', 'fccdea21eb82d5e7c9963b2e59758d79', 'ivan@gmail.com', '', 'parent', 128, 'enabled', 'offline', '2026-02-16 13:37:19', '2026-02-16 13:37:19'),
(276, '3100009', 'f450e0ec5a14b4333612d87285abc9cc', 'jasmine@gmail.com', '', 'student', 129, 'enabled', 'offline', '2026-02-16 13:37:19', '2026-02-16 13:37:19'),
(277, '3100009', '99efeb1bed94bf79366afcfb37e222c3', 'jasmine@gmail.com', '', 'parent', 129, 'enabled', 'offline', '2026-02-16 13:37:19', '2026-02-16 13:37:19'),
(278, '2209352', '6a36d479d82e556eab42ee304b06ffbc', 'greg@gmail.com', '', 'student', 130, 'enabled', 'offline', '2026-02-18 14:02:10', '2026-02-18 14:02:10'),
(279, '2209352', '75cfdd9c5c0fcb38b99454302f513f9f', 'greg@gmail.com', '', 'parent', 130, 'enabled', 'offline', '2026-02-18 14:02:10', '2026-02-18 14:02:10'),
(280, '2209352', '6a36d479d82e556eab42ee304b06ffbc', 'greg@gmail.com', '', 'student', 131, 'enabled', 'offline', '2026-02-18 14:04:03', '2026-02-18 14:04:03'),
(281, '2209352', '75cfdd9c5c0fcb38b99454302f513f9f', 'greg@gmail.com', '', 'parent', 131, 'enabled', 'offline', '2026-02-18 14:04:03', '2026-02-18 14:04:03'),
(282, '3100006', '702b96b143140f64c28e8f609f352263', 'gabriel@gmail.com', '', 'student', 132, 'enabled', 'offline', '2026-02-18 14:45:04', '2026-02-18 14:45:04'),
(283, '3100006', '48c549ea24e7828ae06ad9b870d42c71', 'gabriel@gmail.com', '', 'parent', 132, 'enabled', 'offline', '2026-02-18 14:45:04', '2026-02-18 14:45:04'),
(284, '3100007', '04df17ab4bef7305260d7591431c1432', 'hannah@gmail.com', '', 'student', 133, 'enabled', 'offline', '2026-02-18 14:45:04', '2026-02-18 14:45:04'),
(285, '3100007', '0053ca3e6793ea2100d89c0dee5ce7c2', 'hannah@gmail.com', '', 'parent', 133, 'enabled', 'offline', '2026-02-18 14:45:04', '2026-02-18 14:45:04'),
(286, '3100008', '23e4b62b58ef100591637e626e630b62', 'ivan@gmail.com', '', 'student', 134, 'enabled', 'offline', '2026-02-18 14:45:04', '2026-02-18 14:45:04'),
(287, '3100008', 'fccdea21eb82d5e7c9963b2e59758d79', 'ivan@gmail.com', '', 'parent', 134, 'enabled', 'offline', '2026-02-18 14:45:04', '2026-02-18 14:45:04'),
(288, '3100009', 'f450e0ec5a14b4333612d87285abc9cc', 'jasmine@gmail.com', '', 'student', 135, 'enabled', 'offline', '2026-02-18 14:45:04', '2026-02-18 14:45:04'),
(289, '3100009', '99efeb1bed94bf79366afcfb37e222c3', 'jasmine@gmail.com', '', 'parent', 135, 'enabled', 'offline', '2026-02-18 14:45:04', '2026-02-18 14:45:04'),
(290, '267001', '353172baf96b275c2c2b29466041d299', 'mateo.s@email.com', '', 'student', 136, 'enabled', 'offline', '2026-02-19 08:59:07', '2026-02-19 08:59:07'),
(291, '267001', '8f61ad2a1f93519bfbdd0ff541c586c4', 'mateo.s@email.com', '', 'parent', 136, 'enabled', 'offline', '2026-02-19 08:59:07', '2026-02-19 08:59:07'),
(292, '267002', '9be6e383ae0dbc1a0f4cbc152797e07e', 'gabriel.r@email.com', '', 'student', 137, 'enabled', 'offline', '2026-02-19 08:59:07', '2026-02-19 08:59:07'),
(293, '267002', '83381007feb83c65bdfeaf2a672faa08', 'gabriel.r@email.com', '', 'parent', 137, 'enabled', 'offline', '2026-02-19 08:59:07', '2026-02-19 08:59:07'),
(294, '267003', 'befcefcb47325b1d74d9e4ca70da351f', 'lucas.c@email.com', '', 'student', 138, 'enabled', 'offline', '2026-02-19 08:59:07', '2026-02-19 08:59:07'),
(295, '267003', '3832b9b3cee885e9a0882ac1d0d6776b', 'lucas.c@email.com', '', 'parent', 138, 'enabled', 'offline', '2026-02-19 08:59:07', '2026-02-19 08:59:07'),
(296, '267004', 'bc79651b7dcd116ec0452d4fac097eb0', 'ethan.b@email.com', '', 'student', 139, 'enabled', 'offline', '2026-02-19 08:59:07', '2026-02-19 08:59:07'),
(297, '267004', '38d0ff164b8e2d771cc1709d025d3a42', 'ethan.b@email.com', '', 'parent', 139, 'enabled', 'offline', '2026-02-19 08:59:07', '2026-02-19 08:59:07'),
(298, '267005', 'c0337a41138c1eea1d19d5e0ed77c3e2', 'liam.o@email.com', '', 'student', 140, 'enabled', 'offline', '2026-02-19 08:59:07', '2026-02-19 08:59:07'),
(299, '267005', '88bc794b5e88ff11a768428ba5ddcb2c', 'liam.o@email.com', '', 'parent', 140, 'enabled', 'offline', '2026-02-19 08:59:07', '2026-02-19 08:59:07'),
(300, '267006', 'a766492baf84cb57e4487ae356ef1c14', 'noah.g@email.com', '', 'student', 141, 'enabled', 'offline', '2026-02-19 08:59:07', '2026-02-19 08:59:07'),
(301, '267006', '760f08616a39f0bdf97df579befd8dbe', 'noah.g@email.com', '', 'parent', 141, 'enabled', 'offline', '2026-02-19 08:59:07', '2026-02-19 08:59:07'),
(302, '267007', '9c3f43fdd23b438c3616115a6ed23333', 'caleb.m@email.com', '', 'student', 142, 'enabled', 'offline', '2026-02-19 08:59:07', '2026-02-19 08:59:07'),
(303, '267007', 'c5346aece2d6012807b31a61bac09163', 'caleb.m@email.com', '', 'parent', 142, 'enabled', 'offline', '2026-02-19 08:59:07', '2026-02-19 08:59:07'),
(304, '267008', 'f847507e41f55e56c05f3b4548f25a66', 'daniel.t@email.com', '', 'student', 143, 'enabled', 'offline', '2026-02-19 08:59:07', '2026-02-19 08:59:07'),
(305, '267008', 'd47a80c869e2b9b3152588833943039f', 'daniel.t@email.com', '', 'parent', 143, 'enabled', 'offline', '2026-02-19 08:59:07', '2026-02-19 08:59:07'),
(306, '267009', 'd5c27a505597f5d3edc62c062042d897', 'isaac.f@email.com', '', 'student', 144, 'enabled', 'offline', '2026-02-19 08:59:07', '2026-02-19 08:59:07'),
(307, '267009', '546b3c3e8c01b37cc33d88a441db1fbc', 'isaac.f@email.com', '', 'parent', 144, 'enabled', 'offline', '2026-02-19 08:59:07', '2026-02-19 08:59:07'),
(308, '267010', 'f86971b92e4cd267b05b46a4a8933a60', 'samuel.g@email.com', '', 'student', 145, 'enabled', 'offline', '2026-02-19 08:59:07', '2026-02-19 08:59:07'),
(309, '267010', '582f0216e5d73ee49ecf6cf86223b8b2', 'samuel.g@email.com', '', 'parent', 145, 'enabled', 'offline', '2026-02-19 08:59:07', '2026-02-19 08:59:07'),
(310, '267011', 'cf4d595248c233a55fc8cebddaffce2a', 'david.l@email.com', '', 'student', 146, 'enabled', 'offline', '2026-02-19 08:59:07', '2026-02-19 08:59:07'),
(311, '267011', '6413bb4d4f61987c08cb149afd23b549', 'david.l@email.com', '', 'parent', 146, 'enabled', 'offline', '2026-02-19 08:59:07', '2026-02-19 08:59:07'),
(312, '267012', 'a0b4952cc9793d59ca5b909d7df34193', 'joseph.c@email.com', '', 'student', 147, 'enabled', 'offline', '2026-02-19 08:59:07', '2026-02-19 08:59:07'),
(313, '267012', '918a0f3095de464c88ee3d2f83d27b34', 'joseph.c@email.com', '', 'parent', 147, 'enabled', 'offline', '2026-02-19 08:59:07', '2026-02-19 08:59:07'),
(314, '267013', '328da368c2007b06b395f23d9a89ffc2', 'miguel.v@email.com', '', 'student', 148, 'enabled', 'offline', '2026-02-19 08:59:07', '2026-02-19 08:59:07'),
(315, '267013', '0108099b67e394989815e21a7e89be37', 'miguel.v@email.com', '', 'parent', 148, 'enabled', 'offline', '2026-02-19 08:59:07', '2026-02-19 08:59:07'),
(316, '267014', '3fae781846e18319a509b72fd95d08aa', 'angelo.r@email.com', '', 'student', 149, 'enabled', 'offline', '2026-02-19 08:59:07', '2026-02-19 08:59:07'),
(317, '267014', '7ba0cb9591f37402a4cc08cd908bac1c', 'angelo.r@email.com', '', 'parent', 149, 'enabled', 'offline', '2026-02-19 08:59:07', '2026-02-19 08:59:07'),
(318, '267015', '4ae9524f84da266a8d84d8d76b75b6c8', 'rafael.d@email.com', '', 'student', 150, 'enabled', 'offline', '2026-02-19 08:59:07', '2026-02-19 08:59:07'),
(319, '267015', 'd80b03ccc9b3b066200d26e77b2dcda5', 'rafael.d@email.com', '', 'parent', 150, 'enabled', 'offline', '2026-02-19 08:59:07', '2026-02-19 08:59:07'),
(320, '267016', '86ff64cb0b0aa3fe1171c99cc1e88198', 'kyle.r@email.com', '', 'student', 151, 'enabled', 'offline', '2026-02-19 08:59:07', '2026-02-19 08:59:07'),
(321, '267016', '1189615861caa1596a62ca3ff083970a', 'kyle.r@email.com', '', 'parent', 151, 'enabled', 'offline', '2026-02-19 08:59:07', '2026-02-19 08:59:07'),
(322, '267017', '0227180cabb5593d6f34273ee3b44d77', 'nathan.a@email.com', '', 'student', 152, 'enabled', 'offline', '2026-02-19 08:59:07', '2026-02-19 08:59:07'),
(323, '267017', '62487ea74f6fbe7f09862bdfbca31071', 'nathan.a@email.com', '', 'parent', 152, 'enabled', 'offline', '2026-02-19 08:59:07', '2026-02-19 08:59:07'),
(324, '267018', 'db60fb36d786d28fca7221dad35d5449', 'james.d@email.com', '', 'student', 153, 'enabled', 'offline', '2026-02-19 08:59:07', '2026-02-19 08:59:07'),
(325, '267018', '872232ae22400781ce98c1fb875dae83', 'james.d@email.com', '', 'parent', 153, 'enabled', 'offline', '2026-02-19 08:59:07', '2026-02-19 08:59:07'),
(326, '267019', 'ffa05b1e0e0adb92c451a0b94953a898', 'christian.f@email.com', '', 'student', 154, 'enabled', 'offline', '2026-02-19 08:59:07', '2026-02-19 08:59:07'),
(327, '267019', '7e0831106eb95f3fdddb06545f2e147f', 'christian.f@email.com', '', 'parent', 154, 'enabled', 'offline', '2026-02-19 08:59:07', '2026-02-19 08:59:07'),
(328, '267020', 'ab52d1b538caf068ab07c0b56976e53a', 'francis.m@email.com', '', 'student', 155, 'enabled', 'offline', '2026-02-19 08:59:07', '2026-02-19 08:59:07'),
(329, '267020', '9a9f58d008a28b99d8592afdd70f7a50', 'francis.m@email.com', '', 'parent', 155, 'enabled', 'offline', '2026-02-19 08:59:07', '2026-02-19 08:59:07'),
(330, '267021', '8ff488f8e8ed2f62d08433280242a8ef', 'sophia.s@email.com', '', 'student', 156, 'enabled', 'offline', '2026-02-19 08:59:07', '2026-02-19 08:59:07'),
(331, '267021', 'afdf17b8b3cde357bf3163dd78dbc00f', 'sophia.s@email.com', '', 'parent', 156, 'enabled', 'offline', '2026-02-19 08:59:07', '2026-02-19 08:59:07'),
(332, '267022', 'ae625a60e8fbc7c6953d4f0abc1c5afe', 'chloe.r@email.com', '', 'student', 157, 'enabled', 'offline', '2026-02-19 08:59:07', '2026-02-19 08:59:07'),
(333, '267022', '01f5840753fb0589bf1183efd0738cc4', 'chloe.r@email.com', '', 'parent', 157, 'enabled', 'offline', '2026-02-19 08:59:07', '2026-02-19 08:59:07'),
(334, '267023', 'a40590e107be7b7dc97ee3da5579fd29', 'zoe.c@email.com', '', 'student', 158, 'enabled', 'offline', '2026-02-19 08:59:07', '2026-02-19 08:59:07'),
(335, '267023', '117411aff2f6f0e06ed286b79c556149', 'zoe.c@email.com', '', 'parent', 158, 'enabled', 'offline', '2026-02-19 08:59:07', '2026-02-19 08:59:07'),
(336, '267024', '087687500b223967634ffb1e2dc9d707', 'yuna.b@email.com', '', 'student', 159, 'enabled', 'offline', '2026-02-19 08:59:07', '2026-02-19 08:59:07'),
(337, '267024', 'b358d7cc5cd29015d048eb60d8c8740a', 'yuna.b@email.com', '', 'parent', 159, 'enabled', 'offline', '2026-02-19 08:59:07', '2026-02-19 08:59:07'),
(338, '267025', '76f7bf09093d359bb6c4dc340b565a6b', 'ava.o@email.com', '', 'student', 160, 'enabled', 'offline', '2026-02-19 08:59:07', '2026-02-19 08:59:07'),
(339, '267025', '2b0f3c968aed1a0132934b58d406dc01', 'ava.o@email.com', '', 'parent', 160, 'enabled', 'offline', '2026-02-19 08:59:07', '2026-02-19 08:59:07'),
(340, '267026', '0fd2e0060f49f5e12dfbc0280e701fb3', 'mia.g@email.com', '', 'student', 161, 'enabled', 'offline', '2026-02-19 08:59:07', '2026-02-19 08:59:07'),
(341, '267026', 'a0182ca3b01a837babd2c4337d7dbf5b', 'mia.g@email.com', '', 'parent', 161, 'enabled', 'offline', '2026-02-19 08:59:07', '2026-02-19 08:59:07'),
(342, '267027', 'cb1d2ae61722205f3159190274fb30c3', 'ella.m@email.com', '', 'student', 162, 'enabled', 'offline', '2026-02-19 08:59:07', '2026-02-19 08:59:07'),
(343, '267027', '44d8d745db9efbf8e03c7ffc6f50c622', 'ella.m@email.com', '', 'parent', 162, 'enabled', 'offline', '2026-02-19 08:59:07', '2026-02-19 08:59:07'),
(344, '267028', 'f9b66da7fd7466c339f0a0c2dc7fbca8', 'isabella.t@email.com', '', 'student', 163, 'enabled', 'offline', '2026-02-19 08:59:07', '2026-02-19 08:59:07'),
(345, '267028', '89ffb498e08d44d97211a5e209ae398f', 'isabella.t@email.com', '', 'parent', 163, 'enabled', 'offline', '2026-02-19 08:59:07', '2026-02-19 08:59:07'),
(346, '267029', 'aeee606e28f244457737d87e11a3ba48', 'amara.f@email.com', '', 'student', 164, 'enabled', 'offline', '2026-02-19 08:59:07', '2026-02-19 08:59:07'),
(347, '267029', '5f0026c8606bc617067bfa3549521d48', 'amara.f@email.com', '', 'parent', 164, 'enabled', 'offline', '2026-02-19 08:59:07', '2026-02-19 08:59:07'),
(348, '267030', '1eb220aeb59b56c5e22a7c64ec9bee5e', 'sofia.g@email.com', '', 'student', 165, 'enabled', 'offline', '2026-02-19 08:59:07', '2026-02-19 08:59:07'),
(349, '267030', '502941c321ef6834058b065b29cd2154', 'sofia.g@email.com', '', 'parent', 165, 'enabled', 'offline', '2026-02-19 08:59:07', '2026-02-19 08:59:07'),
(350, '267031', 'a76aa8d3356c9c43ee47cf609a602135', 'camila.l@email.com', '', 'student', 166, 'enabled', 'offline', '2026-02-19 08:59:07', '2026-02-19 08:59:07'),
(351, '267031', '62a2687ff662e64d6d81a086893e627d', 'camila.l@email.com', '', 'parent', 166, 'enabled', 'offline', '2026-02-19 08:59:07', '2026-02-19 08:59:07'),
(352, '267032', '5bfa8df6864d89fbe48330629d7ab5e0', 'scarlet.c@email.com', '', 'student', 167, 'enabled', 'offline', '2026-02-19 08:59:07', '2026-02-19 08:59:07'),
(353, '267032', 'a84da1d5cd509dd6dfc1761d9bb9601e', 'scarlet.c@email.com', '', 'parent', 167, 'enabled', 'offline', '2026-02-19 08:59:07', '2026-02-19 08:59:07'),
(354, '267033', '5c5d24a3da3a90a753ce867d596762c7', 'victoria.v@email.com', '', 'student', 168, 'enabled', 'offline', '2026-02-19 08:59:07', '2026-02-19 08:59:07'),
(355, '267033', '989b42a627f93ec44b8292cf6bdc7f37', 'victoria.v@email.com', '', 'parent', 168, 'enabled', 'offline', '2026-02-19 08:59:07', '2026-02-19 08:59:07'),
(356, '267034', 'e97d4e3c8676cfe6d1b816bebea75aa9', 'luna.r@email.com', '', 'student', 169, 'enabled', 'offline', '2026-02-19 08:59:07', '2026-02-19 08:59:07'),
(357, '267034', 'db3d1e180c941c2b04522e90b234a828', 'luna.r@email.com', '', 'parent', 169, 'enabled', 'offline', '2026-02-19 08:59:07', '2026-02-19 08:59:07'),
(358, '267035', '03c342bbda66aaab4424a89b35daabaf', 'grace.d@email.com', '', 'student', 170, 'enabled', 'offline', '2026-02-19 08:59:07', '2026-02-19 08:59:07');
INSERT INTO `users` (`id`, `username`, `password`, `email`, `image`, `userType`, `user_id`, `status`, `online_status`, `dateCreated`, `dateUpdated`) VALUES
(359, '267035', '44da670729d76f0264e6066e2e42cf45', 'grace.d@email.com', '', 'parent', 170, 'enabled', 'offline', '2026-02-19 08:59:07', '2026-02-19 08:59:07'),
(360, '267036', '04c2e58bf08eaa1f9285b14289dd6548', 'hannah.r@email.com', '', 'student', 171, 'enabled', 'offline', '2026-02-19 08:59:07', '2026-02-19 08:59:07'),
(361, '267036', '6b69cb22c5af8dabee7aa5e0bbdb3bb3', 'hannah.r@email.com', '', 'parent', 171, 'enabled', 'offline', '2026-02-19 08:59:07', '2026-02-19 08:59:07'),
(362, '267037', '6d353852b5ac76c5188641f09c341a65', 'lily.a@email.com', '', 'student', 172, 'enabled', 'offline', '2026-02-19 08:59:07', '2026-02-19 08:59:07'),
(363, '267037', '5516a48096c9c616d24a24603309efc8', 'lily.a@email.com', '', 'parent', 172, 'enabled', 'offline', '2026-02-19 08:59:07', '2026-02-19 08:59:07'),
(364, '267038', '0061f1b5ad47e794c0cfc804c25888a0', 'hazel.d@email.com', '', 'student', 173, 'enabled', 'offline', '2026-02-19 08:59:07', '2026-02-19 08:59:07'),
(365, '267038', 'c0f1e1b0fcf3dfa9eb043ef9a90ae384', 'hazel.d@email.com', '', 'parent', 173, 'enabled', 'offline', '2026-02-19 08:59:07', '2026-02-19 08:59:07'),
(366, '267039', '7c7a7dbeb42eb65a4b8b3a09a54cb281', 'violet.f@email.com', '', 'student', 174, 'enabled', 'offline', '2026-02-19 08:59:07', '2026-02-19 08:59:07'),
(367, '267039', 'b0ef96bc29794173dd443373a33bd9e2', 'violet.f@email.com', '', 'parent', 174, 'enabled', 'offline', '2026-02-19 08:59:07', '2026-02-19 08:59:07'),
(368, '267040', '4cd415e6c817c66cef1c21e8a91bb3dd', 'aurora.m@email.com', '', 'student', 175, 'enabled', 'offline', '2026-02-19 08:59:07', '2026-02-19 08:59:07'),
(369, '267040', '8750a4558834e0740f4be751ac568759', 'aurora.m@email.com', '', 'parent', 175, 'enabled', 'offline', '2026-02-19 08:59:07', '2026-02-19 08:59:07'),
(370, '265001', '7f4318f9845d2c3eeab9faabafac3370', 'andres.s@email.com', '', 'student', 176, 'enabled', 'offline', '2026-02-19 08:59:07', '2026-02-19 08:59:07'),
(371, '265001', 'ecfb677eb12c902e2039d77a3252c776', 'andres.s@email.com', '', 'parent', 176, 'enabled', 'offline', '2026-02-19 08:59:07', '2026-02-19 08:59:07'),
(372, '265002', '26c745a10b363fd88081749b8c4e1d70', 'ben.r@email.com', '', 'student', 177, 'enabled', 'offline', '2026-02-19 08:59:07', '2026-02-19 08:59:07'),
(373, '265002', 'c5f831b9ea47fc0e195f5cd96241ba3c', 'ben.r@email.com', '', 'parent', 177, 'enabled', 'offline', '2026-02-19 08:59:08', '2026-02-19 08:59:08'),
(374, '265003', '5c5bbf08648aa907f71fd280208cde0e', 'charlie.c@email.com', '', 'student', 178, 'enabled', 'offline', '2026-02-19 08:59:08', '2026-02-19 08:59:08'),
(375, '265003', 'b6095d859254af5f64d492778044ac1e', 'charlie.c@email.com', '', 'parent', 178, 'enabled', 'offline', '2026-02-19 08:59:08', '2026-02-19 08:59:08'),
(376, '265004', 'b751f2e1e639e313331ade0c1fefcf0e', 'diego.b@email.com', '', 'student', 179, 'enabled', 'offline', '2026-02-19 08:59:08', '2026-02-19 08:59:08'),
(377, '265004', '5e71318e3c2241cd7b33c143bea7e740', 'diego.b@email.com', '', 'parent', 179, 'enabled', 'offline', '2026-02-19 08:59:08', '2026-02-19 08:59:08'),
(378, '265005', 'a066b8e666a57ab8bbbd5fa27a9966eb', 'eli.o@email.com', '', 'student', 180, 'enabled', 'offline', '2026-02-19 08:59:08', '2026-02-19 08:59:08'),
(379, '265005', 'ef2b7877fb441e2bb57a8deb411dcc9c', 'eli.o@email.com', '', 'parent', 180, 'enabled', 'offline', '2026-02-19 08:59:08', '2026-02-19 08:59:08'),
(380, '265006', '3948fec5a81ae4d6cc71199b88749024', 'felix.g@email.com', '', 'student', 181, 'enabled', 'offline', '2026-02-19 08:59:08', '2026-02-19 08:59:08'),
(381, '265006', 'fb18f6c15e4ee2489ceece55357a3c62', 'felix.g@email.com', '', 'parent', 181, 'enabled', 'offline', '2026-02-19 08:59:08', '2026-02-19 08:59:08'),
(382, '265007', '433b713baafc2eadb96ef99e5172f709', 'gino.m@email.com', '', 'student', 182, 'enabled', 'offline', '2026-02-19 08:59:08', '2026-02-19 08:59:08'),
(383, '265007', '63813ab63fc9ec5e7a8607d5f15f6049', 'gino.m@email.com', '', 'parent', 182, 'enabled', 'offline', '2026-02-19 08:59:08', '2026-02-19 08:59:08'),
(384, '265008', '13bd84c00a8215f097939a00283fd753', 'harvey.t@email.com', '', 'student', 183, 'enabled', 'offline', '2026-02-19 08:59:08', '2026-02-19 08:59:08'),
(385, '265008', '6ee287b0150bb9832c0fd7a976cec428', 'harvey.t@email.com', '', 'parent', 183, 'enabled', 'offline', '2026-02-19 08:59:08', '2026-02-19 08:59:08'),
(386, '265009', '1b664847deac0568934cb553e26c93ed', 'ian.f@email.com', '', 'student', 184, 'enabled', 'offline', '2026-02-19 08:59:08', '2026-02-19 08:59:08'),
(387, '265009', '9f98439d5f19dfd6f0bf3a332996aa64', 'ian.f@email.com', '', 'parent', 184, 'enabled', 'offline', '2026-02-19 08:59:08', '2026-02-19 08:59:08'),
(388, '265010', 'c00350b01520ca5feec2d8c760faa15d', 'jake.g@email.com', '', 'student', 185, 'enabled', 'offline', '2026-02-19 08:59:08', '2026-02-19 08:59:08'),
(389, '265010', '954aff8552a259c53d3e57b8adf4dde9', 'jake.g@email.com', '', 'parent', 185, 'enabled', 'offline', '2026-02-19 08:59:08', '2026-02-19 08:59:08'),
(390, '265011', 'a2a44df8a2a62e5cd1ed2dc579bbbf6e', 'kiko.l@email.com', '', 'student', 186, 'enabled', 'offline', '2026-02-19 08:59:08', '2026-02-19 08:59:08'),
(391, '265011', 'ba30f73afb8c9bfbee31a2b6b49dd9af', 'kiko.l@email.com', '', 'parent', 186, 'enabled', 'offline', '2026-02-19 08:59:08', '2026-02-19 08:59:08'),
(392, '265012', '41e87a7b9716cbc0630999bf62e2f075', 'leo.c@email.com', '', 'student', 187, 'enabled', 'offline', '2026-02-19 08:59:08', '2026-02-19 08:59:08'),
(393, '265012', '06a7242ace0ff74135cbff262e2b4138', 'leo.c@email.com', '', 'parent', 187, 'enabled', 'offline', '2026-02-19 08:59:08', '2026-02-19 08:59:08'),
(394, '265013', '81ca637637a640159a04662eb62f701e', 'milo.v@email.com', '', 'student', 188, 'enabled', 'offline', '2026-02-19 08:59:08', '2026-02-19 08:59:08'),
(395, '265013', '343876b61a84362142e0303ccd1d115b', 'milo.v@email.com', '', 'parent', 188, 'enabled', 'offline', '2026-02-19 08:59:08', '2026-02-19 08:59:08'),
(396, '265014', 'a6ac050962b5d7439a912cf9860cb5b8', 'nico.r@email.com', '', 'student', 189, 'enabled', 'offline', '2026-02-19 08:59:08', '2026-02-19 08:59:08'),
(397, '265014', '78b27ff002bc717c3a5e075c19896ac7', 'nico.r@email.com', '', 'parent', 189, 'enabled', 'offline', '2026-02-19 08:59:08', '2026-02-19 08:59:08'),
(398, '265015', '246b3d313f076541539ea9b27f1f9a61', 'oscar.d@email.com', '', 'student', 190, 'enabled', 'offline', '2026-02-19 08:59:08', '2026-02-19 08:59:08'),
(399, '265015', '6d91abdab1b2475a56101ae77098d787', 'oscar.d@email.com', '', 'parent', 190, 'enabled', 'offline', '2026-02-19 08:59:08', '2026-02-19 08:59:08'),
(400, '265016', 'c0bc1434b48a55fbdc7d8a20ece653de', 'paolo.r@email.com', '', 'student', 191, 'enabled', 'offline', '2026-02-19 08:59:08', '2026-02-19 08:59:08'),
(401, '265016', '56be9d10cc2a13084b6bbd29d571bcf3', 'paolo.r@email.com', '', 'parent', 191, 'enabled', 'offline', '2026-02-19 08:59:08', '2026-02-19 08:59:08'),
(402, '265017', '86b44cdd7a276a76c2cd623aff6119a8', 'quiel.a@email.com', '', 'student', 192, 'enabled', 'offline', '2026-02-19 08:59:08', '2026-02-19 08:59:08'),
(403, '265017', '3cb85d08651892fd051c8a16860dab7c', 'quiel.a@email.com', '', 'parent', 192, 'enabled', 'offline', '2026-02-19 08:59:08', '2026-02-19 08:59:08'),
(404, '265018', 'f6542c1876c41fd80f68ec46fdee0a71', 'rico.d@email.com', '', 'student', 193, 'enabled', 'offline', '2026-02-19 08:59:08', '2026-02-19 08:59:08'),
(405, '265018', '7574e9830c4d233723d0743bc0b964cf', 'rico.d@email.com', '', 'parent', 193, 'enabled', 'offline', '2026-02-19 08:59:08', '2026-02-19 08:59:08'),
(406, '265019', 'aab65e54d2bf2c0138ec0abda2c1f18d', 'santi.f@email.com', '', 'student', 194, 'enabled', 'offline', '2026-02-19 08:59:08', '2026-02-19 08:59:08'),
(407, '265019', 'db15afad5d5240f85ad0684830897f1a', 'santi.f@email.com', '', 'parent', 194, 'enabled', 'offline', '2026-02-19 08:59:08', '2026-02-19 08:59:08'),
(408, '265020', 'b07ff38d5a97c3ebdda4f4e63e169551', 'toby.m@email.com', '', 'student', 195, 'enabled', 'offline', '2026-02-19 08:59:08', '2026-02-19 08:59:08'),
(409, '265020', 'f64d7a9c4dc67e73cfacf5ccdb714c53', 'toby.m@email.com', '', 'parent', 195, 'enabled', 'offline', '2026-02-19 08:59:08', '2026-02-19 08:59:08'),
(410, '265021', '1efefc338bbf62352a0a6da67e9081a3', 'alice.s@email.com', '', 'student', 196, 'enabled', 'offline', '2026-02-19 08:59:08', '2026-02-19 08:59:08'),
(411, '265021', '8713f1de89fbc7b9bd4ffbc9d451b144', 'alice.s@email.com', '', 'parent', 196, 'enabled', 'offline', '2026-02-19 08:59:08', '2026-02-19 08:59:08'),
(412, '265022', '6b8c4313e84ad30d0ac419c345af9d2a', 'bea.r@email.com', '', 'student', 197, 'enabled', 'offline', '2026-02-19 08:59:08', '2026-02-19 08:59:08'),
(413, '265022', 'cd57fe7fa0ef6885b498a4ba1ae280f0', 'bea.r@email.com', '', 'parent', 197, 'enabled', 'offline', '2026-02-19 08:59:08', '2026-02-19 08:59:08'),
(414, '265023', '25e834eedc7825afe77782e62bc6fe1d', 'carla.c@email.com', '', 'student', 198, 'enabled', 'offline', '2026-02-19 08:59:08', '2026-02-19 08:59:08'),
(415, '265023', '7303908fdda39b8b3c6f39fb41d476e7', 'carla.c@email.com', '', 'parent', 198, 'enabled', 'offline', '2026-02-19 08:59:08', '2026-02-19 08:59:08'),
(416, '265024', '8e7db673ac437b0fc191ef4b146c46ea', 'dina.b@email.com', '', 'student', 199, 'enabled', 'offline', '2026-02-19 08:59:08', '2026-02-19 08:59:08'),
(417, '265024', '67f9d549ed3d2436b12de9712f044eda', 'dina.b@email.com', '', 'parent', 199, 'enabled', 'offline', '2026-02-19 08:59:08', '2026-02-19 08:59:08'),
(418, '265025', '2d19e19d7ee48e0997f68e45b16baf76', 'elsa.o@email.com', '', 'student', 200, 'enabled', 'offline', '2026-02-19 08:59:08', '2026-02-19 08:59:08'),
(419, '265025', '191888e4422922aadb14c09562b76baf', 'elsa.o@email.com', '', 'parent', 200, 'enabled', 'offline', '2026-02-19 08:59:08', '2026-02-19 08:59:08'),
(420, '265026', 'fee8faf13b33fe728c8fc17c700f800e', 'faye.g@email.com', '', 'student', 201, 'enabled', 'offline', '2026-02-19 08:59:08', '2026-02-19 08:59:08'),
(421, '265026', 'ddbccd2007d9b3f284cb04b5983e90ac', 'faye.g@email.com', '', 'parent', 201, 'enabled', 'offline', '2026-02-19 08:59:08', '2026-02-19 08:59:08'),
(422, '265027', 'de88d10db547d02ecebe9d2accccfc53', 'gia.m@email.com', '', 'student', 202, 'enabled', 'offline', '2026-02-19 08:59:08', '2026-02-19 08:59:08'),
(423, '265027', 'aa80449bb9a4c5e68b2938cddd26a209', 'gia.m@email.com', '', 'parent', 202, 'enabled', 'offline', '2026-02-19 08:59:08', '2026-02-19 08:59:08'),
(424, '265028', 'c65ac933b285f2d611b569bb64276769', 'hope.t@email.com', '', 'student', 203, 'enabled', 'offline', '2026-02-19 08:59:08', '2026-02-19 08:59:08'),
(425, '265028', '8ff41877ecaa461df345b50be5ca3da8', 'hope.t@email.com', '', 'parent', 203, 'enabled', 'offline', '2026-02-19 08:59:08', '2026-02-19 08:59:08'),
(426, '265029', '2a27888a62bda91aed587f09cb21e5f1', 'ivy.f@email.com', '', 'student', 204, 'enabled', 'offline', '2026-02-19 08:59:08', '2026-02-19 08:59:08'),
(427, '265029', '2dffc5078599338f3f7adf2f0b9879b4', 'ivy.f@email.com', '', 'parent', 204, 'enabled', 'offline', '2026-02-19 08:59:08', '2026-02-19 08:59:08'),
(428, '265030', '630ba3584320fc811d0df59c442b52ab', 'jill.g@email.com', '', 'student', 205, 'enabled', 'offline', '2026-02-19 08:59:08', '2026-02-19 08:59:08'),
(429, '265030', '9f8ddfce5eca166208034be283ded8bf', 'jill.g@email.com', '', 'parent', 205, 'enabled', 'offline', '2026-02-19 08:59:08', '2026-02-19 08:59:08'),
(430, '265031', '709aaba18f8790f1bee8548197694f1f', 'kim.l@email.com', '', 'student', 206, 'enabled', 'offline', '2026-02-19 08:59:08', '2026-02-19 08:59:08'),
(431, '265031', 'b4cc7718bd097ade27a2f766474f54a6', 'kim.l@email.com', '', 'parent', 206, 'enabled', 'offline', '2026-02-19 08:59:08', '2026-02-19 08:59:08'),
(432, '265032', 'fe858ffafee0a157eebf7bf5e19a1c2b', 'lia.c@email.com', '', 'student', 207, 'enabled', 'offline', '2026-02-19 08:59:08', '2026-02-19 08:59:08'),
(433, '265032', 'fb682c8b06e54adeb0f4ea1299156015', 'lia.c@email.com', '', 'parent', 207, 'enabled', 'offline', '2026-02-19 08:59:08', '2026-02-19 08:59:08'),
(434, '265033', 'c328d65d13c426027e61493bf9768db1', 'may.v@email.com', '', 'student', 208, 'enabled', 'offline', '2026-02-19 08:59:08', '2026-02-19 08:59:08'),
(435, '265033', 'e89cbf95e2f013e30efb74788b2acecd', 'may.v@email.com', '', 'parent', 208, 'enabled', 'offline', '2026-02-19 08:59:08', '2026-02-19 08:59:08'),
(436, '265034', '1bea32af970f7a8cb3e827523c0b02ec', 'nina.r@email.com', '', 'student', 209, 'enabled', 'offline', '2026-02-19 08:59:08', '2026-02-19 08:59:08'),
(437, '265034', 'bf469d1be3c950c7653630b65ab2f00a', 'nina.r@email.com', '', 'parent', 209, 'enabled', 'offline', '2026-02-19 08:59:08', '2026-02-19 08:59:08'),
(438, '265035', '6cb775d286556ea0b2a4b9227bdfa3c5', 'olive.d@email.com', '', 'student', 210, 'enabled', 'offline', '2026-02-19 08:59:08', '2026-02-19 08:59:08'),
(439, '265035', '4d53ec9d8ca53e7621e04ab1718b4c8d', 'olive.d@email.com', '', 'parent', 210, 'enabled', 'offline', '2026-02-19 08:59:08', '2026-02-19 08:59:08'),
(440, '265036', 'e2d1215fbf354f06df085a30cb86e2ae', 'pia.r@email.com', '', 'student', 211, 'enabled', 'offline', '2026-02-19 08:59:08', '2026-02-19 08:59:08'),
(441, '265036', '656c95417d956320d71d514ca0e6d404', 'pia.r@email.com', '', 'parent', 211, 'enabled', 'offline', '2026-02-19 08:59:08', '2026-02-19 08:59:08'),
(442, '265037', '74f0a1eabcaef7e74aa70069e36f4c7f', 'queen.a@email.com', '', 'student', 212, 'enabled', 'offline', '2026-02-19 08:59:08', '2026-02-19 08:59:08'),
(443, '265037', '20518a57e2f2f7092c9238e7d6fbbea1', 'queen.a@email.com', '', 'parent', 212, 'enabled', 'offline', '2026-02-19 08:59:08', '2026-02-19 08:59:08'),
(444, '265038', 'fd62bb0d6b3bef02844aa5adf2af358b', 'rose.d@email.com', '', 'student', 213, 'enabled', 'offline', '2026-02-19 08:59:08', '2026-02-19 08:59:08'),
(445, '265038', '86355fbd52292c993493287df925cfa0', 'rose.d@email.com', '', 'parent', 213, 'enabled', 'offline', '2026-02-19 08:59:08', '2026-02-19 08:59:08'),
(446, '265039', '1082068de85943f5a26b471fb82fc6d8', 'sol.f@email.com', '', 'student', 214, 'enabled', 'offline', '2026-02-19 08:59:08', '2026-02-19 08:59:08'),
(447, '265039', '53302491e3a10bc5a18863d538cf879a', 'sol.f@email.com', '', 'parent', 214, 'enabled', 'offline', '2026-02-19 08:59:08', '2026-02-19 08:59:08'),
(448, '265040', '01a10b8bc7c856f52f66faff7c3c1898', 'tess.m@email.com', '', 'student', 215, 'enabled', 'offline', '2026-02-19 08:59:08', '2026-02-19 08:59:08'),
(449, '265040', '2c7f233d963d6870bd5af46ecd7e557f', 'tess.m@email.com', '', 'parent', 215, 'enabled', 'offline', '2026-02-19 08:59:08', '2026-02-19 08:59:08');

-- --------------------------------------------------------

--
-- Table structure for table `written_works`
--

CREATE TABLE `written_works` (
  `id` int(11) NOT NULL,
  `wps1` varchar(11) NOT NULL,
  `wps2` varchar(11) NOT NULL,
  `wps3` varchar(11) NOT NULL,
  `wps4` varchar(11) NOT NULL,
  `wps5` varchar(11) NOT NULL,
  `wps6` varchar(11) NOT NULL,
  `wps7` varchar(11) NOT NULL,
  `wps8` varchar(11) NOT NULL,
  `wps9` varchar(11) NOT NULL,
  `wps10` varchar(11) NOT NULL,
  `load_id` int(11) NOT NULL,
  `school_year_id` int(11) NOT NULL,
  `quarter` int(11) NOT NULL,
  `dateCreated` datetime NOT NULL DEFAULT current_timestamp(),
  `dateUpdated` datetime NOT NULL DEFAULT current_timestamp() ON UPDATE current_timestamp()
) ENGINE=InnoDB DEFAULT CHARSET=utf8mb4 COLLATE=utf8mb4_general_ci;

--
-- Dumping data for table `written_works`
--

INSERT INTO `written_works` (`id`, `wps1`, `wps2`, `wps3`, `wps4`, `wps5`, `wps6`, `wps7`, `wps8`, `wps9`, `wps10`, `load_id`, `school_year_id`, `quarter`, `dateCreated`, `dateUpdated`) VALUES
(1, '10', '25', '15', '', '', '', '', '', '', '', 4, 1, 1, '2025-03-22 15:16:29', '2025-03-22 15:18:37'),
(2, '25', '', '', '', '', '', '', '', '', '', 4, 1, 2, '2025-03-22 15:24:27', '2025-03-22 15:24:27'),
(3, '10', '', '', '', '', '', '', '', '', '', 4, 1, 3, '2026-02-11 08:15:49', '2026-02-11 08:15:49'),
(4, '10', '', '', '', '', '', '', '', '', '', 4, 1, 4, '2026-02-11 08:17:38', '2026-02-11 08:17:38'),
(5, '10', '', '', '', '', '', '', '', '', '', 20, 1, 1, '2026-02-12 10:40:02', '2026-02-12 10:40:02'),
(6, '10', '', '', '', '', '', '', '', '', '', 24, 1, 1, '2026-02-13 11:05:58', '2026-02-13 11:05:58'),
(7, '15', '', '', '', '', '', '', '', '', '', 24, 1, 2, '2026-02-13 14:18:10', '2026-02-13 14:18:10'),
(8, '10', '', '', '', '', '', '', '', '', '', 33, 2, 2, '2026-02-16 14:11:46', '2026-02-16 14:11:46'),
(9, '10', '10', '', '', '', '', '', '', '', '', 41, 2, 2, '2026-02-16 14:26:46', '2026-02-16 14:32:56'),
(10, '10', '15', '', '', '', '', '', '', '', '', 41, 2, 1, '2026-02-16 14:40:44', '2026-02-16 14:52:40'),
(11, '10', '', '', '', '', '', '', '', '', '', 33, 2, 1, '2026-02-16 14:48:21', '2026-02-16 14:48:21');

-- --------------------------------------------------------

--
-- Table structure for table `ww_score`
--

CREATE TABLE `ww_score` (
  `id` int(11) NOT NULL,
  `w1` varchar(11) NOT NULL,
  `w2` varchar(11) NOT NULL,
  `w3` varchar(11) NOT NULL,
  `w4` varchar(11) NOT NULL,
  `w5` varchar(11) NOT NULL,
  `w6` varchar(11) NOT NULL,
  `w7` varchar(11) NOT NULL,
  `w8` varchar(11) NOT NULL,
  `w9` varchar(11) NOT NULL,
  `w10` varchar(11) NOT NULL,
  `ww_id` int(11) NOT NULL,
  `student_id` int(11) NOT NULL,
  `school_year_id` int(11) NOT NULL,
  `quarter` int(11) NOT NULL,
  `load_id` int(11) NOT NULL,
  `dateCreated` datetime NOT NULL DEFAULT current_timestamp(),
  `dateUpdated` datetime NOT NULL DEFAULT current_timestamp() ON UPDATE current_timestamp()
) ENGINE=InnoDB DEFAULT CHARSET=utf8mb4 COLLATE=utf8mb4_general_ci;

--
-- Dumping data for table `ww_score`
--

INSERT INTO `ww_score` (`id`, `w1`, `w2`, `w3`, `w4`, `w5`, `w6`, `w7`, `w8`, `w9`, `w10`, `ww_id`, `student_id`, `school_year_id`, `quarter`, `load_id`, `dateCreated`, `dateUpdated`) VALUES
(1, '9', '25', '15', '', '', '', '', '', '', '', 1, 57, 1, 1, 4, '2025-03-22 15:18:02', '2025-03-22 15:19:12'),
(2, '9', '22', '15', '', '', '', '', '', '', '', 1, 56, 1, 1, 4, '2025-03-22 15:18:02', '2025-03-22 15:19:12'),
(3, '10', '25', '15', '', '', '', '', '', '', '', 1, 55, 1, 1, 4, '2025-03-22 15:18:02', '2025-03-22 15:19:12'),
(4, '9', '22', '15', '', '', '', '', '', '', '', 1, 21, 1, 1, 4, '2025-03-22 15:18:02', '2025-03-22 15:19:12'),
(5, '8', '20', '15', '', '', '', '', '', '', '', 1, 54, 1, 1, 4, '2025-03-22 15:18:02', '2025-03-22 15:19:12'),
(6, '20', '', '', '', '', '', '', '', '', '', 2, 57, 1, 2, 4, '2025-03-22 15:24:45', '2025-03-22 15:24:45'),
(7, '20', '', '', '', '', '', '', '', '', '', 2, 56, 1, 2, 4, '2025-03-22 15:24:45', '2025-03-22 15:24:45'),
(8, '15', '', '', '', '', '', '', '', '', '', 2, 55, 1, 2, 4, '2025-03-22 15:24:45', '2025-03-22 15:24:45'),
(9, '20', '', '', '', '', '', '', '', '', '', 2, 21, 1, 2, 4, '2025-03-22 15:24:45', '2025-03-22 15:24:45'),
(10, '25', '', '', '', '', '', '', '', '', '', 2, 54, 1, 2, 4, '2025-03-22 15:24:45', '2025-03-22 15:24:45'),
(11, '9', '', '', '', '', '', '', '', '', '', 3, 57, 1, 3, 4, '2026-02-11 08:15:56', '2026-02-11 08:15:56'),
(12, '9', '', '', '', '', '', '', '', '', '', 3, 56, 1, 3, 4, '2026-02-11 08:15:56', '2026-02-11 08:15:56'),
(13, '9', '', '', '', '', '', '', '', '', '', 3, 55, 1, 3, 4, '2026-02-11 08:15:56', '2026-02-11 08:15:56'),
(14, '9', '', '', '', '', '', '', '', '', '', 3, 54, 1, 3, 4, '2026-02-11 08:15:56', '2026-02-11 08:15:56'),
(15, '10', '', '', '', '', '', '', '', '', '', 4, 57, 1, 4, 4, '2026-02-11 09:08:53', '2026-02-11 09:08:53'),
(16, '9', '', '', '', '', '', '', '', '', '', 4, 56, 1, 4, 4, '2026-02-11 09:08:53', '2026-02-11 09:08:53'),
(17, '9', '', '', '', '', '', '', '', '', '', 4, 55, 1, 4, 4, '2026-02-11 09:08:53', '2026-02-11 09:08:53'),
(18, '8', '', '', '', '', '', '', '', '', '', 4, 54, 1, 4, 4, '2026-02-11 09:08:53', '2026-02-11 09:08:53'),
(19, '10', '', '', '', '', '', '', '', '', '', 5, 57, 1, 1, 20, '2026-02-12 10:40:14', '2026-02-12 10:40:14'),
(20, '9', '', '', '', '', '', '', '', '', '', 5, 56, 1, 1, 20, '2026-02-12 10:40:14', '2026-02-12 10:40:14'),
(21, '7', '', '', '', '', '', '', '', '', '', 5, 55, 1, 1, 20, '2026-02-12 10:40:14', '2026-02-12 10:40:14'),
(22, '9', '', '', '', '', '', '', '', '', '', 5, 54, 1, 1, 20, '2026-02-12 10:40:14', '2026-02-12 10:40:14'),
(23, '10', '25', '15', '', '', '', '', '', '', '', 1, 68, 1, 1, 4, '2026-02-13 11:17:40', '2026-02-13 11:29:13'),
(24, '10', '22', '14', '', '', '', '', '', '', '', 1, 66, 1, 1, 4, '2026-02-13 11:17:40', '2026-02-13 11:29:13'),
(25, '8', '23', '14', '', '', '', '', '', '', '', 1, 62, 1, 1, 4, '2026-02-13 11:17:40', '2026-02-13 11:29:13'),
(26, '8', '23', '13', '', '', '', '', '', '', '', 1, 67, 1, 1, 4, '2026-02-13 11:17:40', '2026-02-13 11:29:13'),
(27, '8', '24', '13', '', '', '', '', '', '', '', 1, 63, 1, 1, 4, '2026-02-13 11:17:40', '2026-02-13 11:29:13'),
(28, '7', '24', '15', '', '', '', '', '', '', '', 1, 65, 1, 1, 4, '2026-02-13 11:17:40', '2026-02-13 11:29:13'),
(29, '7', '25', '12', '', '', '', '', '', '', '', 1, 78, 1, 1, 4, '2026-02-13 11:17:40', '2026-02-13 11:29:13'),
(30, '6', '24', '14', '', '', '', '', '', '', '', 1, 71, 1, 1, 4, '2026-02-13 11:17:40', '2026-02-13 11:29:13'),
(31, '7', '23', '14', '', '', '', '', '', '', '', 1, 76, 1, 1, 4, '2026-02-13 11:17:40', '2026-02-13 11:29:13'),
(32, '8', '22', '14', '', '', '', '', '', '', '', 1, 72, 1, 1, 4, '2026-02-13 11:17:40', '2026-02-13 11:29:13'),
(33, '8', '19', '13', '', '', '', '', '', '', '', 1, 77, 1, 1, 4, '2026-02-13 11:17:40', '2026-02-13 11:29:13'),
(34, '9', '23', '15', '', '', '', '', '', '', '', 1, 74, 1, 1, 4, '2026-02-13 11:17:40', '2026-02-13 11:29:13'),
(35, '10', '23', '13', '', '', '', '', '', '', '', 1, 73, 1, 1, 4, '2026-02-13 11:17:40', '2026-02-13 11:29:13'),
(36, '10', '24', '14', '', '', '', '', '', '', '', 1, 75, 1, 1, 4, '2026-02-13 11:17:40', '2026-02-13 11:29:13'),
(37, '9', '15', '11', '', '', '', '', '', '', '', 1, 70, 1, 1, 4, '2026-02-13 11:17:40', '2026-02-13 11:29:13'),
(38, '7', '20', '15', '', '', '', '', '', '', '', 1, 69, 1, 1, 4, '2026-02-13 11:17:40', '2026-02-13 11:29:13'),
(39, '24', '', '', '', '', '', '', '', '', '', 2, 68, 1, 2, 4, '2026-02-13 14:36:39', '2026-02-13 14:36:39'),
(40, '23', '', '', '', '', '', '', '', '', '', 2, 66, 1, 2, 4, '2026-02-13 14:36:39', '2026-02-13 14:36:39'),
(41, '20', '', '', '', '', '', '', '', '', '', 2, 62, 1, 2, 4, '2026-02-13 14:36:39', '2026-02-13 14:36:39'),
(42, '19', '', '', '', '', '', '', '', '', '', 2, 67, 1, 2, 4, '2026-02-13 14:36:39', '2026-02-13 14:36:39'),
(43, '19', '', '', '', '', '', '', '', '', '', 2, 63, 1, 2, 4, '2026-02-13 14:36:39', '2026-02-13 14:36:39'),
(44, '16', '', '', '', '', '', '', '', '', '', 2, 65, 1, 2, 4, '2026-02-13 14:36:39', '2026-02-13 14:36:39'),
(45, '18', '', '', '', '', '', '', '', '', '', 2, 78, 1, 2, 4, '2026-02-13 14:36:39', '2026-02-13 14:40:41'),
(46, '17', '', '', '', '', '', '', '', '', '', 2, 71, 1, 2, 4, '2026-02-13 14:36:39', '2026-02-13 14:36:39'),
(47, '18', '', '', '', '', '', '', '', '', '', 2, 76, 1, 2, 4, '2026-02-13 14:36:39', '2026-02-13 14:36:39'),
(48, '19', '', '', '', '', '', '', '', '', '', 2, 72, 1, 2, 4, '2026-02-13 14:36:39', '2026-02-13 14:36:39'),
(49, '12', '', '', '', '', '', '', '', '', '', 2, 77, 1, 2, 4, '2026-02-13 14:36:39', '2026-02-13 14:36:39'),
(50, '14', '', '', '', '', '', '', '', '', '', 2, 74, 1, 2, 4, '2026-02-13 14:36:39', '2026-02-13 14:36:39'),
(51, '16', '', '', '', '', '', '', '', '', '', 2, 73, 1, 2, 4, '2026-02-13 14:36:39', '2026-02-13 14:36:39'),
(52, '17', '', '', '', '', '', '', '', '', '', 2, 75, 1, 2, 4, '2026-02-13 14:36:39', '2026-02-13 14:36:39'),
(53, '16', '', '', '', '', '', '', '', '', '', 2, 70, 1, 2, 4, '2026-02-13 14:36:39', '2026-02-13 14:36:39'),
(54, '11', '', '', '', '', '', '', '', '', '', 2, 69, 1, 2, 4, '2026-02-13 14:36:39', '2026-02-13 14:41:36'),
(55, '9', '8', '', '', '', '', '', '', '', '', 9, 68, 2, 2, 41, '2026-02-16 14:31:19', '2026-02-16 14:33:14'),
(56, '9', '8', '', '', '', '', '', '', '', '', 9, 66, 2, 2, 41, '2026-02-16 14:31:19', '2026-02-16 14:33:14'),
(57, '9', '7', '', '', '', '', '', '', '', '', 9, 62, 2, 2, 41, '2026-02-16 14:31:19', '2026-02-16 14:33:14'),
(58, '8', '7', '', '', '', '', '', '', '', '', 9, 56, 2, 2, 41, '2026-02-16 14:31:19', '2026-02-16 14:33:14'),
(59, '9', '8', '', '', '', '', '', '', '', '', 9, 55, 2, 2, 41, '2026-02-16 14:31:19', '2026-02-16 14:33:14'),
(60, '7', '8', '', '', '', '', '', '', '', '', 9, 63, 2, 2, 41, '2026-02-16 14:31:19', '2026-02-16 14:33:14'),
(61, '8', '9', '', '', '', '', '', '', '', '', 9, 65, 2, 2, 41, '2026-02-16 14:31:19', '2026-02-16 14:33:14'),
(62, '7', '10', '', '', '', '', '', '', '', '', 9, 110, 2, 2, 41, '2026-02-16 14:31:19', '2026-02-16 14:33:14'),
(63, '10', '10', '', '', '', '', '', '', '', '', 9, 54, 2, 2, 41, '2026-02-16 14:31:19', '2026-02-16 14:33:14'),
(64, '10', '10', '', '', '', '', '', '', '', '', 9, 57, 2, 2, 41, '2026-02-16 14:31:19', '2026-02-16 14:33:14'),
(65, '10', '10', '', '', '', '', '', '', '', '', 9, 69, 2, 2, 41, '2026-02-16 14:31:19', '2026-02-16 14:33:14'),
(66, '10', '', '', '', '', '', '', '', '', '', 11, 67, 2, 1, 33, '2026-02-16 14:48:41', '2026-02-16 14:48:41'),
(67, '10', '', '', '', '', '', '', '', '', '', 11, 107, 2, 1, 33, '2026-02-16 14:48:41', '2026-02-16 14:48:41'),
(68, '9', '', '', '', '', '', '', '', '', '', 11, 79, 2, 1, 33, '2026-02-16 14:48:41', '2026-02-16 14:48:41'),
(69, '9', '', '', '', '', '', '', '', '', '', 11, 106, 2, 1, 33, '2026-02-16 14:48:41', '2026-02-16 14:48:41'),
(70, '9', '', '', '', '', '', '', '', '', '', 11, 105, 2, 1, 33, '2026-02-16 14:48:41', '2026-02-16 14:48:41'),
(71, '8', '', '', '', '', '', '', '', '', '', 11, 108, 2, 1, 33, '2026-02-16 14:48:41', '2026-02-16 14:48:41'),
(72, '9', '', '', '', '', '', '', '', '', '', 11, 80, 2, 1, 33, '2026-02-16 14:48:41', '2026-02-16 14:48:41'),
(73, '7', '', '', '', '', '', '', '', '', '', 11, 71, 2, 1, 33, '2026-02-16 14:48:41', '2026-02-16 14:48:41'),
(74, '9', '', '', '', '', '', '', '', '', '', 11, 72, 2, 1, 33, '2026-02-16 14:48:41', '2026-02-16 14:48:41'),
(75, '8', '', '', '', '', '', '', '', '', '', 11, 74, 2, 1, 33, '2026-02-16 14:48:41', '2026-02-16 14:48:54'),
(76, '7', '', '', '', '', '', '', '', '', '', 11, 73, 2, 1, 33, '2026-02-16 14:48:41', '2026-02-16 14:48:54'),
(77, '8', '', '', '', '', '', '', '', '', '', 11, 70, 2, 1, 33, '2026-02-16 14:48:41', '2026-02-16 14:48:54'),
(78, '10', '15', '', '', '', '', '', '', '', '', 10, 68, 2, 1, 41, '2026-02-16 14:51:29', '2026-02-16 14:53:16'),
(79, '10', '14', '', '', '', '', '', '', '', '', 10, 66, 2, 1, 41, '2026-02-16 14:51:29', '2026-02-16 14:53:16'),
(80, '10', '13', '', '', '', '', '', '', '', '', 10, 62, 2, 1, 41, '2026-02-16 14:51:29', '2026-02-16 14:53:16'),
(81, '10', '12', '', '', '', '', '', '', '', '', 10, 56, 2, 1, 41, '2026-02-16 14:51:29', '2026-02-16 14:53:16'),
(82, '10', '11', '', '', '', '', '', '', '', '', 10, 55, 2, 1, 41, '2026-02-16 14:51:29', '2026-02-16 14:53:16'),
(83, '10', '15', '', '', '', '', '', '', '', '', 10, 63, 2, 1, 41, '2026-02-16 14:51:29', '2026-02-16 14:53:16'),
(84, '10', '15', '', '', '', '', '', '', '', '', 10, 65, 2, 1, 41, '2026-02-16 14:51:29', '2026-02-16 14:53:16'),
(85, '10', '13', '', '', '', '', '', '', '', '', 10, 110, 2, 1, 41, '2026-02-16 14:51:29', '2026-02-16 14:53:16'),
(86, '10', '13', '', '', '', '', '', '', '', '', 10, 54, 2, 1, 41, '2026-02-16 14:51:29', '2026-02-16 14:53:16'),
(87, '10', '14', '', '', '', '', '', '', '', '', 10, 57, 2, 1, 41, '2026-02-16 14:51:29', '2026-02-16 14:53:16'),
(88, '10', '15', '', '', '', '', '', '', '', '', 10, 69, 2, 1, 41, '2026-02-16 14:51:29', '2026-02-16 14:53:16');

--
-- Indexes for dumped tables
--

--
-- Indexes for table `academic_calendar`
--
ALTER TABLE `academic_calendar`
  ADD PRIMARY KEY (`id`);

--
-- Indexes for table `attendance`
--
ALTER TABLE `attendance`
  ADD PRIMARY KEY (`id`);

--
-- Indexes for table `attendance_check`
--
ALTER TABLE `attendance_check`
  ADD PRIMARY KEY (`id`);

--
-- Indexes for table `class`
--
ALTER TABLE `class`
  ADD PRIMARY KEY (`id`);

--
-- Indexes for table `class_students`
--
ALTER TABLE `class_students`
  ADD PRIMARY KEY (`id`);

--
-- Indexes for table `faculty`
--
ALTER TABLE `faculty`
  ADD PRIMARY KEY (`id`);

--
-- Indexes for table `filter`
--
ALTER TABLE `filter`
  ADD PRIMARY KEY (`id`);

--
-- Indexes for table `grading_system`
--
ALTER TABLE `grading_system`
  ADD PRIMARY KEY (`id`);

--
-- Indexes for table `loads`
--
ALTER TABLE `loads`
  ADD PRIMARY KEY (`id`);

--
-- Indexes for table `months`
--
ALTER TABLE `months`
  ADD PRIMARY KEY (`id`);

--
-- Indexes for table `observe_values_k`
--
ALTER TABLE `observe_values_k`
  ADD PRIMARY KEY (`id`);

--
-- Indexes for table `observe_values_sh`
--
ALTER TABLE `observe_values_sh`
  ADD PRIMARY KEY (`id`);

--
-- Indexes for table `performance_task`
--
ALTER TABLE `performance_task`
  ADD PRIMARY KEY (`id`);

--
-- Indexes for table `pt_score`
--
ALTER TABLE `pt_score`
  ADD PRIMARY KEY (`id`);

--
-- Indexes for table `qa_score`
--
ALTER TABLE `qa_score`
  ADD PRIMARY KEY (`id`);

--
-- Indexes for table `quarterly_assessment`
--
ALTER TABLE `quarterly_assessment`
  ADD PRIMARY KEY (`id`);

--
-- Indexes for table `students`
--
ALTER TABLE `students`
  ADD PRIMARY KEY (`id`);

--
-- Indexes for table `subjects`
--
ALTER TABLE `subjects`
  ADD PRIMARY KEY (`id`);

--
-- Indexes for table `subject_grades`
--
ALTER TABLE `subject_grades`
  ADD PRIMARY KEY (`id`);

--
-- Indexes for table `submit_grades`
--
ALTER TABLE `submit_grades`
  ADD PRIMARY KEY (`id`);

--
-- Indexes for table `users`
--
ALTER TABLE `users`
  ADD PRIMARY KEY (`id`);

--
-- Indexes for table `written_works`
--
ALTER TABLE `written_works`
  ADD PRIMARY KEY (`id`);

--
-- Indexes for table `ww_score`
--
ALTER TABLE `ww_score`
  ADD PRIMARY KEY (`id`);

--
-- AUTO_INCREMENT for dumped tables
--

--
-- AUTO_INCREMENT for table `academic_calendar`
--
ALTER TABLE `academic_calendar`
  MODIFY `id` int(11) NOT NULL AUTO_INCREMENT, AUTO_INCREMENT=3;

--
-- AUTO_INCREMENT for table `attendance`
--
ALTER TABLE `attendance`
  MODIFY `id` int(11) NOT NULL AUTO_INCREMENT, AUTO_INCREMENT=627;

--
-- AUTO_INCREMENT for table `attendance_check`
--
ALTER TABLE `attendance_check`
  MODIFY `id` int(11) NOT NULL AUTO_INCREMENT, AUTO_INCREMENT=37;

--
-- AUTO_INCREMENT for table `class`
--
ALTER TABLE `class`
  MODIFY `id` int(11) NOT NULL AUTO_INCREMENT, AUTO_INCREMENT=9;

--
-- AUTO_INCREMENT for table `class_students`
--
ALTER TABLE `class_students`
  MODIFY `id` int(11) NOT NULL AUTO_INCREMENT, AUTO_INCREMENT=161;

--
-- AUTO_INCREMENT for table `faculty`
--
ALTER TABLE `faculty`
  MODIFY `id` int(11) NOT NULL AUTO_INCREMENT, AUTO_INCREMENT=19;

--
-- AUTO_INCREMENT for table `filter`
--
ALTER TABLE `filter`
  MODIFY `id` int(11) NOT NULL AUTO_INCREMENT, AUTO_INCREMENT=2;

--
-- AUTO_INCREMENT for table `grading_system`
--
ALTER TABLE `grading_system`
  MODIFY `id` int(11) NOT NULL AUTO_INCREMENT, AUTO_INCREMENT=18;

--
-- AUTO_INCREMENT for table `loads`
--
ALTER TABLE `loads`
  MODIFY `id` int(11) NOT NULL AUTO_INCREMENT, AUTO_INCREMENT=68;

--
-- AUTO_INCREMENT for table `months`
--
ALTER TABLE `months`
  MODIFY `id` int(11) NOT NULL AUTO_INCREMENT, AUTO_INCREMENT=22;

--
-- AUTO_INCREMENT for table `observe_values_k`
--
ALTER TABLE `observe_values_k`
  MODIFY `id` int(11) NOT NULL AUTO_INCREMENT;

--
-- AUTO_INCREMENT for table `observe_values_sh`
--
ALTER TABLE `observe_values_sh`
  MODIFY `id` int(11) NOT NULL AUTO_INCREMENT, AUTO_INCREMENT=470;

--
-- AUTO_INCREMENT for table `performance_task`
--
ALTER TABLE `performance_task`
  MODIFY `id` int(11) NOT NULL AUTO_INCREMENT, AUTO_INCREMENT=9;

--
-- AUTO_INCREMENT for table `pt_score`
--
ALTER TABLE `pt_score`
  MODIFY `id` int(11) NOT NULL AUTO_INCREMENT, AUTO_INCREMENT=89;

--
-- AUTO_INCREMENT for table `qa_score`
--
ALTER TABLE `qa_score`
  MODIFY `id` int(11) NOT NULL AUTO_INCREMENT, AUTO_INCREMENT=89;

--
-- AUTO_INCREMENT for table `quarterly_assessment`
--
ALTER TABLE `quarterly_assessment`
  MODIFY `id` int(11) NOT NULL AUTO_INCREMENT, AUTO_INCREMENT=9;

--
-- AUTO_INCREMENT for table `students`
--
ALTER TABLE `students`
  MODIFY `id` int(11) NOT NULL AUTO_INCREMENT, AUTO_INCREMENT=216;

--
-- AUTO_INCREMENT for table `subjects`
--
ALTER TABLE `subjects`
  MODIFY `id` int(11) NOT NULL AUTO_INCREMENT, AUTO_INCREMENT=92;

--
-- AUTO_INCREMENT for table `subject_grades`
--
ALTER TABLE `subject_grades`
  MODIFY `id` int(11) NOT NULL AUTO_INCREMENT, AUTO_INCREMENT=49;

--
-- AUTO_INCREMENT for table `submit_grades`
--
ALTER TABLE `submit_grades`
  MODIFY `id` int(11) NOT NULL AUTO_INCREMENT, AUTO_INCREMENT=11;

--
-- AUTO_INCREMENT for table `users`
--
ALTER TABLE `users`
  MODIFY `id` int(11) NOT NULL AUTO_INCREMENT, AUTO_INCREMENT=450;

--
-- AUTO_INCREMENT for table `written_works`
--
ALTER TABLE `written_works`
  MODIFY `id` int(11) NOT NULL AUTO_INCREMENT, AUTO_INCREMENT=12;

--
-- AUTO_INCREMENT for table `ww_score`
--
ALTER TABLE `ww_score`
  MODIFY `id` int(11) NOT NULL AUTO_INCREMENT, AUTO_INCREMENT=89;
COMMIT;

/*!40101 SET CHARACTER_SET_CLIENT=@OLD_CHARACTER_SET_CLIENT */;
/*!40101 SET CHARACTER_SET_RESULTS=@OLD_CHARACTER_SET_RESULTS */;
/*!40101 SET COLLATION_CONNECTION=@OLD_COLLATION_CONNECTION */;
