-- phpMyAdmin SQL Dump
-- version 5.2.1
-- https://www.phpmyadmin.net/
--
-- Host: 127.0.0.1
-- Generation Time: Feb 13, 2026 at 03:05 AM
-- Server version: 10.4.32-MariaDB
-- PHP Version: 8.2.12

SET SQL_MODE = "NO_AUTO_VALUE_ON_ZERO";
START TRANSACTION;
SET time_zone = "+00:00";


/*!40101 SET @OLD_CHARACTER_SET_CLIENT=@@CHARACTER_SET_CLIENT */;
/*!40101 SET @OLD_CHARACTER_SET_RESULTS=@@CHARACTER_SET_RESULTS */;
/*!40101 SET @OLD_COLLATION_CONNECTION=@@COLLATION_CONNECTION */;
/*!40101 SET NAMES utf8mb4 */;

--
-- Database: `grade_assist`
--

-- --------------------------------------------------------

--
-- Table structure for table `academic_calendar`
--

CREATE TABLE `academic_calendar` (
  `id` int(11) NOT NULL,
  `class_start` date NOT NULL,
  `class_end` date NOT NULL,
  `1semester_start` date NOT NULL,
  `1semester_end` date NOT NULL,
  `2semester_start` date NOT NULL,
  `2semester_end` date NOT NULL,
  `1quarter_start` date NOT NULL,
  `1quarter_end` date NOT NULL,
  `2quarter_start` date NOT NULL,
  `2quarter_end` date NOT NULL,
  `3quarter_start` date NOT NULL,
  `3quarter_end` date NOT NULL,
  `4quarter_start` date NOT NULL,
  `4quarter_end` date NOT NULL,
  `dateCreated` datetime NOT NULL DEFAULT current_timestamp(),
  `dateUpdated` date NOT NULL
) ENGINE=InnoDB DEFAULT CHARSET=utf8mb4 COLLATE=utf8mb4_general_ci;

--
-- Dumping data for table `academic_calendar`
--

INSERT INTO `academic_calendar` (`id`, `class_start`, `class_end`, `1semester_start`, `1semester_end`, `2semester_start`, `2semester_end`, `1quarter_start`, `1quarter_end`, `2quarter_start`, `2quarter_end`, `3quarter_start`, `3quarter_end`, `4quarter_start`, `4quarter_end`, `dateCreated`, `dateUpdated`) VALUES
(1, '2024-08-26', '2025-05-23', '2024-08-26', '2024-12-20', '2025-01-13', '2025-05-23', '2024-08-26', '2024-10-11', '2024-10-14', '2024-12-20', '2025-01-13', '2025-03-21', '2025-03-24', '2025-05-23', '2025-03-22 13:58:12', '0000-00-00');

-- --------------------------------------------------------

--
-- Table structure for table `attendance`
--

CREATE TABLE `attendance` (
  `id` int(11) NOT NULL,
  `student_id` int(11) NOT NULL,
  `class_id` int(11) NOT NULL,
  `school_year_id` int(11) NOT NULL,
  `month_id` int(11) NOT NULL,
  `daysPresent` varchar(50) NOT NULL,
  `dateCreated` datetime NOT NULL DEFAULT current_timestamp(),
  `datUpdated` datetime NOT NULL DEFAULT current_timestamp() ON UPDATE current_timestamp()
) ENGINE=InnoDB DEFAULT CHARSET=utf8mb4 COLLATE=utf8mb4_general_ci;

--
-- Dumping data for table `attendance`
--

INSERT INTO `attendance` (`id`, `student_id`, `class_id`, `school_year_id`, `month_id`, `daysPresent`, `dateCreated`, `datUpdated`) VALUES
(1, 57, 1, 1, 1, '4', '2025-03-22 15:15:21', '2025-03-22 15:27:54'),
(2, 57, 1, 1, 2, '20', '2025-03-22 15:15:21', '2025-03-22 15:27:54'),
(3, 57, 1, 1, 3, '23', '2025-03-22 15:15:21', '2025-03-22 15:15:21'),
(4, 57, 1, 1, 4, '21', '2025-03-22 15:15:21', '2025-03-22 15:15:21'),
(5, 57, 1, 1, 5, '15', '2025-03-22 15:15:21', '2025-03-22 15:15:21'),
(6, 57, 1, 1, 6, '15', '2025-03-22 15:15:21', '2025-03-22 15:15:21'),
(7, 57, 1, 1, 7, '20', '2025-03-22 15:15:21', '2025-03-22 15:15:21'),
(8, 57, 1, 1, 8, '21', '2025-03-22 15:15:21', '2025-03-22 15:15:21'),
(9, 57, 1, 1, 9, '22', '2025-03-22 15:15:21', '2025-03-22 15:15:21'),
(10, 56, 1, 1, 1, '5', '2025-03-22 15:15:21', '2025-03-22 15:15:21'),
(11, 56, 1, 1, 2, '21', '2025-03-22 15:15:21', '2025-03-22 15:15:21'),
(12, 56, 1, 1, 3, '23', '2025-03-22 15:15:21', '2025-03-22 15:15:21'),
(13, 56, 1, 1, 4, '21', '2025-03-22 15:15:21', '2025-03-22 15:15:21'),
(14, 56, 1, 1, 5, '15', '2025-03-22 15:15:21', '2025-03-22 15:15:21'),
(15, 56, 1, 1, 6, '15', '2025-03-22 15:15:21', '2025-03-22 15:15:21'),
(16, 56, 1, 1, 7, '20', '2025-03-22 15:15:21', '2025-03-22 15:15:21'),
(17, 56, 1, 1, 8, '21', '2025-03-22 15:15:21', '2025-03-22 15:15:21'),
(18, 56, 1, 1, 9, '22', '2025-03-22 15:15:21', '2025-03-22 15:15:21'),
(19, 55, 1, 1, 1, '5', '2025-03-22 15:15:21', '2025-03-22 15:15:21'),
(20, 55, 1, 1, 2, '20', '2025-03-22 15:15:21', '2025-03-22 15:27:54'),
(21, 55, 1, 1, 3, '23', '2025-03-22 15:15:21', '2025-03-22 15:15:21'),
(22, 55, 1, 1, 4, '21', '2025-03-22 15:15:21', '2025-03-22 15:15:21'),
(23, 55, 1, 1, 5, '15', '2025-03-22 15:15:21', '2025-03-22 15:15:21'),
(24, 55, 1, 1, 6, '15', '2025-03-22 15:15:21', '2025-03-22 15:15:21'),
(25, 55, 1, 1, 7, '20', '2025-03-22 15:15:21', '2025-03-22 15:15:21'),
(26, 55, 1, 1, 8, '21', '2025-03-22 15:15:21', '2025-03-22 15:15:21'),
(27, 55, 1, 1, 9, '22', '2025-03-22 15:15:21', '2025-03-22 15:15:21'),
(28, 21, 1, 1, 1, '5', '2025-03-22 15:15:21', '2025-03-22 15:15:21'),
(29, 21, 1, 1, 2, '21', '2025-03-22 15:15:21', '2025-03-22 15:15:21'),
(30, 21, 1, 1, 3, '23', '2025-03-22 15:15:21', '2025-03-22 15:15:21'),
(31, 21, 1, 1, 4, '21', '2025-03-22 15:15:21', '2025-03-22 15:15:21'),
(32, 21, 1, 1, 5, '15', '2025-03-22 15:15:21', '2025-03-22 15:15:21'),
(33, 21, 1, 1, 6, '15', '2025-03-22 15:15:21', '2025-03-22 15:15:21'),
(34, 21, 1, 1, 7, '20', '2025-03-22 15:15:21', '2025-03-22 15:15:21'),
(35, 21, 1, 1, 8, '21', '2025-03-22 15:15:21', '2025-03-22 15:15:21'),
(36, 21, 1, 1, 9, '22', '2025-03-22 15:15:21', '2025-03-22 15:15:21'),
(37, 54, 1, 1, 1, '5', '2025-03-22 15:15:21', '2025-03-22 15:15:21'),
(38, 54, 1, 1, 2, '20', '2025-03-22 15:15:21', '2025-03-22 15:27:54'),
(39, 54, 1, 1, 3, '23', '2025-03-22 15:15:21', '2025-03-22 15:15:21'),
(40, 54, 1, 1, 4, '21', '2025-03-22 15:15:21', '2025-03-22 15:15:21'),
(41, 54, 1, 1, 5, '15', '2025-03-22 15:15:21', '2025-03-22 15:15:21'),
(42, 54, 1, 1, 6, '15', '2025-03-22 15:15:21', '2025-03-22 15:15:21'),
(43, 54, 1, 1, 7, '20', '2025-03-22 15:15:21', '2025-03-22 15:15:21'),
(44, 54, 1, 1, 8, '21', '2025-03-22 15:15:21', '2025-03-22 15:15:21'),
(45, 54, 1, 1, 9, '22', '2025-03-22 15:15:21', '2025-03-22 15:15:21'),
(46, 83, 3, 1, 1, '5', '2026-02-13 08:27:39', '2026-02-13 08:27:39'),
(47, 83, 3, 1, 2, '21', '2026-02-13 08:27:39', '2026-02-13 08:27:39'),
(48, 83, 3, 1, 3, '23', '2026-02-13 08:27:39', '2026-02-13 08:27:39'),
(49, 83, 3, 1, 4, '21', '2026-02-13 08:27:39', '2026-02-13 08:27:39'),
(50, 83, 3, 1, 5, '15', '2026-02-13 08:27:39', '2026-02-13 08:27:39'),
(51, 83, 3, 1, 6, '15', '2026-02-13 08:27:39', '2026-02-13 08:27:39'),
(52, 83, 3, 1, 7, '20', '2026-02-13 08:27:39', '2026-02-13 08:27:39'),
(53, 83, 3, 1, 8, '21', '2026-02-13 08:27:39', '2026-02-13 08:27:39'),
(54, 83, 3, 1, 9, '22', '2026-02-13 08:27:39', '2026-02-13 08:27:39'),
(55, 81, 3, 1, 1, '5', '2026-02-13 08:27:39', '2026-02-13 08:27:39'),
(56, 81, 3, 1, 2, '21', '2026-02-13 08:27:39', '2026-02-13 08:27:39'),
(57, 81, 3, 1, 3, '23', '2026-02-13 08:27:39', '2026-02-13 08:27:39'),
(58, 81, 3, 1, 4, '21', '2026-02-13 08:27:39', '2026-02-13 08:27:39'),
(59, 81, 3, 1, 5, '15', '2026-02-13 08:27:39', '2026-02-13 08:27:39'),
(60, 81, 3, 1, 6, '15', '2026-02-13 08:27:39', '2026-02-13 08:27:39'),
(61, 81, 3, 1, 7, '20', '2026-02-13 08:27:39', '2026-02-13 08:27:39'),
(62, 81, 3, 1, 8, '21', '2026-02-13 08:27:39', '2026-02-13 08:27:39'),
(63, 81, 3, 1, 9, '22', '2026-02-13 08:27:39', '2026-02-13 08:27:39'),
(64, 82, 3, 1, 1, '5', '2026-02-13 08:27:39', '2026-02-13 08:27:39'),
(65, 82, 3, 1, 2, '21', '2026-02-13 08:27:39', '2026-02-13 08:27:39'),
(66, 82, 3, 1, 3, '23', '2026-02-13 08:27:39', '2026-02-13 08:27:39'),
(67, 82, 3, 1, 4, '21', '2026-02-13 08:27:39', '2026-02-13 08:27:39'),
(68, 82, 3, 1, 5, '15', '2026-02-13 08:27:39', '2026-02-13 08:27:39'),
(69, 82, 3, 1, 6, '15', '2026-02-13 08:27:39', '2026-02-13 08:27:39'),
(70, 82, 3, 1, 7, '20', '2026-02-13 08:27:39', '2026-02-13 08:27:39'),
(71, 82, 3, 1, 8, '21', '2026-02-13 08:27:39', '2026-02-13 08:27:39'),
(72, 82, 3, 1, 9, '22', '2026-02-13 08:27:39', '2026-02-13 08:27:39'),
(73, 87, 3, 1, 1, '5', '2026-02-13 08:27:39', '2026-02-13 08:27:39'),
(74, 87, 3, 1, 2, '21', '2026-02-13 08:27:39', '2026-02-13 08:27:39'),
(75, 87, 3, 1, 3, '23', '2026-02-13 08:27:39', '2026-02-13 08:27:39'),
(76, 87, 3, 1, 4, '21', '2026-02-13 08:27:39', '2026-02-13 08:27:39'),
(77, 87, 3, 1, 5, '15', '2026-02-13 08:27:39', '2026-02-13 08:27:39'),
(78, 87, 3, 1, 6, '15', '2026-02-13 08:27:39', '2026-02-13 08:27:39'),
(79, 87, 3, 1, 7, '20', '2026-02-13 08:27:39', '2026-02-13 08:27:39'),
(80, 87, 3, 1, 8, '21', '2026-02-13 08:27:39', '2026-02-13 08:27:39'),
(81, 87, 3, 1, 9, '22', '2026-02-13 08:27:39', '2026-02-13 08:27:39'),
(82, 79, 3, 1, 1, '5', '2026-02-13 08:27:39', '2026-02-13 08:27:39'),
(83, 79, 3, 1, 2, '21', '2026-02-13 08:27:39', '2026-02-13 08:27:39'),
(84, 79, 3, 1, 3, '23', '2026-02-13 08:27:39', '2026-02-13 08:27:39'),
(85, 79, 3, 1, 4, '21', '2026-02-13 08:27:39', '2026-02-13 08:27:39'),
(86, 79, 3, 1, 5, '15', '2026-02-13 08:27:39', '2026-02-13 08:27:39'),
(87, 79, 3, 1, 6, '15', '2026-02-13 08:27:39', '2026-02-13 08:27:39'),
(88, 79, 3, 1, 7, '20', '2026-02-13 08:27:39', '2026-02-13 08:27:39'),
(89, 79, 3, 1, 8, '21', '2026-02-13 08:27:39', '2026-02-13 08:27:39'),
(90, 79, 3, 1, 9, '22', '2026-02-13 08:27:39', '2026-02-13 08:27:39'),
(91, 84, 3, 1, 1, '5', '2026-02-13 08:27:39', '2026-02-13 08:27:39'),
(92, 84, 3, 1, 2, '21', '2026-02-13 08:27:39', '2026-02-13 08:27:39'),
(93, 84, 3, 1, 3, '23', '2026-02-13 08:27:39', '2026-02-13 08:27:39'),
(94, 84, 3, 1, 4, '21', '2026-02-13 08:27:39', '2026-02-13 08:27:39'),
(95, 84, 3, 1, 5, '15', '2026-02-13 08:27:39', '2026-02-13 08:27:39'),
(96, 84, 3, 1, 6, '15', '2026-02-13 08:27:39', '2026-02-13 08:27:39'),
(97, 84, 3, 1, 7, '20', '2026-02-13 08:27:39', '2026-02-13 08:27:39'),
(98, 84, 3, 1, 8, '21', '2026-02-13 08:27:39', '2026-02-13 08:27:39'),
(99, 84, 3, 1, 9, '22', '2026-02-13 08:27:39', '2026-02-13 08:27:39'),
(100, 86, 3, 1, 1, '5', '2026-02-13 08:27:39', '2026-02-13 08:27:39'),
(101, 86, 3, 1, 2, '21', '2026-02-13 08:27:39', '2026-02-13 08:27:39'),
(102, 86, 3, 1, 3, '23', '2026-02-13 08:27:39', '2026-02-13 08:27:39'),
(103, 86, 3, 1, 4, '21', '2026-02-13 08:27:39', '2026-02-13 08:27:39'),
(104, 86, 3, 1, 5, '15', '2026-02-13 08:27:39', '2026-02-13 08:27:39'),
(105, 86, 3, 1, 6, '15', '2026-02-13 08:27:39', '2026-02-13 08:27:39'),
(106, 86, 3, 1, 7, '20', '2026-02-13 08:27:39', '2026-02-13 08:27:39'),
(107, 86, 3, 1, 8, '21', '2026-02-13 08:27:39', '2026-02-13 08:27:39'),
(108, 86, 3, 1, 9, '22', '2026-02-13 08:27:39', '2026-02-13 08:27:39'),
(109, 85, 3, 1, 1, '5', '2026-02-13 08:27:39', '2026-02-13 08:27:39'),
(110, 85, 3, 1, 2, '21', '2026-02-13 08:27:39', '2026-02-13 08:27:39'),
(111, 85, 3, 1, 3, '23', '2026-02-13 08:27:39', '2026-02-13 08:27:39'),
(112, 85, 3, 1, 4, '21', '2026-02-13 08:27:39', '2026-02-13 08:27:39'),
(113, 85, 3, 1, 5, '15', '2026-02-13 08:27:39', '2026-02-13 08:27:39'),
(114, 85, 3, 1, 6, '15', '2026-02-13 08:27:39', '2026-02-13 08:27:39'),
(115, 85, 3, 1, 7, '20', '2026-02-13 08:27:39', '2026-02-13 08:27:39'),
(116, 85, 3, 1, 8, '21', '2026-02-13 08:27:39', '2026-02-13 08:27:39'),
(117, 85, 3, 1, 9, '22', '2026-02-13 08:27:39', '2026-02-13 08:27:39'),
(118, 80, 3, 1, 1, '5', '2026-02-13 08:27:39', '2026-02-13 08:27:39'),
(119, 80, 3, 1, 2, '21', '2026-02-13 08:27:39', '2026-02-13 08:27:39'),
(120, 80, 3, 1, 3, '23', '2026-02-13 08:27:39', '2026-02-13 08:27:39'),
(121, 80, 3, 1, 4, '21', '2026-02-13 08:27:39', '2026-02-13 08:27:39'),
(122, 80, 3, 1, 5, '15', '2026-02-13 08:27:39', '2026-02-13 08:27:39'),
(123, 80, 3, 1, 6, '15', '2026-02-13 08:27:39', '2026-02-13 08:27:39'),
(124, 80, 3, 1, 7, '20', '2026-02-13 08:27:39', '2026-02-13 08:27:39'),
(125, 80, 3, 1, 8, '21', '2026-02-13 08:27:39', '2026-02-13 08:27:39'),
(126, 80, 3, 1, 9, '22', '2026-02-13 08:27:39', '2026-02-13 08:27:39'),
(127, 78, 1, 1, 1, '5', '2026-02-13 08:38:48', '2026-02-13 08:38:48'),
(128, 78, 1, 1, 2, '21', '2026-02-13 08:38:48', '2026-02-13 08:38:48'),
(129, 78, 1, 1, 3, '23', '2026-02-13 08:38:48', '2026-02-13 08:38:48'),
(130, 78, 1, 1, 4, '21', '2026-02-13 08:38:48', '2026-02-13 08:38:48'),
(131, 78, 1, 1, 5, '15', '2026-02-13 08:38:48', '2026-02-13 08:38:48'),
(132, 78, 1, 1, 6, '15', '2026-02-13 08:38:48', '2026-02-13 08:38:48'),
(133, 78, 1, 1, 7, '20', '2026-02-13 08:38:48', '2026-02-13 08:38:48'),
(134, 78, 1, 1, 8, '21', '2026-02-13 08:38:48', '2026-02-13 08:38:48'),
(135, 78, 1, 1, 9, '22', '2026-02-13 08:38:48', '2026-02-13 08:38:48'),
(136, 68, 1, 1, 1, '5', '2026-02-13 08:38:48', '2026-02-13 08:38:48'),
(137, 68, 1, 1, 2, '21', '2026-02-13 08:38:48', '2026-02-13 08:38:48'),
(138, 68, 1, 1, 3, '23', '2026-02-13 08:38:48', '2026-02-13 08:38:48'),
(139, 68, 1, 1, 4, '21', '2026-02-13 08:38:48', '2026-02-13 08:38:48'),
(140, 68, 1, 1, 5, '15', '2026-02-13 08:38:48', '2026-02-13 08:38:48'),
(141, 68, 1, 1, 6, '15', '2026-02-13 08:38:48', '2026-02-13 08:38:48'),
(142, 68, 1, 1, 7, '20', '2026-02-13 08:38:48', '2026-02-13 08:38:48'),
(143, 68, 1, 1, 8, '21', '2026-02-13 08:38:48', '2026-02-13 08:38:48'),
(144, 68, 1, 1, 9, '22', '2026-02-13 08:38:48', '2026-02-13 08:38:48'),
(145, 61, 1, 1, 1, '5', '2026-02-13 08:38:48', '2026-02-13 08:38:48'),
(146, 61, 1, 1, 2, '21', '2026-02-13 08:38:48', '2026-02-13 08:38:48'),
(147, 61, 1, 1, 3, '23', '2026-02-13 08:38:48', '2026-02-13 08:38:48'),
(148, 61, 1, 1, 4, '21', '2026-02-13 08:38:48', '2026-02-13 08:38:48'),
(149, 61, 1, 1, 5, '15', '2026-02-13 08:38:48', '2026-02-13 08:38:48'),
(150, 61, 1, 1, 6, '15', '2026-02-13 08:38:48', '2026-02-13 08:38:48'),
(151, 61, 1, 1, 7, '20', '2026-02-13 08:38:48', '2026-02-13 08:38:48'),
(152, 61, 1, 1, 8, '21', '2026-02-13 08:38:48', '2026-02-13 08:38:48'),
(153, 61, 1, 1, 9, '22', '2026-02-13 08:38:48', '2026-02-13 08:38:48'),
(154, 71, 1, 1, 1, '5', '2026-02-13 08:38:48', '2026-02-13 08:38:48'),
(155, 71, 1, 1, 2, '21', '2026-02-13 08:38:48', '2026-02-13 08:38:48'),
(156, 71, 1, 1, 3, '23', '2026-02-13 08:38:48', '2026-02-13 08:38:48'),
(157, 71, 1, 1, 4, '21', '2026-02-13 08:38:48', '2026-02-13 08:38:48'),
(158, 71, 1, 1, 5, '15', '2026-02-13 08:38:48', '2026-02-13 08:38:48'),
(159, 71, 1, 1, 6, '15', '2026-02-13 08:38:48', '2026-02-13 08:38:48'),
(160, 71, 1, 1, 7, '20', '2026-02-13 08:38:48', '2026-02-13 08:38:48'),
(161, 71, 1, 1, 8, '21', '2026-02-13 08:38:48', '2026-02-13 08:38:48'),
(162, 71, 1, 1, 9, '22', '2026-02-13 08:38:48', '2026-02-13 08:38:48'),
(163, 66, 1, 1, 1, '5', '2026-02-13 08:38:48', '2026-02-13 08:38:48'),
(164, 66, 1, 1, 2, '21', '2026-02-13 08:38:48', '2026-02-13 08:38:48'),
(165, 66, 1, 1, 3, '23', '2026-02-13 08:38:48', '2026-02-13 08:38:48'),
(166, 66, 1, 1, 4, '21', '2026-02-13 08:38:48', '2026-02-13 08:38:48'),
(167, 66, 1, 1, 5, '15', '2026-02-13 08:38:48', '2026-02-13 08:38:48'),
(168, 66, 1, 1, 6, '15', '2026-02-13 08:38:48', '2026-02-13 08:38:48'),
(169, 66, 1, 1, 7, '20', '2026-02-13 08:38:48', '2026-02-13 08:38:48'),
(170, 66, 1, 1, 8, '21', '2026-02-13 08:38:48', '2026-02-13 08:38:48'),
(171, 66, 1, 1, 9, '22', '2026-02-13 08:38:48', '2026-02-13 08:38:48'),
(172, 76, 1, 1, 1, '5', '2026-02-13 08:38:48', '2026-02-13 08:38:48'),
(173, 76, 1, 1, 2, '21', '2026-02-13 08:38:48', '2026-02-13 08:38:48'),
(174, 76, 1, 1, 3, '23', '2026-02-13 08:38:48', '2026-02-13 08:38:48'),
(175, 76, 1, 1, 4, '21', '2026-02-13 08:38:48', '2026-02-13 08:38:48'),
(176, 76, 1, 1, 5, '15', '2026-02-13 08:38:48', '2026-02-13 08:38:48'),
(177, 76, 1, 1, 6, '15', '2026-02-13 08:38:48', '2026-02-13 08:38:48'),
(178, 76, 1, 1, 7, '20', '2026-02-13 08:38:48', '2026-02-13 08:38:48'),
(179, 76, 1, 1, 8, '21', '2026-02-13 08:38:48', '2026-02-13 08:38:48'),
(180, 76, 1, 1, 9, '22', '2026-02-13 08:38:48', '2026-02-13 08:38:48'),
(181, 72, 1, 1, 1, '5', '2026-02-13 08:38:48', '2026-02-13 08:38:48'),
(182, 72, 1, 1, 2, '21', '2026-02-13 08:38:48', '2026-02-13 08:38:48'),
(183, 72, 1, 1, 3, '23', '2026-02-13 08:38:48', '2026-02-13 08:38:48'),
(184, 72, 1, 1, 4, '21', '2026-02-13 08:38:48', '2026-02-13 08:38:48'),
(185, 72, 1, 1, 5, '15', '2026-02-13 08:38:48', '2026-02-13 08:38:48'),
(186, 72, 1, 1, 6, '15', '2026-02-13 08:38:48', '2026-02-13 08:38:48'),
(187, 72, 1, 1, 7, '20', '2026-02-13 08:38:48', '2026-02-13 08:38:48'),
(188, 72, 1, 1, 8, '21', '2026-02-13 08:38:48', '2026-02-13 08:38:48'),
(189, 72, 1, 1, 9, '22', '2026-02-13 08:38:48', '2026-02-13 08:38:48'),
(190, 62, 1, 1, 1, '5', '2026-02-13 08:38:48', '2026-02-13 08:38:48'),
(191, 62, 1, 1, 2, '21', '2026-02-13 08:38:48', '2026-02-13 08:38:48'),
(192, 62, 1, 1, 3, '23', '2026-02-13 08:38:48', '2026-02-13 08:38:48'),
(193, 62, 1, 1, 4, '21', '2026-02-13 08:38:48', '2026-02-13 08:38:48'),
(194, 62, 1, 1, 5, '15', '2026-02-13 08:38:48', '2026-02-13 08:38:48'),
(195, 62, 1, 1, 6, '15', '2026-02-13 08:38:48', '2026-02-13 08:38:48'),
(196, 62, 1, 1, 7, '20', '2026-02-13 08:38:48', '2026-02-13 08:38:48'),
(197, 62, 1, 1, 8, '21', '2026-02-13 08:38:48', '2026-02-13 08:38:48'),
(198, 62, 1, 1, 9, '22', '2026-02-13 08:38:48', '2026-02-13 08:38:48'),
(199, 67, 1, 1, 1, '5', '2026-02-13 08:38:48', '2026-02-13 08:38:48'),
(200, 67, 1, 1, 2, '21', '2026-02-13 08:38:48', '2026-02-13 08:38:48'),
(201, 67, 1, 1, 3, '23', '2026-02-13 08:38:48', '2026-02-13 08:38:48'),
(202, 67, 1, 1, 4, '21', '2026-02-13 08:38:48', '2026-02-13 08:38:48'),
(203, 67, 1, 1, 5, '15', '2026-02-13 08:38:48', '2026-02-13 08:38:48'),
(204, 67, 1, 1, 6, '15', '2026-02-13 08:38:48', '2026-02-13 08:38:48'),
(205, 67, 1, 1, 7, '20', '2026-02-13 08:38:48', '2026-02-13 08:38:48'),
(206, 67, 1, 1, 8, '21', '2026-02-13 08:38:48', '2026-02-13 08:38:48'),
(207, 67, 1, 1, 9, '22', '2026-02-13 08:38:48', '2026-02-13 08:38:48'),
(208, 77, 1, 1, 1, '5', '2026-02-13 08:38:48', '2026-02-13 08:38:48'),
(209, 77, 1, 1, 2, '21', '2026-02-13 08:38:48', '2026-02-13 08:38:48'),
(210, 77, 1, 1, 3, '23', '2026-02-13 08:38:48', '2026-02-13 08:38:48'),
(211, 77, 1, 1, 4, '21', '2026-02-13 08:38:48', '2026-02-13 08:38:48'),
(212, 77, 1, 1, 5, '15', '2026-02-13 08:38:48', '2026-02-13 08:38:48'),
(213, 77, 1, 1, 6, '15', '2026-02-13 08:38:48', '2026-02-13 08:38:48'),
(214, 77, 1, 1, 7, '20', '2026-02-13 08:38:48', '2026-02-13 08:38:48'),
(215, 77, 1, 1, 8, '21', '2026-02-13 08:38:48', '2026-02-13 08:38:48'),
(216, 77, 1, 1, 9, '22', '2026-02-13 08:38:48', '2026-02-13 08:38:48'),
(217, 64, 1, 1, 1, '5', '2026-02-13 08:38:48', '2026-02-13 08:38:48'),
(218, 64, 1, 1, 2, '21', '2026-02-13 08:38:48', '2026-02-13 08:38:48'),
(219, 64, 1, 1, 3, '23', '2026-02-13 08:38:48', '2026-02-13 08:38:48'),
(220, 64, 1, 1, 4, '21', '2026-02-13 08:38:48', '2026-02-13 08:38:48'),
(221, 64, 1, 1, 5, '15', '2026-02-13 08:38:48', '2026-02-13 08:38:48'),
(222, 64, 1, 1, 6, '15', '2026-02-13 08:38:48', '2026-02-13 08:38:48'),
(223, 64, 1, 1, 7, '20', '2026-02-13 08:38:48', '2026-02-13 08:38:48'),
(224, 64, 1, 1, 8, '21', '2026-02-13 08:38:48', '2026-02-13 08:38:48'),
(225, 64, 1, 1, 9, '22', '2026-02-13 08:38:48', '2026-02-13 08:38:48'),
(226, 74, 1, 1, 1, '5', '2026-02-13 08:38:48', '2026-02-13 08:38:48'),
(227, 74, 1, 1, 2, '21', '2026-02-13 08:38:48', '2026-02-13 08:38:48'),
(228, 74, 1, 1, 3, '23', '2026-02-13 08:38:48', '2026-02-13 08:38:48'),
(229, 74, 1, 1, 4, '21', '2026-02-13 08:38:48', '2026-02-13 08:38:48'),
(230, 74, 1, 1, 5, '15', '2026-02-13 08:38:48', '2026-02-13 08:38:48'),
(231, 74, 1, 1, 6, '15', '2026-02-13 08:38:48', '2026-02-13 08:38:48'),
(232, 74, 1, 1, 7, '20', '2026-02-13 08:38:48', '2026-02-13 08:38:48'),
(233, 74, 1, 1, 8, '21', '2026-02-13 08:38:48', '2026-02-13 08:38:48'),
(234, 74, 1, 1, 9, '22', '2026-02-13 08:38:48', '2026-02-13 08:38:48'),
(235, 73, 1, 1, 1, '5', '2026-02-13 08:38:49', '2026-02-13 08:38:49'),
(236, 73, 1, 1, 2, '21', '2026-02-13 08:38:49', '2026-02-13 08:38:49'),
(237, 73, 1, 1, 3, '23', '2026-02-13 08:38:49', '2026-02-13 08:38:49'),
(238, 73, 1, 1, 4, '21', '2026-02-13 08:38:49', '2026-02-13 08:38:49'),
(239, 73, 1, 1, 5, '15', '2026-02-13 08:38:49', '2026-02-13 08:38:49'),
(240, 73, 1, 1, 6, '15', '2026-02-13 08:38:49', '2026-02-13 08:38:49'),
(241, 73, 1, 1, 7, '20', '2026-02-13 08:38:49', '2026-02-13 08:38:49'),
(242, 73, 1, 1, 8, '21', '2026-02-13 08:38:49', '2026-02-13 08:38:49'),
(243, 73, 1, 1, 9, '22', '2026-02-13 08:38:49', '2026-02-13 08:38:49'),
(244, 63, 1, 1, 1, '5', '2026-02-13 08:38:49', '2026-02-13 08:38:49'),
(245, 63, 1, 1, 2, '21', '2026-02-13 08:38:49', '2026-02-13 08:38:49'),
(246, 63, 1, 1, 3, '23', '2026-02-13 08:38:49', '2026-02-13 08:38:49'),
(247, 63, 1, 1, 4, '21', '2026-02-13 08:38:49', '2026-02-13 08:38:49'),
(248, 63, 1, 1, 5, '15', '2026-02-13 08:38:49', '2026-02-13 08:38:49'),
(249, 63, 1, 1, 6, '15', '2026-02-13 08:38:49', '2026-02-13 08:38:49'),
(250, 63, 1, 1, 7, '20', '2026-02-13 08:38:49', '2026-02-13 08:38:49'),
(251, 63, 1, 1, 8, '21', '2026-02-13 08:38:49', '2026-02-13 08:38:49'),
(252, 63, 1, 1, 9, '22', '2026-02-13 08:38:49', '2026-02-13 08:38:49'),
(253, 65, 1, 1, 1, '5', '2026-02-13 08:38:49', '2026-02-13 08:38:49'),
(254, 65, 1, 1, 2, '21', '2026-02-13 08:38:49', '2026-02-13 08:38:49'),
(255, 65, 1, 1, 3, '23', '2026-02-13 08:38:49', '2026-02-13 08:38:49'),
(256, 65, 1, 1, 4, '21', '2026-02-13 08:38:49', '2026-02-13 08:38:49'),
(257, 65, 1, 1, 5, '15', '2026-02-13 08:38:49', '2026-02-13 08:38:49'),
(258, 65, 1, 1, 6, '15', '2026-02-13 08:38:49', '2026-02-13 08:38:49'),
(259, 65, 1, 1, 7, '20', '2026-02-13 08:38:49', '2026-02-13 08:38:49'),
(260, 65, 1, 1, 8, '21', '2026-02-13 08:38:49', '2026-02-13 08:38:49'),
(261, 65, 1, 1, 9, '22', '2026-02-13 08:38:49', '2026-02-13 08:38:49'),
(262, 75, 1, 1, 1, '5', '2026-02-13 08:38:49', '2026-02-13 08:38:49'),
(263, 75, 1, 1, 2, '21', '2026-02-13 08:38:49', '2026-02-13 08:38:49'),
(264, 75, 1, 1, 3, '23', '2026-02-13 08:38:49', '2026-02-13 08:38:49'),
(265, 75, 1, 1, 4, '21', '2026-02-13 08:38:49', '2026-02-13 08:38:49'),
(266, 75, 1, 1, 5, '15', '2026-02-13 08:38:49', '2026-02-13 08:38:49'),
(267, 75, 1, 1, 6, '15', '2026-02-13 08:38:49', '2026-02-13 08:38:49'),
(268, 75, 1, 1, 7, '20', '2026-02-13 08:38:49', '2026-02-13 08:38:49'),
(269, 75, 1, 1, 8, '21', '2026-02-13 08:38:49', '2026-02-13 08:38:49'),
(270, 75, 1, 1, 9, '22', '2026-02-13 08:38:49', '2026-02-13 08:38:49'),
(271, 60, 1, 1, 1, '5', '2026-02-13 08:38:49', '2026-02-13 08:38:49'),
(272, 60, 1, 1, 2, '21', '2026-02-13 08:38:49', '2026-02-13 08:38:49'),
(273, 60, 1, 1, 3, '23', '2026-02-13 08:38:49', '2026-02-13 08:38:49'),
(274, 60, 1, 1, 4, '21', '2026-02-13 08:38:49', '2026-02-13 08:38:49'),
(275, 60, 1, 1, 5, '15', '2026-02-13 08:38:49', '2026-02-13 08:38:49'),
(276, 60, 1, 1, 6, '15', '2026-02-13 08:38:49', '2026-02-13 08:38:49'),
(277, 60, 1, 1, 7, '20', '2026-02-13 08:38:49', '2026-02-13 08:38:49'),
(278, 60, 1, 1, 8, '21', '2026-02-13 08:38:49', '2026-02-13 08:38:49'),
(279, 60, 1, 1, 9, '22', '2026-02-13 08:38:49', '2026-02-13 08:38:49'),
(280, 70, 1, 1, 1, '5', '2026-02-13 08:38:49', '2026-02-13 08:38:49'),
(281, 70, 1, 1, 2, '21', '2026-02-13 08:38:49', '2026-02-13 08:38:49'),
(282, 70, 1, 1, 3, '23', '2026-02-13 08:38:49', '2026-02-13 08:38:49'),
(283, 70, 1, 1, 4, '21', '2026-02-13 08:38:49', '2026-02-13 08:38:49'),
(284, 70, 1, 1, 5, '15', '2026-02-13 08:38:49', '2026-02-13 08:38:49'),
(285, 70, 1, 1, 6, '15', '2026-02-13 08:38:49', '2026-02-13 08:38:49'),
(286, 70, 1, 1, 7, '20', '2026-02-13 08:38:49', '2026-02-13 08:38:49'),
(287, 70, 1, 1, 8, '21', '2026-02-13 08:38:49', '2026-02-13 08:38:49'),
(288, 70, 1, 1, 9, '22', '2026-02-13 08:38:49', '2026-02-13 08:38:49'),
(289, 59, 1, 1, 1, '5', '2026-02-13 08:38:49', '2026-02-13 08:38:49'),
(290, 59, 1, 1, 2, '21', '2026-02-13 08:38:49', '2026-02-13 08:38:49'),
(291, 59, 1, 1, 3, '23', '2026-02-13 08:38:49', '2026-02-13 08:38:49'),
(292, 59, 1, 1, 4, '21', '2026-02-13 08:38:49', '2026-02-13 08:38:49'),
(293, 59, 1, 1, 5, '15', '2026-02-13 08:38:49', '2026-02-13 08:38:49'),
(294, 59, 1, 1, 6, '15', '2026-02-13 08:38:49', '2026-02-13 08:38:49'),
(295, 59, 1, 1, 7, '20', '2026-02-13 08:38:49', '2026-02-13 08:38:49'),
(296, 59, 1, 1, 8, '21', '2026-02-13 08:38:49', '2026-02-13 08:38:49'),
(297, 59, 1, 1, 9, '22', '2026-02-13 08:38:49', '2026-02-13 08:38:49'),
(298, 69, 1, 1, 1, '5', '2026-02-13 08:38:49', '2026-02-13 08:38:49'),
(299, 69, 1, 1, 2, '21', '2026-02-13 08:38:49', '2026-02-13 08:38:49'),
(300, 69, 1, 1, 3, '23', '2026-02-13 08:38:49', '2026-02-13 08:38:49'),
(301, 69, 1, 1, 4, '21', '2026-02-13 08:38:49', '2026-02-13 08:38:49'),
(302, 69, 1, 1, 5, '15', '2026-02-13 08:38:49', '2026-02-13 08:38:49'),
(303, 69, 1, 1, 6, '15', '2026-02-13 08:38:49', '2026-02-13 08:38:49'),
(304, 69, 1, 1, 7, '20', '2026-02-13 08:38:49', '2026-02-13 08:38:49'),
(305, 69, 1, 1, 8, '21', '2026-02-13 08:38:49', '2026-02-13 08:38:49'),
(306, 69, 1, 1, 9, '22', '2026-02-13 08:38:49', '2026-02-13 08:38:49'),
(307, 58, 1, 1, 1, '5', '2026-02-13 08:38:49', '2026-02-13 08:38:49'),
(308, 58, 1, 1, 2, '21', '2026-02-13 08:38:49', '2026-02-13 08:38:49'),
(309, 58, 1, 1, 3, '23', '2026-02-13 08:38:49', '2026-02-13 08:38:49'),
(310, 58, 1, 1, 4, '21', '2026-02-13 08:38:49', '2026-02-13 08:38:49'),
(311, 58, 1, 1, 5, '15', '2026-02-13 08:38:49', '2026-02-13 08:38:49'),
(312, 58, 1, 1, 6, '15', '2026-02-13 08:38:49', '2026-02-13 08:38:49'),
(313, 58, 1, 1, 7, '20', '2026-02-13 08:38:49', '2026-02-13 08:38:49'),
(314, 58, 1, 1, 8, '21', '2026-02-13 08:38:49', '2026-02-13 08:38:49'),
(315, 58, 1, 1, 9, '22', '2026-02-13 08:38:49', '2026-02-13 08:38:49'),
(316, 111, 3, 1, 1, '5', '2026-02-13 09:48:52', '2026-02-13 09:48:52'),
(317, 111, 3, 1, 2, '21', '2026-02-13 09:48:52', '2026-02-13 09:48:52'),
(318, 111, 3, 1, 3, '23', '2026-02-13 09:48:52', '2026-02-13 09:48:52'),
(319, 111, 3, 1, 4, '21', '2026-02-13 09:48:52', '2026-02-13 09:48:52'),
(320, 111, 3, 1, 5, '15', '2026-02-13 09:48:52', '2026-02-13 09:48:52'),
(321, 111, 3, 1, 6, '15', '2026-02-13 09:48:52', '2026-02-13 09:48:52'),
(322, 111, 3, 1, 7, '20', '2026-02-13 09:48:52', '2026-02-13 09:48:52'),
(323, 111, 3, 1, 8, '21', '2026-02-13 09:48:52', '2026-02-13 09:48:52'),
(324, 111, 3, 1, 9, '22', '2026-02-13 09:48:52', '2026-02-13 09:48:52'),
(325, 96, 3, 1, 1, '5', '2026-02-13 09:48:52', '2026-02-13 09:48:52'),
(326, 96, 3, 1, 2, '21', '2026-02-13 09:48:52', '2026-02-13 09:48:52'),
(327, 96, 3, 1, 3, '23', '2026-02-13 09:48:52', '2026-02-13 09:48:52'),
(328, 96, 3, 1, 4, '21', '2026-02-13 09:48:52', '2026-02-13 09:48:52'),
(329, 96, 3, 1, 5, '15', '2026-02-13 09:48:52', '2026-02-13 09:48:52'),
(330, 96, 3, 1, 6, '15', '2026-02-13 09:48:52', '2026-02-13 09:48:52'),
(331, 96, 3, 1, 7, '20', '2026-02-13 09:48:52', '2026-02-13 09:48:52'),
(332, 96, 3, 1, 8, '21', '2026-02-13 09:48:52', '2026-02-13 09:48:52'),
(333, 96, 3, 1, 9, '22', '2026-02-13 09:48:52', '2026-02-13 09:48:52'),
(334, 107, 3, 1, 1, '5', '2026-02-13 09:48:52', '2026-02-13 09:48:52'),
(335, 107, 3, 1, 2, '21', '2026-02-13 09:48:52', '2026-02-13 09:48:52'),
(336, 107, 3, 1, 3, '23', '2026-02-13 09:48:52', '2026-02-13 09:48:52'),
(337, 107, 3, 1, 4, '21', '2026-02-13 09:48:52', '2026-02-13 09:48:52'),
(338, 107, 3, 1, 5, '15', '2026-02-13 09:48:52', '2026-02-13 09:48:52'),
(339, 107, 3, 1, 6, '15', '2026-02-13 09:48:52', '2026-02-13 09:48:52'),
(340, 107, 3, 1, 7, '20', '2026-02-13 09:48:52', '2026-02-13 09:48:52'),
(341, 107, 3, 1, 8, '21', '2026-02-13 09:48:52', '2026-02-13 09:48:52'),
(342, 107, 3, 1, 9, '22', '2026-02-13 09:48:52', '2026-02-13 09:48:52'),
(343, 104, 3, 1, 1, '5', '2026-02-13 09:48:52', '2026-02-13 09:48:52'),
(344, 104, 3, 1, 2, '21', '2026-02-13 09:48:52', '2026-02-13 09:48:52'),
(345, 104, 3, 1, 3, '23', '2026-02-13 09:48:52', '2026-02-13 09:48:52'),
(346, 104, 3, 1, 4, '21', '2026-02-13 09:48:52', '2026-02-13 09:48:52'),
(347, 104, 3, 1, 5, '15', '2026-02-13 09:48:52', '2026-02-13 09:48:52'),
(348, 104, 3, 1, 6, '15', '2026-02-13 09:48:52', '2026-02-13 09:48:52'),
(349, 104, 3, 1, 7, '20', '2026-02-13 09:48:52', '2026-02-13 09:48:52'),
(350, 104, 3, 1, 8, '21', '2026-02-13 09:48:52', '2026-02-13 09:48:52'),
(351, 104, 3, 1, 9, '22', '2026-02-13 09:48:52', '2026-02-13 09:48:52'),
(352, 110, 3, 1, 1, '5', '2026-02-13 09:48:52', '2026-02-13 09:48:52'),
(353, 110, 3, 1, 2, '21', '2026-02-13 09:48:52', '2026-02-13 09:48:52'),
(354, 110, 3, 1, 3, '23', '2026-02-13 09:48:52', '2026-02-13 09:48:52'),
(355, 110, 3, 1, 4, '21', '2026-02-13 09:48:52', '2026-02-13 09:48:52'),
(356, 110, 3, 1, 5, '15', '2026-02-13 09:48:52', '2026-02-13 09:48:52'),
(357, 110, 3, 1, 6, '15', '2026-02-13 09:48:52', '2026-02-13 09:48:52'),
(358, 110, 3, 1, 7, '20', '2026-02-13 09:48:52', '2026-02-13 09:48:52'),
(359, 110, 3, 1, 8, '21', '2026-02-13 09:48:52', '2026-02-13 09:48:52'),
(360, 110, 3, 1, 9, '22', '2026-02-13 09:48:52', '2026-02-13 09:48:52'),
(361, 106, 3, 1, 1, '5', '2026-02-13 09:48:52', '2026-02-13 09:48:52'),
(362, 106, 3, 1, 2, '21', '2026-02-13 09:48:52', '2026-02-13 09:48:52'),
(363, 106, 3, 1, 3, '23', '2026-02-13 09:48:52', '2026-02-13 09:48:52'),
(364, 106, 3, 1, 4, '21', '2026-02-13 09:48:52', '2026-02-13 09:48:52'),
(365, 106, 3, 1, 5, '15', '2026-02-13 09:48:52', '2026-02-13 09:48:52'),
(366, 106, 3, 1, 6, '15', '2026-02-13 09:48:52', '2026-02-13 09:48:52'),
(367, 106, 3, 1, 7, '20', '2026-02-13 09:48:52', '2026-02-13 09:48:52'),
(368, 106, 3, 1, 8, '21', '2026-02-13 09:48:52', '2026-02-13 09:48:52'),
(369, 106, 3, 1, 9, '22', '2026-02-13 09:48:52', '2026-02-13 09:48:52'),
(370, 109, 3, 1, 1, '5', '2026-02-13 09:48:52', '2026-02-13 09:48:52'),
(371, 109, 3, 1, 2, '21', '2026-02-13 09:48:52', '2026-02-13 09:48:52'),
(372, 109, 3, 1, 3, '23', '2026-02-13 09:48:52', '2026-02-13 09:48:52'),
(373, 109, 3, 1, 4, '21', '2026-02-13 09:48:52', '2026-02-13 09:48:52'),
(374, 109, 3, 1, 5, '15', '2026-02-13 09:48:52', '2026-02-13 09:48:52'),
(375, 109, 3, 1, 6, '15', '2026-02-13 09:48:52', '2026-02-13 09:48:52'),
(376, 109, 3, 1, 7, '20', '2026-02-13 09:48:52', '2026-02-13 09:48:52'),
(377, 109, 3, 1, 8, '21', '2026-02-13 09:48:52', '2026-02-13 09:48:52'),
(378, 109, 3, 1, 9, '22', '2026-02-13 09:48:52', '2026-02-13 09:48:52'),
(379, 105, 3, 1, 1, '5', '2026-02-13 09:48:52', '2026-02-13 09:48:52'),
(380, 105, 3, 1, 2, '21', '2026-02-13 09:48:52', '2026-02-13 09:48:52'),
(381, 105, 3, 1, 3, '23', '2026-02-13 09:48:52', '2026-02-13 09:48:52'),
(382, 105, 3, 1, 4, '21', '2026-02-13 09:48:52', '2026-02-13 09:48:52'),
(383, 105, 3, 1, 5, '15', '2026-02-13 09:48:52', '2026-02-13 09:48:52'),
(384, 105, 3, 1, 6, '15', '2026-02-13 09:48:52', '2026-02-13 09:48:52'),
(385, 105, 3, 1, 7, '20', '2026-02-13 09:48:52', '2026-02-13 09:48:52'),
(386, 105, 3, 1, 8, '21', '2026-02-13 09:48:52', '2026-02-13 09:48:52'),
(387, 105, 3, 1, 9, '22', '2026-02-13 09:48:52', '2026-02-13 09:48:52'),
(388, 108, 3, 1, 1, '5', '2026-02-13 09:48:52', '2026-02-13 09:48:52'),
(389, 108, 3, 1, 2, '21', '2026-02-13 09:48:52', '2026-02-13 09:48:52'),
(390, 108, 3, 1, 3, '23', '2026-02-13 09:48:52', '2026-02-13 09:48:52'),
(391, 108, 3, 1, 4, '21', '2026-02-13 09:48:52', '2026-02-13 09:48:52'),
(392, 108, 3, 1, 5, '15', '2026-02-13 09:48:52', '2026-02-13 09:48:52'),
(393, 108, 3, 1, 6, '15', '2026-02-13 09:48:52', '2026-02-13 09:48:52'),
(394, 108, 3, 1, 7, '20', '2026-02-13 09:48:52', '2026-02-13 09:48:52'),
(395, 108, 3, 1, 8, '21', '2026-02-13 09:48:52', '2026-02-13 09:48:52'),
(396, 108, 3, 1, 9, '22', '2026-02-13 09:48:52', '2026-02-13 09:48:52');

-- --------------------------------------------------------

--
-- Table structure for table `attendance_check`
--

CREATE TABLE `attendance_check` (
  `id` int(11) NOT NULL,
  `student_id` int(11) NOT NULL,
  `date` date NOT NULL,
  `status` enum('present','absent','excused') NOT NULL,
  `teacher_id` int(11) NOT NULL,
  `section_id` int(11) NOT NULL
) ENGINE=InnoDB DEFAULT CHARSET=utf8mb4 COLLATE=utf8mb4_general_ci;

--
-- Dumping data for table `attendance_check`
--

INSERT INTO `attendance_check` (`id`, `student_id`, `date`, `status`, `teacher_id`, `section_id`) VALUES
(5, 57, '2026-02-12', 'present', 1, 1),
(6, 56, '2026-02-12', 'present', 1, 1),
(7, 55, '2026-02-12', 'present', 1, 1),
(8, 54, '2026-02-12', 'present', 1, 1),
(9, 57, '2026-02-11', 'present', 1, 1),
(10, 56, '2026-02-11', 'present', 1, 1),
(11, 55, '2026-02-11', 'present', 1, 1),
(12, 54, '2026-02-11', 'present', 1, 1),
(13, 57, '2026-02-01', 'present', 1, 1),
(14, 56, '2026-02-01', 'absent', 1, 1),
(15, 55, '2026-02-01', 'present', 1, 1),
(16, 54, '2026-02-01', 'present', 1, 1);

-- --------------------------------------------------------

--
-- Table structure for table `class`
--

CREATE TABLE `class` (
  `id` int(11) NOT NULL,
  `section` varchar(50) NOT NULL,
  `gradeLevel` varchar(50) NOT NULL,
  `faculty_id` int(11) NOT NULL,
  `school_year_id` int(11) NOT NULL,
  `dateCreated` datetime NOT NULL DEFAULT current_timestamp(),
  `dateUpdated` datetime NOT NULL DEFAULT current_timestamp() ON UPDATE current_timestamp()
) ENGINE=InnoDB DEFAULT CHARSET=utf8mb4 COLLATE=utf8mb4_general_ci;

--
-- Dumping data for table `class`
--

INSERT INTO `class` (`id`, `section`, `gradeLevel`, `faculty_id`, `school_year_id`, `dateCreated`, `dateUpdated`) VALUES
(1, 'Loyalty', 'Grade 7', 1, 1, '2025-03-22 14:12:37', '2025-03-22 14:12:37'),
(3, 'Freedom', 'Grade 8', 5, 1, '2025-10-03 13:30:23', '2025-10-03 13:30:23');

-- --------------------------------------------------------

--
-- Table structure for table `class_students`
--

CREATE TABLE `class_students` (
  `id` int(11) NOT NULL,
  `class_id` int(11) NOT NULL,
  `student_id` int(11) NOT NULL,
  `school_year_id` int(11) NOT NULL,
  `dateCreated` datetime NOT NULL DEFAULT current_timestamp(),
  `dateUpdated` datetime NOT NULL DEFAULT current_timestamp() ON UPDATE current_timestamp()
) ENGINE=InnoDB DEFAULT CHARSET=utf8mb4 COLLATE=utf8mb4_general_ci;

--
-- Dumping data for table `class_students`
--

INSERT INTO `class_students` (`id`, `class_id`, `student_id`, `school_year_id`, `dateCreated`, `dateUpdated`) VALUES
(4, 1, 54, 1, '2025-03-22 15:11:14', '2025-03-22 15:11:14'),
(5, 1, 55, 1, '2025-03-22 15:11:14', '2025-03-22 15:11:14'),
(6, 1, 56, 1, '2025-03-22 15:11:14', '2025-03-22 15:11:14'),
(7, 1, 57, 1, '2025-03-22 15:11:14', '2025-03-22 15:11:14'),
(8, 1, 58, 1, '2026-02-12 15:30:52', '2026-02-12 15:30:52'),
(9, 1, 59, 1, '2026-02-12 15:30:52', '2026-02-12 15:30:52'),
(10, 1, 60, 1, '2026-02-12 15:30:52', '2026-02-12 15:30:52'),
(11, 1, 61, 1, '2026-02-12 15:30:52', '2026-02-12 15:30:52'),
(12, 1, 62, 1, '2026-02-12 15:30:52', '2026-02-12 15:30:52'),
(13, 1, 63, 1, '2026-02-12 15:30:52', '2026-02-12 15:30:52'),
(14, 1, 64, 1, '2026-02-12 15:30:52', '2026-02-12 15:30:52'),
(15, 1, 65, 1, '2026-02-12 15:30:52', '2026-02-12 15:30:52'),
(16, 1, 66, 1, '2026-02-12 15:30:52', '2026-02-12 15:30:52'),
(17, 1, 67, 1, '2026-02-12 15:30:52', '2026-02-12 15:30:52'),
(18, 1, 68, 1, '2026-02-12 15:30:52', '2026-02-12 15:30:52'),
(19, 1, 69, 1, '2026-02-12 15:30:52', '2026-02-12 15:30:52'),
(20, 1, 70, 1, '2026-02-12 15:30:52', '2026-02-12 15:30:52'),
(21, 1, 71, 1, '2026-02-12 15:30:52', '2026-02-12 15:30:52'),
(22, 1, 72, 1, '2026-02-12 15:30:52', '2026-02-12 15:30:52'),
(23, 1, 73, 1, '2026-02-12 15:30:52', '2026-02-12 15:30:52'),
(24, 1, 74, 1, '2026-02-12 15:30:52', '2026-02-12 15:30:52'),
(25, 1, 75, 1, '2026-02-12 15:30:52', '2026-02-12 15:30:52'),
(26, 1, 76, 1, '2026-02-12 15:30:52', '2026-02-12 15:30:52'),
(27, 1, 77, 1, '2026-02-12 15:30:52', '2026-02-12 15:30:52'),
(28, 1, 78, 1, '2026-02-12 15:30:52', '2026-02-12 15:30:52'),
(29, 3, 79, 1, '2026-02-13 08:26:53', '2026-02-13 08:26:53'),
(30, 3, 80, 1, '2026-02-13 08:26:53', '2026-02-13 08:26:53'),
(31, 3, 81, 1, '2026-02-13 08:26:53', '2026-02-13 08:26:53'),
(32, 3, 82, 1, '2026-02-13 08:26:53', '2026-02-13 08:26:53'),
(33, 3, 83, 1, '2026-02-13 08:26:53', '2026-02-13 08:26:53'),
(34, 3, 84, 1, '2026-02-13 08:26:53', '2026-02-13 08:26:53'),
(35, 3, 85, 1, '2026-02-13 08:26:53', '2026-02-13 08:26:53'),
(36, 3, 86, 1, '2026-02-13 08:26:53', '2026-02-13 08:26:53'),
(37, 3, 87, 1, '2026-02-13 08:26:53', '2026-02-13 08:26:53'),
(38, 3, 96, 1, '2026-02-13 09:43:38', '2026-02-13 09:43:38'),
(39, 3, 104, 1, '2026-02-13 09:43:38', '2026-02-13 09:43:38'),
(40, 3, 105, 1, '2026-02-13 09:43:38', '2026-02-13 09:43:38'),
(41, 3, 106, 1, '2026-02-13 09:43:38', '2026-02-13 09:43:38'),
(42, 3, 107, 1, '2026-02-13 09:43:38', '2026-02-13 09:43:38'),
(43, 3, 108, 1, '2026-02-13 09:43:38', '2026-02-13 09:43:38'),
(44, 3, 109, 1, '2026-02-13 09:43:38', '2026-02-13 09:43:38'),
(45, 3, 110, 1, '2026-02-13 09:43:38', '2026-02-13 09:43:38'),
(46, 3, 111, 1, '2026-02-13 09:43:38', '2026-02-13 09:43:38');

-- --------------------------------------------------------

--
-- Table structure for table `faculty`
--

CREATE TABLE `faculty` (
  `id` int(11) NOT NULL,
  `emp_number` varchar(50) NOT NULL,
  `firstName` varchar(50) NOT NULL,
  `middleName` varchar(50) NOT NULL,
  `lastName` varchar(50) NOT NULL,
  `gender` varchar(50) NOT NULL,
  `rank` varchar(50) NOT NULL,
  `designation` varchar(50) NOT NULL,
  `department` varchar(50) NOT NULL,
  `status` varchar(50) NOT NULL,
  `dateCreated` datetime NOT NULL DEFAULT current_timestamp(),
  `dateUpdated` datetime NOT NULL DEFAULT current_timestamp() ON UPDATE current_timestamp()
) ENGINE=InnoDB DEFAULT CHARSET=latin1 COLLATE=latin1_swedish_ci;

--
-- Dumping data for table `faculty`
--

INSERT INTO `faculty` (`id`, `emp_number`, `firstName`, `middleName`, `lastName`, `gender`, `rank`, `designation`, `department`, `status`, `dateCreated`, `dateUpdated`) VALUES
(1, '01594', 'Lorenjane', 'Esguerra', 'Balan', 'Female', 'Assoc. Prof. I', 'Faculty', 'High School', 'Permanent', '2025-02-20 15:17:54', '2025-02-20 15:17:54'),
(2, '01234', 'Erwin ', 'Reyes', 'Ardid', 'Male', 'Assoc. Prof. I', 'Registrar', 'Elementary', 'Permanent', '2025-02-20 15:25:41', '2025-02-20 15:25:41'),
(3, '01595', 'Maria', 'Corpuz', 'Agua', 'Female', 'Instructor I', 'Faculty', 'High School', 'Permanent', '2025-03-22 11:53:21', '2025-03-22 11:53:21'),
(4, '01596', 'Jose ', 'Leon', 'Carreon', 'Male', 'Instructor II', 'Faculty', 'High School', 'Permanent', '2025-03-22 11:54:02', '2025-03-22 11:54:02'),
(5, '01597', 'Jesus', 'Cruz', 'Dellima', 'Male', 'Instructor III', 'Faculty', 'High School', 'Permanent', '2025-03-22 11:54:50', '2025-03-22 11:54:50'),
(6, '01598', 'Isaac', 'Tan', 'Eras', 'Male', 'Asst. Prof. I', 'Faculty', 'High School', 'Permanent', '2025-03-22 11:55:25', '2025-03-22 11:55:25'),
(7, '01599', 'Margaret', 'Alonzo', 'Ferrer', 'Female', 'Instructor III', 'Faculty', 'High School', 'Permanent', '2025-03-22 11:56:08', '2025-03-22 11:56:08'),
(8, '01600', 'Jullina', 'Emeri', 'Galvez', 'Female', 'Instructor I', 'Faculty', 'High School', 'Temporary', '2025-03-22 11:56:34', '2025-03-22 11:56:34'),
(9, '01601', 'Ara', 'Grant', 'Herra', 'Female', 'Instructor I', 'Faculty', 'Elementary', 'Temporary', '2025-03-22 11:57:01', '2025-03-22 11:57:01'),
(10, '01602', 'Brian', 'Fara', 'Ilao', 'Male', 'Instructor I', 'Faculty', 'Elementary', 'Temporary', '2025-03-22 11:57:23', '2025-03-22 11:57:23'),
(11, '01603', 'Cynthia', 'Eroll', 'Jaro', 'Female', 'Instructor III', 'Faculty', 'Elementary', 'Permanent', '2025-03-22 11:58:02', '2025-03-22 11:58:02'),
(12, '01604', 'David', 'Driz', 'Lira', 'Male', 'Instructor I', 'Faculty', 'Elementary', 'Temporary', '2025-03-22 11:58:28', '2025-03-22 11:58:28'),
(13, '01605', 'Ezra', 'Cruz', 'Mendez', 'Female', 'Instructor I', 'Faculty', 'Elementary', 'Permanent', '2025-03-22 11:58:57', '2025-03-22 11:58:57'),
(14, '01606', 'Faith', 'Blas', 'Perez', 'Female', 'Instructor II', 'Faculty', 'Elementary', 'Permanent', '2025-03-22 11:59:26', '2025-03-22 11:59:26'),
(15, '01607', 'Grace', 'Arias', 'Quinia', 'Female', 'Instructor III', 'Faculty', 'Elementary', 'Permanent', '2025-03-22 12:00:00', '2025-03-22 12:00:00'),
(16, '01111', 'Alejandro', 'Roa', 'Velez', 'Male', 'Assoc. Prof. V', 'Principal', 'High School', 'Permanent', '2025-03-22 12:03:02', '2025-03-22 12:03:02'),
(17, '01592', 'Cristine', 'Perez', 'Dacillo', 'Female', 'Asst. Prof. II', 'Chairperson', 'Elementary', 'Permanent', '2025-03-22 12:03:36', '2025-03-22 12:03:36'),
(18, '01593', 'Roy', 'Tee', 'Villa', 'Male', 'Asst. Prof. I', 'Chairperson', 'High School', 'Permanent', '2025-03-22 12:03:59', '2025-03-22 12:03:59');

-- --------------------------------------------------------

--
-- Table structure for table `filter`
--

CREATE TABLE `filter` (
  `id` int(11) NOT NULL,
  `user_id` int(11) NOT NULL,
  `school_year` int(11) NOT NULL,
  `semester` int(11) NOT NULL,
  `quarter` int(11) NOT NULL,
  `dateCreated` datetime NOT NULL DEFAULT current_timestamp(),
  `dateUpdated` datetime NOT NULL DEFAULT current_timestamp()
) ENGINE=InnoDB DEFAULT CHARSET=utf8mb4 COLLATE=utf8mb4_general_ci;

--
-- Dumping data for table `filter`
--

INSERT INTO `filter` (`id`, `user_id`, `school_year`, `semester`, `quarter`, `dateCreated`, `dateUpdated`) VALUES
(1, 42, 1, 1, 1, '2025-03-22 15:22:31', '2025-03-22 15:22:31');

-- --------------------------------------------------------

--
-- Table structure for table `grading_system`
--

CREATE TABLE `grading_system` (
  `id` int(11) NOT NULL,
  `written` int(50) NOT NULL,
  `performance` int(50) NOT NULL,
  `assessment` bigint(50) NOT NULL,
  `subjectArea` varchar(50) NOT NULL,
  `level` varchar(100) NOT NULL,
  `dateCreated` datetime NOT NULL DEFAULT current_timestamp(),
  `dateUpdated` datetime NOT NULL DEFAULT current_timestamp() ON UPDATE current_timestamp()
) ENGINE=InnoDB DEFAULT CHARSET=utf8mb4 COLLATE=utf8mb4_general_ci;

--
-- Dumping data for table `grading_system`
--

INSERT INTO `grading_system` (`id`, `written`, `performance`, `assessment`, `subjectArea`, `level`, `dateCreated`, `dateUpdated`) VALUES
(1, 40, 40, 20, 'Science', 'Elementary', '2025-03-22 12:05:40', '2025-03-22 12:05:40'),
(2, 40, 40, 20, 'Math', 'Elementary', '2025-03-22 12:09:05', '2025-03-22 12:09:05'),
(3, 30, 50, 20, 'English', 'Elementary', '2025-03-22 12:09:37', '2025-03-22 12:09:37'),
(4, 30, 50, 20, 'Filipino', 'Elementary', '2025-03-22 12:09:58', '2025-03-22 12:09:58'),
(5, 30, 50, 20, 'AP', 'Elementary', '2025-03-22 12:10:21', '2025-03-22 12:10:21'),
(6, 30, 50, 20, 'ESP', 'Elementary', '2025-03-22 12:10:36', '2025-03-22 12:10:36'),
(7, 20, 60, 20, 'MAPEH', 'Elementary', '2025-03-22 13:45:44', '2025-03-22 13:45:44'),
(8, 20, 60, 20, 'EPP', 'Elementary', '2025-03-22 13:45:59', '2025-03-22 13:45:59'),
(9, 30, 50, 20, 'Filipino', 'High School', '2025-03-22 13:46:34', '2025-03-22 13:46:34'),
(10, 30, 50, 20, 'English', 'High School', '2025-03-22 13:46:53', '2025-03-22 13:46:53'),
(11, 30, 50, 20, 'AP', 'High School', '2025-03-22 13:47:11', '2025-03-22 13:47:11'),
(12, 30, 50, 20, 'AP', 'High School', '2025-03-22 13:47:27', '2025-03-22 13:47:27'),
(13, 30, 50, 20, 'ESP', 'High School', '2025-03-22 13:47:44', '2025-03-22 13:47:44'),
(14, 40, 40, 20, 'Science', 'High School', '2025-03-22 13:47:55', '2025-03-22 13:47:55'),
(15, 40, 40, 20, 'Math', 'High School', '2025-03-22 13:48:09', '2025-03-22 13:48:09'),
(16, 20, 60, 20, 'MAPEH', 'High School', '2025-03-22 13:48:26', '2025-03-22 13:48:26'),
(17, 20, 60, 20, 'TLE', 'High School', '2025-03-22 13:48:40', '2025-03-22 13:48:40');

-- --------------------------------------------------------

--
-- Table structure for table `loads`
--

CREATE TABLE `loads` (
  `id` int(11) NOT NULL,
  `subject_id` int(11) NOT NULL,
  `mapeh_name` varchar(50) NOT NULL,
  `class_id` int(11) NOT NULL,
  `faculty_id` int(11) NOT NULL,
  `school_year_id` int(11) NOT NULL,
  `semester` int(11) NOT NULL,
  `hours_per_week` varchar(50) NOT NULL,
  `dateCreated` datetime NOT NULL DEFAULT current_timestamp(),
  `dateUpdated` datetime NOT NULL DEFAULT current_timestamp() ON UPDATE current_timestamp()
) ENGINE=InnoDB DEFAULT CHARSET=utf8mb4 COLLATE=utf8mb4_general_ci;

--
-- Dumping data for table `loads`
--

INSERT INTO `loads` (`id`, `subject_id`, `mapeh_name`, `class_id`, `faculty_id`, `school_year_id`, `semester`, `hours_per_week`, `dateCreated`, `dateUpdated`) VALUES
(1, 3, '', 1, 18, 1, 0, '5', '2025-03-22 14:13:37', '2025-03-22 14:15:07'),
(2, 3, '', 2, 18, 1, 0, '5', '2025-03-22 14:14:52', '2025-03-22 14:14:52'),
(3, 3, '', 2, 18, 1, 0, '5', '2025-03-22 14:15:35', '2025-03-22 14:15:35'),
(4, 6, '', 1, 1, 1, 0, '3', '2025-03-22 14:17:06', '2025-03-22 14:17:06'),
(5, 3, '', 1, 18, 1, 0, '5', '2025-03-22 14:17:45', '2025-03-22 14:17:45'),
(6, 5, '', 1, 18, 1, 0, '3', '2025-03-22 14:18:19', '2025-03-22 14:18:19'),
(7, 1, '', 1, 3, 1, 0, '3', '2025-03-22 14:19:48', '2025-03-22 14:19:48'),
(9, 4, '', 1, 5, 1, 0, '3', '2025-03-22 14:21:19', '2025-03-22 14:21:19'),
(10, 5, '', 1, 6, 1, 0, '3', '2025-03-22 14:21:40', '2025-03-22 14:21:40'),
(11, 7, '', 1, 6, 1, 0, '3', '2025-03-22 14:21:51', '2025-03-22 14:21:51'),
(12, 8, '', 1, 7, 1, 0, '3', '2025-03-22 14:22:18', '2025-03-22 14:22:18'),
(13, 9, '', 1, 7, 1, 0, '3', '2025-03-22 14:22:36', '2025-03-22 14:22:36'),
(14, 10, 'Music 7', 1, 7, 1, 0, '4', '2025-03-22 14:22:51', '2025-03-22 14:22:51'),
(15, 10, 'Arts 7', 1, 7, 1, 0, '4', '2025-03-22 14:22:51', '2025-03-22 14:22:51'),
(16, 10, 'Physical Education 7', 1, 7, 1, 0, '4', '2025-03-22 14:22:51', '2025-03-22 14:22:51'),
(17, 10, 'Health 7', 1, 7, 1, 0, '4', '2025-03-22 14:22:51', '2025-03-22 14:22:51'),
(18, 1, '', 1, 18, 1, 0, '3', '2025-10-03 14:11:30', '2025-10-03 14:11:45'),
(20, 10, 'Music 7', 1, 1, 1, 0, '4', '2026-02-11 13:36:09', '2026-02-11 13:36:09'),
(21, 10, 'Arts 7', 1, 1, 1, 0, '4', '2026-02-11 13:36:09', '2026-02-11 13:36:09'),
(22, 10, 'Physical Education 7', 1, 1, 1, 0, '4', '2026-02-11 13:36:09', '2026-02-11 13:36:09'),
(23, 10, 'Health 7', 1, 1, 1, 0, '4', '2026-02-11 13:36:09', '2026-02-11 13:36:09'),
(24, 3, '', 3, 1, 1, 0, '5', '2026-02-12 16:55:53', '2026-02-12 16:55:53');

-- --------------------------------------------------------

--
-- Table structure for table `months`
--

CREATE TABLE `months` (
  `id` int(11) NOT NULL,
  `monthName` varchar(100) NOT NULL,
  `daysInMonth` varchar(50) NOT NULL,
  `school_year_id` int(11) NOT NULL,
  `dateCreated` datetime NOT NULL DEFAULT current_timestamp(),
  `dateUpdated` datetime NOT NULL DEFAULT current_timestamp() ON UPDATE current_timestamp()
) ENGINE=InnoDB DEFAULT CHARSET=utf8mb4 COLLATE=utf8mb4_general_ci;

--
-- Dumping data for table `months`
--

INSERT INTO `months` (`id`, `monthName`, `daysInMonth`, `school_year_id`, `dateCreated`, `dateUpdated`) VALUES
(1, 'August', '5', 1, '2025-03-22 13:58:13', '2025-03-22 14:09:41'),
(2, 'September', '21', 1, '2025-03-22 13:58:13', '2025-03-22 14:09:41'),
(3, 'October', '23', 1, '2025-03-22 13:58:13', '2025-03-22 14:09:41'),
(4, 'November', '21', 1, '2025-03-22 13:58:13', '2025-03-22 14:09:41'),
(5, 'December', '15', 1, '2025-03-22 13:58:13', '2025-03-22 14:09:41'),
(6, 'January', '15', 1, '2025-03-22 13:58:13', '2025-03-22 14:09:41'),
(7, 'February', '20', 1, '2025-03-22 13:58:13', '2025-03-22 14:09:41'),
(8, 'March', '21', 1, '2025-03-22 13:58:13', '2025-03-22 14:09:41'),
(9, 'April', '22', 1, '2025-03-22 13:58:13', '2025-03-22 14:09:41');

-- --------------------------------------------------------

--
-- Table structure for table `observe_values_k`
--

CREATE TABLE `observe_values_k` (
  `id` int(11) NOT NULL,
  `value` int(11) NOT NULL,
  `quarter_1` varchar(50) NOT NULL,
  `quarter_2` varchar(50) NOT NULL,
  `quarter_3` varchar(50) NOT NULL,
  `quarter_4` varchar(50) NOT NULL,
  `student_id` int(11) NOT NULL,
  `class_id` int(11) NOT NULL,
  `school_year_id` int(11) NOT NULL,
  `dateCreated` datetime NOT NULL DEFAULT current_timestamp(),
  `dateUpdated` datetime NOT NULL DEFAULT current_timestamp() ON UPDATE current_timestamp()
) ENGINE=InnoDB DEFAULT CHARSET=utf8mb4 COLLATE=utf8mb4_general_ci;

-- --------------------------------------------------------

--
-- Table structure for table `observe_values_sh`
--

CREATE TABLE `observe_values_sh` (
  `id` int(11) NOT NULL,
  `core_value` int(11) NOT NULL,
  `behavior_statement` int(11) NOT NULL,
  `quarter_1` varchar(50) NOT NULL,
  `quarter_2` varchar(50) NOT NULL,
  `quarter_3` varchar(50) NOT NULL,
  `quarter_4` varchar(50) NOT NULL,
  `student_id` int(11) NOT NULL,
  `class_id` int(11) NOT NULL,
  `school_year_id` int(11) NOT NULL,
  `dateCreated` datetime NOT NULL DEFAULT current_timestamp(),
  `dateUpdated` datetime NOT NULL DEFAULT current_timestamp() ON UPDATE current_timestamp()
) ENGINE=InnoDB DEFAULT CHARSET=utf8mb4 COLLATE=utf8mb4_general_ci;

--
-- Dumping data for table `observe_values_sh`
--

INSERT INTO `observe_values_sh` (`id`, `core_value`, `behavior_statement`, `quarter_1`, `quarter_2`, `quarter_3`, `quarter_4`, `student_id`, `class_id`, `school_year_id`, `dateCreated`, `dateUpdated`) VALUES
(1, 1, 1, 'AO', 'AO', 'AO', 'AO', 57, 1, 1, '2025-03-22 15:15:21', '2025-03-22 15:15:21'),
(2, 1, 2, 'AO', 'AO', 'AO', 'AO', 57, 1, 1, '2025-03-22 15:15:21', '2025-03-22 15:15:21'),
(3, 2, 3, 'AO', 'AO', 'AO', 'AO', 57, 1, 1, '2025-03-22 15:15:21', '2025-03-22 15:15:21'),
(4, 2, 4, 'AO', 'AO', 'AO', 'AO', 57, 1, 1, '2025-03-22 15:15:21', '2025-03-22 15:15:21'),
(5, 3, 5, 'AO', 'AO', 'AO', 'AO', 57, 1, 1, '2025-03-22 15:15:21', '2025-03-22 15:15:21'),
(6, 4, 6, 'AO', 'AO', 'AO', 'AO', 57, 1, 1, '2025-03-22 15:15:21', '2025-03-22 15:15:21'),
(7, 4, 7, 'AO', 'AO', 'AO', 'AO', 57, 1, 1, '2025-03-22 15:15:21', '2025-03-22 15:15:21'),
(8, 1, 1, 'AO', 'AO', 'AO', 'AO', 56, 1, 1, '2025-03-22 15:15:21', '2025-03-22 15:15:21'),
(9, 1, 2, 'AO', 'AO', 'AO', 'AO', 56, 1, 1, '2025-03-22 15:15:21', '2025-03-22 15:15:21'),
(10, 2, 3, 'AO', 'AO', 'AO', 'AO', 56, 1, 1, '2025-03-22 15:15:21', '2025-03-22 15:15:21'),
(11, 2, 4, 'AO', 'AO', 'AO', 'AO', 56, 1, 1, '2025-03-22 15:15:21', '2025-03-22 15:15:21'),
(12, 3, 5, 'AO', 'AO', 'AO', 'AO', 56, 1, 1, '2025-03-22 15:15:21', '2025-03-22 15:15:21'),
(13, 4, 6, 'AO', 'AO', 'AO', 'AO', 56, 1, 1, '2025-03-22 15:15:21', '2025-03-22 15:15:21'),
(14, 4, 7, 'AO', 'AO', 'AO', 'AO', 56, 1, 1, '2025-03-22 15:15:21', '2025-03-22 15:15:21'),
(15, 1, 1, 'AO', 'AO', 'AO', 'AO', 55, 1, 1, '2025-03-22 15:15:21', '2025-03-22 15:15:21'),
(16, 1, 2, 'AO', 'AO', 'AO', 'AO', 55, 1, 1, '2025-03-22 15:15:21', '2025-03-22 15:15:21'),
(17, 2, 3, 'AO', 'AO', 'AO', 'AO', 55, 1, 1, '2025-03-22 15:15:21', '2025-03-22 15:15:21'),
(18, 2, 4, 'AO', 'AO', 'AO', 'AO', 55, 1, 1, '2025-03-22 15:15:21', '2025-03-22 15:15:21'),
(19, 3, 5, 'AO', 'AO', 'AO', 'AO', 55, 1, 1, '2025-03-22 15:15:21', '2025-03-22 15:15:21'),
(20, 4, 6, 'AO', 'AO', 'AO', 'AO', 55, 1, 1, '2025-03-22 15:15:21', '2025-03-22 15:15:21'),
(21, 4, 7, 'AO', 'AO', 'AO', 'AO', 55, 1, 1, '2025-03-22 15:15:21', '2025-03-22 15:15:21'),
(22, 1, 1, 'AO', 'AO', 'AO', 'AO', 21, 1, 1, '2025-03-22 15:15:21', '2025-03-22 15:15:21'),
(23, 1, 2, 'AO', 'AO', 'AO', 'AO', 21, 1, 1, '2025-03-22 15:15:21', '2025-03-22 15:15:21'),
(24, 2, 3, 'AO', 'AO', 'AO', 'AO', 21, 1, 1, '2025-03-22 15:15:21', '2025-03-22 15:15:21'),
(25, 2, 4, 'AO', 'AO', 'AO', 'AO', 21, 1, 1, '2025-03-22 15:15:21', '2025-03-22 15:15:21'),
(26, 3, 5, 'AO', 'AO', 'AO', 'AO', 21, 1, 1, '2025-03-22 15:15:21', '2025-03-22 15:15:21'),
(27, 4, 6, 'AO', 'AO', 'AO', 'AO', 21, 1, 1, '2025-03-22 15:15:21', '2025-03-22 15:15:21'),
(28, 4, 7, 'AO', 'AO', 'AO', 'AO', 21, 1, 1, '2025-03-22 15:15:21', '2025-03-22 15:15:21'),
(29, 1, 1, 'AO', 'AO', 'AO', 'AO', 54, 1, 1, '2025-03-22 15:15:21', '2025-03-22 15:15:21'),
(30, 1, 2, 'AO', 'AO', 'AO', 'AO', 54, 1, 1, '2025-03-22 15:15:21', '2025-03-22 15:15:21'),
(31, 2, 3, 'AO', 'AO', 'AO', 'AO', 54, 1, 1, '2025-03-22 15:15:21', '2025-03-22 15:15:21'),
(32, 2, 4, 'AO', 'AO', 'AO', 'AO', 54, 1, 1, '2025-03-22 15:15:21', '2025-03-22 15:15:21'),
(33, 3, 5, 'AO', 'AO', 'AO', 'AO', 54, 1, 1, '2025-03-22 15:15:21', '2025-03-22 15:15:21'),
(34, 4, 6, 'AO', 'AO', 'AO', 'AO', 54, 1, 1, '2025-03-22 15:15:21', '2025-03-22 15:15:21'),
(35, 4, 7, 'AO', 'AO', 'AO', 'AO', 54, 1, 1, '2025-03-22 15:15:21', '2025-03-22 15:15:21'),
(36, 1, 1, 'AO', 'AO', 'AO', 'AO', 83, 3, 1, '2026-02-13 08:27:39', '2026-02-13 08:27:39'),
(37, 1, 2, 'AO', 'AO', 'AO', 'AO', 83, 3, 1, '2026-02-13 08:27:39', '2026-02-13 08:27:39'),
(38, 2, 3, 'AO', 'AO', 'AO', 'AO', 83, 3, 1, '2026-02-13 08:27:39', '2026-02-13 08:27:39'),
(39, 2, 4, 'AO', 'AO', 'AO', 'AO', 83, 3, 1, '2026-02-13 08:27:39', '2026-02-13 08:27:39'),
(40, 3, 5, 'AO', 'AO', 'AO', 'AO', 83, 3, 1, '2026-02-13 08:27:39', '2026-02-13 08:27:39'),
(41, 4, 6, 'AO', 'AO', 'AO', 'AO', 83, 3, 1, '2026-02-13 08:27:39', '2026-02-13 08:27:39'),
(42, 4, 7, 'AO', 'AO', 'AO', 'AO', 83, 3, 1, '2026-02-13 08:27:39', '2026-02-13 08:27:39'),
(43, 1, 1, 'AO', 'AO', 'AO', 'AO', 81, 3, 1, '2026-02-13 08:27:39', '2026-02-13 08:27:39'),
(44, 1, 2, 'AO', 'AO', 'AO', 'AO', 81, 3, 1, '2026-02-13 08:27:39', '2026-02-13 08:27:39'),
(45, 2, 3, 'AO', 'AO', 'AO', 'AO', 81, 3, 1, '2026-02-13 08:27:39', '2026-02-13 08:27:39'),
(46, 2, 4, 'AO', 'AO', 'AO', 'AO', 81, 3, 1, '2026-02-13 08:27:39', '2026-02-13 08:27:39'),
(47, 3, 5, 'AO', 'AO', 'AO', 'AO', 81, 3, 1, '2026-02-13 08:27:39', '2026-02-13 08:27:39'),
(48, 4, 6, 'AO', 'AO', 'AO', 'AO', 81, 3, 1, '2026-02-13 08:27:39', '2026-02-13 08:27:39'),
(49, 4, 7, 'AO', 'AO', 'AO', 'AO', 81, 3, 1, '2026-02-13 08:27:39', '2026-02-13 08:27:39'),
(50, 1, 1, 'AO', 'AO', 'AO', 'AO', 82, 3, 1, '2026-02-13 08:27:39', '2026-02-13 08:27:39'),
(51, 1, 2, 'AO', 'AO', 'AO', 'AO', 82, 3, 1, '2026-02-13 08:27:39', '2026-02-13 08:27:39'),
(52, 2, 3, 'AO', 'AO', 'AO', 'AO', 82, 3, 1, '2026-02-13 08:27:39', '2026-02-13 08:27:39'),
(53, 2, 4, 'AO', 'AO', 'AO', 'AO', 82, 3, 1, '2026-02-13 08:27:39', '2026-02-13 08:27:39'),
(54, 3, 5, 'AO', 'AO', 'AO', 'AO', 82, 3, 1, '2026-02-13 08:27:39', '2026-02-13 08:27:39'),
(55, 4, 6, 'AO', 'AO', 'AO', 'AO', 82, 3, 1, '2026-02-13 08:27:39', '2026-02-13 08:27:39'),
(56, 4, 7, 'AO', 'AO', 'AO', 'AO', 82, 3, 1, '2026-02-13 08:27:39', '2026-02-13 08:27:39'),
(57, 1, 1, 'AO', 'AO', 'AO', 'AO', 87, 3, 1, '2026-02-13 08:27:39', '2026-02-13 08:27:39'),
(58, 1, 2, 'AO', 'AO', 'AO', 'AO', 87, 3, 1, '2026-02-13 08:27:39', '2026-02-13 08:27:39'),
(59, 2, 3, 'AO', 'AO', 'AO', 'AO', 87, 3, 1, '2026-02-13 08:27:39', '2026-02-13 08:27:39'),
(60, 2, 4, 'AO', 'AO', 'AO', 'AO', 87, 3, 1, '2026-02-13 08:27:39', '2026-02-13 08:27:39'),
(61, 3, 5, 'AO', 'AO', 'AO', 'AO', 87, 3, 1, '2026-02-13 08:27:39', '2026-02-13 08:27:39'),
(62, 4, 6, 'AO', 'AO', 'AO', 'AO', 87, 3, 1, '2026-02-13 08:27:39', '2026-02-13 08:27:39'),
(63, 4, 7, 'AO', 'AO', 'AO', 'AO', 87, 3, 1, '2026-02-13 08:27:39', '2026-02-13 08:27:39'),
(64, 1, 1, 'AO', 'AO', 'AO', 'AO', 79, 3, 1, '2026-02-13 08:27:39', '2026-02-13 08:27:39'),
(65, 1, 2, 'AO', 'AO', 'AO', 'AO', 79, 3, 1, '2026-02-13 08:27:39', '2026-02-13 08:27:39'),
(66, 2, 3, 'AO', 'AO', 'AO', 'AO', 79, 3, 1, '2026-02-13 08:27:39', '2026-02-13 08:27:39'),
(67, 2, 4, 'AO', 'AO', 'AO', 'AO', 79, 3, 1, '2026-02-13 08:27:39', '2026-02-13 08:27:39'),
(68, 3, 5, 'AO', 'AO', 'AO', 'AO', 79, 3, 1, '2026-02-13 08:27:39', '2026-02-13 08:27:39'),
(69, 4, 6, 'AO', 'AO', 'AO', 'AO', 79, 3, 1, '2026-02-13 08:27:39', '2026-02-13 08:27:39'),
(70, 4, 7, 'AO', 'AO', 'AO', 'AO', 79, 3, 1, '2026-02-13 08:27:39', '2026-02-13 08:27:39'),
(71, 1, 1, 'AO', 'AO', 'AO', 'AO', 84, 3, 1, '2026-02-13 08:27:39', '2026-02-13 08:27:39'),
(72, 1, 2, 'AO', 'AO', 'AO', 'AO', 84, 3, 1, '2026-02-13 08:27:39', '2026-02-13 08:27:39'),
(73, 2, 3, 'AO', 'AO', 'AO', 'AO', 84, 3, 1, '2026-02-13 08:27:39', '2026-02-13 08:27:39'),
(74, 2, 4, 'AO', 'AO', 'AO', 'AO', 84, 3, 1, '2026-02-13 08:27:39', '2026-02-13 08:27:39'),
(75, 3, 5, 'AO', 'AO', 'AO', 'AO', 84, 3, 1, '2026-02-13 08:27:39', '2026-02-13 08:27:39'),
(76, 4, 6, 'AO', 'AO', 'AO', 'AO', 84, 3, 1, '2026-02-13 08:27:39', '2026-02-13 08:27:39'),
(77, 4, 7, 'AO', 'AO', 'AO', 'AO', 84, 3, 1, '2026-02-13 08:27:39', '2026-02-13 08:27:39'),
(78, 1, 1, 'AO', 'AO', 'AO', 'AO', 86, 3, 1, '2026-02-13 08:27:39', '2026-02-13 08:27:39'),
(79, 1, 2, 'AO', 'AO', 'AO', 'AO', 86, 3, 1, '2026-02-13 08:27:39', '2026-02-13 08:27:39'),
(80, 2, 3, 'AO', 'AO', 'AO', 'AO', 86, 3, 1, '2026-02-13 08:27:39', '2026-02-13 08:27:39'),
(81, 2, 4, 'AO', 'AO', 'AO', 'AO', 86, 3, 1, '2026-02-13 08:27:39', '2026-02-13 08:27:39'),
(82, 3, 5, 'AO', 'AO', 'AO', 'AO', 86, 3, 1, '2026-02-13 08:27:39', '2026-02-13 08:27:39'),
(83, 4, 6, 'AO', 'AO', 'AO', 'AO', 86, 3, 1, '2026-02-13 08:27:39', '2026-02-13 08:27:39'),
(84, 4, 7, 'AO', 'AO', 'AO', 'AO', 86, 3, 1, '2026-02-13 08:27:39', '2026-02-13 08:27:39'),
(85, 1, 1, 'AO', 'AO', 'AO', 'AO', 85, 3, 1, '2026-02-13 08:27:39', '2026-02-13 08:27:39'),
(86, 1, 2, 'AO', 'AO', 'AO', 'AO', 85, 3, 1, '2026-02-13 08:27:39', '2026-02-13 08:27:39'),
(87, 2, 3, 'AO', 'AO', 'AO', 'AO', 85, 3, 1, '2026-02-13 08:27:39', '2026-02-13 08:27:39'),
(88, 2, 4, 'AO', 'AO', 'AO', 'AO', 85, 3, 1, '2026-02-13 08:27:39', '2026-02-13 08:27:39'),
(89, 3, 5, 'AO', 'AO', 'AO', 'AO', 85, 3, 1, '2026-02-13 08:27:39', '2026-02-13 08:27:39'),
(90, 4, 6, 'AO', 'AO', 'AO', 'AO', 85, 3, 1, '2026-02-13 08:27:39', '2026-02-13 08:27:39'),
(91, 4, 7, 'AO', 'AO', 'AO', 'AO', 85, 3, 1, '2026-02-13 08:27:39', '2026-02-13 08:27:39'),
(92, 1, 1, 'AO', 'AO', 'AO', 'AO', 80, 3, 1, '2026-02-13 08:27:39', '2026-02-13 08:27:39'),
(93, 1, 2, 'AO', 'AO', 'AO', 'AO', 80, 3, 1, '2026-02-13 08:27:39', '2026-02-13 08:27:39'),
(94, 2, 3, 'AO', 'AO', 'AO', 'AO', 80, 3, 1, '2026-02-13 08:27:39', '2026-02-13 08:27:39'),
(95, 2, 4, 'AO', 'AO', 'AO', 'AO', 80, 3, 1, '2026-02-13 08:27:39', '2026-02-13 08:27:39'),
(96, 3, 5, 'AO', 'AO', 'AO', 'AO', 80, 3, 1, '2026-02-13 08:27:39', '2026-02-13 08:27:39'),
(97, 4, 6, 'AO', 'AO', 'AO', 'AO', 80, 3, 1, '2026-02-13 08:27:39', '2026-02-13 08:27:39'),
(98, 4, 7, 'AO', 'AO', 'AO', 'AO', 80, 3, 1, '2026-02-13 08:27:39', '2026-02-13 08:27:39'),
(99, 1, 1, 'AO', 'AO', 'AO', 'AO', 78, 1, 1, '2026-02-13 08:38:49', '2026-02-13 08:38:49'),
(100, 1, 2, 'AO', 'AO', 'AO', 'AO', 78, 1, 1, '2026-02-13 08:38:49', '2026-02-13 08:38:49'),
(101, 2, 3, 'AO', 'AO', 'AO', 'AO', 78, 1, 1, '2026-02-13 08:38:49', '2026-02-13 08:38:49'),
(102, 2, 4, 'AO', 'AO', 'AO', 'AO', 78, 1, 1, '2026-02-13 08:38:49', '2026-02-13 08:38:49'),
(103, 3, 5, 'AO', 'AO', 'AO', 'AO', 78, 1, 1, '2026-02-13 08:38:49', '2026-02-13 08:38:49'),
(104, 4, 6, 'AO', 'AO', 'AO', 'AO', 78, 1, 1, '2026-02-13 08:38:49', '2026-02-13 08:38:49'),
(105, 4, 7, 'AO', 'AO', 'AO', 'AO', 78, 1, 1, '2026-02-13 08:38:49', '2026-02-13 08:38:49'),
(106, 1, 1, 'AO', 'AO', 'AO', 'AO', 68, 1, 1, '2026-02-13 08:38:49', '2026-02-13 08:38:49'),
(107, 1, 2, 'AO', 'AO', 'AO', 'AO', 68, 1, 1, '2026-02-13 08:38:49', '2026-02-13 08:38:49'),
(108, 2, 3, 'AO', 'AO', 'AO', 'AO', 68, 1, 1, '2026-02-13 08:38:49', '2026-02-13 08:38:49'),
(109, 2, 4, 'AO', 'AO', 'AO', 'AO', 68, 1, 1, '2026-02-13 08:38:49', '2026-02-13 08:38:49'),
(110, 3, 5, 'AO', 'AO', 'AO', 'AO', 68, 1, 1, '2026-02-13 08:38:49', '2026-02-13 08:38:49'),
(111, 4, 6, 'AO', 'AO', 'AO', 'AO', 68, 1, 1, '2026-02-13 08:38:49', '2026-02-13 08:38:49'),
(112, 4, 7, 'AO', 'AO', 'AO', 'AO', 68, 1, 1, '2026-02-13 08:38:49', '2026-02-13 08:38:49'),
(113, 1, 1, 'AO', 'AO', 'AO', 'AO', 61, 1, 1, '2026-02-13 08:38:49', '2026-02-13 08:38:49'),
(114, 1, 2, 'AO', 'AO', 'AO', 'AO', 61, 1, 1, '2026-02-13 08:38:49', '2026-02-13 08:38:49'),
(115, 2, 3, 'AO', 'AO', 'AO', 'AO', 61, 1, 1, '2026-02-13 08:38:49', '2026-02-13 08:38:49'),
(116, 2, 4, 'AO', 'AO', 'AO', 'AO', 61, 1, 1, '2026-02-13 08:38:49', '2026-02-13 08:38:49'),
(117, 3, 5, 'AO', 'AO', 'AO', 'AO', 61, 1, 1, '2026-02-13 08:38:49', '2026-02-13 08:38:49'),
(118, 4, 6, 'AO', 'AO', 'AO', 'AO', 61, 1, 1, '2026-02-13 08:38:49', '2026-02-13 08:38:49'),
(119, 4, 7, 'AO', 'AO', 'AO', 'AO', 61, 1, 1, '2026-02-13 08:38:49', '2026-02-13 08:38:49'),
(120, 1, 1, 'AO', 'AO', 'AO', 'AO', 71, 1, 1, '2026-02-13 08:38:49', '2026-02-13 08:38:49'),
(121, 1, 2, 'AO', 'AO', 'AO', 'AO', 71, 1, 1, '2026-02-13 08:38:49', '2026-02-13 08:38:49'),
(122, 2, 3, 'AO', 'AO', 'AO', 'AO', 71, 1, 1, '2026-02-13 08:38:49', '2026-02-13 08:38:49'),
(123, 2, 4, 'AO', 'AO', 'AO', 'AO', 71, 1, 1, '2026-02-13 08:38:49', '2026-02-13 08:38:49'),
(124, 3, 5, 'AO', 'AO', 'AO', 'AO', 71, 1, 1, '2026-02-13 08:38:49', '2026-02-13 08:38:49'),
(125, 4, 6, 'AO', 'AO', 'AO', 'AO', 71, 1, 1, '2026-02-13 08:38:49', '2026-02-13 08:38:49'),
(126, 4, 7, 'AO', 'AO', 'AO', 'AO', 71, 1, 1, '2026-02-13 08:38:49', '2026-02-13 08:38:49'),
(127, 1, 1, 'AO', 'AO', 'AO', 'AO', 66, 1, 1, '2026-02-13 08:38:49', '2026-02-13 08:38:49'),
(128, 1, 2, 'AO', 'AO', 'AO', 'AO', 66, 1, 1, '2026-02-13 08:38:49', '2026-02-13 08:38:49'),
(129, 2, 3, 'AO', 'AO', 'AO', 'AO', 66, 1, 1, '2026-02-13 08:38:49', '2026-02-13 08:38:49'),
(130, 2, 4, 'AO', 'AO', 'AO', 'AO', 66, 1, 1, '2026-02-13 08:38:49', '2026-02-13 08:38:49'),
(131, 3, 5, 'AO', 'AO', 'AO', 'AO', 66, 1, 1, '2026-02-13 08:38:49', '2026-02-13 08:38:49'),
(132, 4, 6, 'AO', 'AO', 'AO', 'AO', 66, 1, 1, '2026-02-13 08:38:49', '2026-02-13 08:38:49'),
(133, 4, 7, 'AO', 'AO', 'AO', 'AO', 66, 1, 1, '2026-02-13 08:38:49', '2026-02-13 08:38:49'),
(134, 1, 1, 'AO', 'AO', 'AO', 'AO', 76, 1, 1, '2026-02-13 08:38:49', '2026-02-13 08:38:49'),
(135, 1, 2, 'AO', 'AO', 'AO', 'AO', 76, 1, 1, '2026-02-13 08:38:49', '2026-02-13 08:38:49'),
(136, 2, 3, 'AO', 'AO', 'AO', 'AO', 76, 1, 1, '2026-02-13 08:38:49', '2026-02-13 08:38:49'),
(137, 2, 4, 'AO', 'AO', 'AO', 'AO', 76, 1, 1, '2026-02-13 08:38:49', '2026-02-13 08:38:49'),
(138, 3, 5, 'AO', 'AO', 'AO', 'AO', 76, 1, 1, '2026-02-13 08:38:49', '2026-02-13 08:38:49'),
(139, 4, 6, 'AO', 'AO', 'AO', 'AO', 76, 1, 1, '2026-02-13 08:38:49', '2026-02-13 08:38:49'),
(140, 4, 7, 'AO', 'AO', 'AO', 'AO', 76, 1, 1, '2026-02-13 08:38:49', '2026-02-13 08:38:49'),
(141, 1, 1, 'AO', 'AO', 'AO', 'AO', 62, 1, 1, '2026-02-13 08:38:49', '2026-02-13 08:38:49'),
(142, 1, 2, 'AO', 'AO', 'AO', 'AO', 62, 1, 1, '2026-02-13 08:38:49', '2026-02-13 08:38:49'),
(143, 2, 3, 'AO', 'AO', 'AO', 'AO', 62, 1, 1, '2026-02-13 08:38:49', '2026-02-13 08:38:49'),
(144, 2, 4, 'AO', 'AO', 'AO', 'AO', 62, 1, 1, '2026-02-13 08:38:49', '2026-02-13 08:38:49'),
(145, 3, 5, 'AO', 'AO', 'AO', 'AO', 62, 1, 1, '2026-02-13 08:38:49', '2026-02-13 08:38:49'),
(146, 4, 6, 'AO', 'AO', 'AO', 'AO', 62, 1, 1, '2026-02-13 08:38:49', '2026-02-13 08:38:49'),
(147, 4, 7, 'AO', 'AO', 'AO', 'AO', 62, 1, 1, '2026-02-13 08:38:49', '2026-02-13 08:38:49'),
(148, 1, 1, 'AO', 'AO', 'AO', 'AO', 72, 1, 1, '2026-02-13 08:38:49', '2026-02-13 08:38:49'),
(149, 1, 2, 'AO', 'AO', 'AO', 'AO', 72, 1, 1, '2026-02-13 08:38:49', '2026-02-13 08:38:49'),
(150, 2, 3, 'AO', 'AO', 'AO', 'AO', 72, 1, 1, '2026-02-13 08:38:49', '2026-02-13 08:38:49'),
(151, 2, 4, 'AO', 'AO', 'AO', 'AO', 72, 1, 1, '2026-02-13 08:38:49', '2026-02-13 08:38:49'),
(152, 3, 5, 'AO', 'AO', 'AO', 'AO', 72, 1, 1, '2026-02-13 08:38:49', '2026-02-13 08:38:49'),
(153, 4, 6, 'AO', 'AO', 'AO', 'AO', 72, 1, 1, '2026-02-13 08:38:49', '2026-02-13 08:38:49'),
(154, 4, 7, 'AO', 'AO', 'AO', 'AO', 72, 1, 1, '2026-02-13 08:38:49', '2026-02-13 08:38:49'),
(155, 1, 1, 'AO', 'AO', 'AO', 'AO', 67, 1, 1, '2026-02-13 08:38:49', '2026-02-13 08:38:49'),
(156, 1, 2, 'AO', 'AO', 'AO', 'AO', 67, 1, 1, '2026-02-13 08:38:49', '2026-02-13 08:38:49'),
(157, 2, 3, 'AO', 'AO', 'AO', 'AO', 67, 1, 1, '2026-02-13 08:38:49', '2026-02-13 08:38:49'),
(158, 2, 4, 'AO', 'AO', 'AO', 'AO', 67, 1, 1, '2026-02-13 08:38:49', '2026-02-13 08:38:49'),
(159, 3, 5, 'AO', 'AO', 'AO', 'AO', 67, 1, 1, '2026-02-13 08:38:49', '2026-02-13 08:38:49'),
(160, 4, 6, 'AO', 'AO', 'AO', 'AO', 67, 1, 1, '2026-02-13 08:38:49', '2026-02-13 08:38:49'),
(161, 4, 7, 'AO', 'AO', 'AO', 'AO', 67, 1, 1, '2026-02-13 08:38:49', '2026-02-13 08:38:49'),
(162, 1, 1, 'AO', 'AO', 'AO', 'AO', 77, 1, 1, '2026-02-13 08:38:49', '2026-02-13 08:38:49'),
(163, 1, 2, 'AO', 'AO', 'AO', 'AO', 77, 1, 1, '2026-02-13 08:38:49', '2026-02-13 08:38:49'),
(164, 2, 3, 'AO', 'AO', 'AO', 'AO', 77, 1, 1, '2026-02-13 08:38:49', '2026-02-13 08:38:49'),
(165, 2, 4, 'AO', 'AO', 'AO', 'AO', 77, 1, 1, '2026-02-13 08:38:49', '2026-02-13 08:38:49'),
(166, 3, 5, 'AO', 'AO', 'AO', 'AO', 77, 1, 1, '2026-02-13 08:38:49', '2026-02-13 08:38:49'),
(167, 4, 6, 'AO', 'AO', 'AO', 'AO', 77, 1, 1, '2026-02-13 08:38:49', '2026-02-13 08:38:49'),
(168, 4, 7, 'AO', 'AO', 'AO', 'AO', 77, 1, 1, '2026-02-13 08:38:49', '2026-02-13 08:38:49'),
(169, 1, 1, 'AO', 'AO', 'AO', 'AO', 64, 1, 1, '2026-02-13 08:38:49', '2026-02-13 08:38:49'),
(170, 1, 2, 'AO', 'AO', 'AO', 'AO', 64, 1, 1, '2026-02-13 08:38:49', '2026-02-13 08:38:49'),
(171, 2, 3, 'AO', 'AO', 'AO', 'AO', 64, 1, 1, '2026-02-13 08:38:49', '2026-02-13 08:38:49'),
(172, 2, 4, 'AO', 'AO', 'AO', 'AO', 64, 1, 1, '2026-02-13 08:38:49', '2026-02-13 08:38:49'),
(173, 3, 5, 'AO', 'AO', 'AO', 'AO', 64, 1, 1, '2026-02-13 08:38:49', '2026-02-13 08:38:49'),
(174, 4, 6, 'AO', 'AO', 'AO', 'AO', 64, 1, 1, '2026-02-13 08:38:49', '2026-02-13 08:38:49'),
(175, 4, 7, 'AO', 'AO', 'AO', 'AO', 64, 1, 1, '2026-02-13 08:38:49', '2026-02-13 08:38:49'),
(176, 1, 1, 'AO', 'AO', 'AO', 'AO', 74, 1, 1, '2026-02-13 08:38:49', '2026-02-13 08:38:49'),
(177, 1, 2, 'AO', 'AO', 'AO', 'AO', 74, 1, 1, '2026-02-13 08:38:49', '2026-02-13 08:38:49'),
(178, 2, 3, 'AO', 'AO', 'AO', 'AO', 74, 1, 1, '2026-02-13 08:38:49', '2026-02-13 08:38:49'),
(179, 2, 4, 'AO', 'AO', 'AO', 'AO', 74, 1, 1, '2026-02-13 08:38:49', '2026-02-13 08:38:49'),
(180, 3, 5, 'AO', 'AO', 'AO', 'AO', 74, 1, 1, '2026-02-13 08:38:49', '2026-02-13 08:38:49'),
(181, 4, 6, 'AO', 'AO', 'AO', 'AO', 74, 1, 1, '2026-02-13 08:38:49', '2026-02-13 08:38:49'),
(182, 4, 7, 'AO', 'AO', 'AO', 'AO', 74, 1, 1, '2026-02-13 08:38:49', '2026-02-13 08:38:49'),
(183, 1, 1, 'AO', 'AO', 'AO', 'AO', 63, 1, 1, '2026-02-13 08:38:49', '2026-02-13 08:38:49'),
(184, 1, 2, 'AO', 'AO', 'AO', 'AO', 63, 1, 1, '2026-02-13 08:38:49', '2026-02-13 08:38:49'),
(185, 2, 3, 'AO', 'AO', 'AO', 'AO', 63, 1, 1, '2026-02-13 08:38:49', '2026-02-13 08:38:49'),
(186, 2, 4, 'AO', 'AO', 'AO', 'AO', 63, 1, 1, '2026-02-13 08:38:49', '2026-02-13 08:38:49'),
(187, 3, 5, 'AO', 'AO', 'AO', 'AO', 63, 1, 1, '2026-02-13 08:38:49', '2026-02-13 08:38:49'),
(188, 4, 6, 'AO', 'AO', 'AO', 'AO', 63, 1, 1, '2026-02-13 08:38:49', '2026-02-13 08:38:49'),
(189, 4, 7, 'AO', 'AO', 'AO', 'AO', 63, 1, 1, '2026-02-13 08:38:49', '2026-02-13 08:38:49'),
(190, 1, 1, 'AO', 'AO', 'AO', 'AO', 73, 1, 1, '2026-02-13 08:38:49', '2026-02-13 08:38:49'),
(191, 1, 2, 'AO', 'AO', 'AO', 'AO', 73, 1, 1, '2026-02-13 08:38:49', '2026-02-13 08:38:49'),
(192, 2, 3, 'AO', 'AO', 'AO', 'AO', 73, 1, 1, '2026-02-13 08:38:49', '2026-02-13 08:38:49'),
(193, 2, 4, 'AO', 'AO', 'AO', 'AO', 73, 1, 1, '2026-02-13 08:38:49', '2026-02-13 08:38:49'),
(194, 3, 5, 'AO', 'AO', 'AO', 'AO', 73, 1, 1, '2026-02-13 08:38:49', '2026-02-13 08:38:49'),
(195, 4, 6, 'AO', 'AO', 'AO', 'AO', 73, 1, 1, '2026-02-13 08:38:49', '2026-02-13 08:38:49'),
(196, 4, 7, 'AO', 'AO', 'AO', 'AO', 73, 1, 1, '2026-02-13 08:38:49', '2026-02-13 08:38:49'),
(197, 1, 1, 'AO', 'AO', 'AO', 'AO', 75, 1, 1, '2026-02-13 08:38:49', '2026-02-13 08:38:49'),
(198, 1, 2, 'AO', 'AO', 'AO', 'AO', 75, 1, 1, '2026-02-13 08:38:49', '2026-02-13 08:38:49'),
(199, 2, 3, 'AO', 'AO', 'AO', 'AO', 75, 1, 1, '2026-02-13 08:38:49', '2026-02-13 08:38:49'),
(200, 2, 4, 'AO', 'AO', 'AO', 'AO', 75, 1, 1, '2026-02-13 08:38:49', '2026-02-13 08:38:49'),
(201, 3, 5, 'AO', 'AO', 'AO', 'AO', 75, 1, 1, '2026-02-13 08:38:49', '2026-02-13 08:38:49'),
(202, 4, 6, 'AO', 'AO', 'AO', 'AO', 75, 1, 1, '2026-02-13 08:38:49', '2026-02-13 08:38:49'),
(203, 4, 7, 'AO', 'AO', 'AO', 'AO', 75, 1, 1, '2026-02-13 08:38:49', '2026-02-13 08:38:49'),
(204, 1, 1, 'AO', 'AO', 'AO', 'AO', 65, 1, 1, '2026-02-13 08:38:49', '2026-02-13 08:38:49'),
(205, 1, 2, 'AO', 'AO', 'AO', 'AO', 65, 1, 1, '2026-02-13 08:38:49', '2026-02-13 08:38:49'),
(206, 2, 3, 'AO', 'AO', 'AO', 'AO', 65, 1, 1, '2026-02-13 08:38:49', '2026-02-13 08:38:49'),
(207, 2, 4, 'AO', 'AO', 'AO', 'AO', 65, 1, 1, '2026-02-13 08:38:49', '2026-02-13 08:38:49'),
(208, 3, 5, 'AO', 'AO', 'AO', 'AO', 65, 1, 1, '2026-02-13 08:38:49', '2026-02-13 08:38:49'),
(209, 4, 6, 'AO', 'AO', 'AO', 'AO', 65, 1, 1, '2026-02-13 08:38:49', '2026-02-13 08:38:49'),
(210, 4, 7, 'AO', 'AO', 'AO', 'AO', 65, 1, 1, '2026-02-13 08:38:49', '2026-02-13 08:38:49'),
(211, 1, 1, 'AO', 'AO', 'AO', 'AO', 70, 1, 1, '2026-02-13 08:38:49', '2026-02-13 08:38:49'),
(212, 1, 2, 'AO', 'AO', 'AO', 'AO', 70, 1, 1, '2026-02-13 08:38:49', '2026-02-13 08:38:49'),
(213, 2, 3, 'AO', 'AO', 'AO', 'AO', 70, 1, 1, '2026-02-13 08:38:49', '2026-02-13 08:38:49'),
(214, 2, 4, 'AO', 'AO', 'AO', 'AO', 70, 1, 1, '2026-02-13 08:38:49', '2026-02-13 08:38:49'),
(215, 3, 5, 'AO', 'AO', 'AO', 'AO', 70, 1, 1, '2026-02-13 08:38:49', '2026-02-13 08:38:49'),
(216, 4, 6, 'AO', 'AO', 'AO', 'AO', 70, 1, 1, '2026-02-13 08:38:49', '2026-02-13 08:38:49'),
(217, 4, 7, 'AO', 'AO', 'AO', 'AO', 70, 1, 1, '2026-02-13 08:38:49', '2026-02-13 08:38:49'),
(218, 1, 1, 'AO', 'AO', 'AO', 'AO', 60, 1, 1, '2026-02-13 08:38:49', '2026-02-13 08:38:49'),
(219, 1, 2, 'AO', 'AO', 'AO', 'AO', 60, 1, 1, '2026-02-13 08:38:49', '2026-02-13 08:38:49'),
(220, 2, 3, 'AO', 'AO', 'AO', 'AO', 60, 1, 1, '2026-02-13 08:38:49', '2026-02-13 08:38:49'),
(221, 2, 4, 'AO', 'AO', 'AO', 'AO', 60, 1, 1, '2026-02-13 08:38:49', '2026-02-13 08:38:49'),
(222, 3, 5, 'AO', 'AO', 'AO', 'AO', 60, 1, 1, '2026-02-13 08:38:49', '2026-02-13 08:38:49'),
(223, 4, 6, 'AO', 'AO', 'AO', 'AO', 60, 1, 1, '2026-02-13 08:38:49', '2026-02-13 08:38:49'),
(224, 4, 7, 'AO', 'AO', 'AO', 'AO', 60, 1, 1, '2026-02-13 08:38:49', '2026-02-13 08:38:49'),
(225, 1, 1, 'AO', 'AO', 'AO', 'AO', 59, 1, 1, '2026-02-13 08:38:49', '2026-02-13 08:38:49'),
(226, 1, 2, 'AO', 'AO', 'AO', 'AO', 59, 1, 1, '2026-02-13 08:38:49', '2026-02-13 08:38:49'),
(227, 2, 3, 'AO', 'AO', 'AO', 'AO', 59, 1, 1, '2026-02-13 08:38:49', '2026-02-13 08:38:49'),
(228, 2, 4, 'AO', 'AO', 'AO', 'AO', 59, 1, 1, '2026-02-13 08:38:49', '2026-02-13 08:38:49'),
(229, 3, 5, 'AO', 'AO', 'AO', 'AO', 59, 1, 1, '2026-02-13 08:38:49', '2026-02-13 08:38:49'),
(230, 4, 6, 'AO', 'AO', 'AO', 'AO', 59, 1, 1, '2026-02-13 08:38:49', '2026-02-13 08:38:49'),
(231, 4, 7, 'AO', 'AO', 'AO', 'AO', 59, 1, 1, '2026-02-13 08:38:49', '2026-02-13 08:38:49'),
(232, 1, 1, 'AO', 'AO', 'AO', 'AO', 69, 1, 1, '2026-02-13 08:38:49', '2026-02-13 08:38:49'),
(233, 1, 2, 'AO', 'AO', 'AO', 'AO', 69, 1, 1, '2026-02-13 08:38:49', '2026-02-13 08:38:49'),
(234, 2, 3, 'AO', 'AO', 'AO', 'AO', 69, 1, 1, '2026-02-13 08:38:49', '2026-02-13 08:38:49'),
(235, 2, 4, 'AO', 'AO', 'AO', 'AO', 69, 1, 1, '2026-02-13 08:38:49', '2026-02-13 08:38:49'),
(236, 3, 5, 'AO', 'AO', 'AO', 'AO', 69, 1, 1, '2026-02-13 08:38:49', '2026-02-13 08:38:49'),
(237, 4, 6, 'AO', 'AO', 'AO', 'AO', 69, 1, 1, '2026-02-13 08:38:49', '2026-02-13 08:38:49'),
(238, 4, 7, 'AO', 'AO', 'AO', 'AO', 69, 1, 1, '2026-02-13 08:38:49', '2026-02-13 08:38:49'),
(239, 1, 1, 'AO', 'AO', 'AO', 'AO', 58, 1, 1, '2026-02-13 08:38:49', '2026-02-13 08:38:49'),
(240, 1, 2, 'AO', 'AO', 'AO', 'AO', 58, 1, 1, '2026-02-13 08:38:49', '2026-02-13 08:38:49'),
(241, 2, 3, 'AO', 'AO', 'AO', 'AO', 58, 1, 1, '2026-02-13 08:38:49', '2026-02-13 08:38:49'),
(242, 2, 4, 'AO', 'AO', 'AO', 'AO', 58, 1, 1, '2026-02-13 08:38:49', '2026-02-13 08:38:49'),
(243, 3, 5, 'AO', 'AO', 'AO', 'AO', 58, 1, 1, '2026-02-13 08:38:49', '2026-02-13 08:38:49'),
(244, 4, 6, 'AO', 'AO', 'AO', 'AO', 58, 1, 1, '2026-02-13 08:38:49', '2026-02-13 08:38:49'),
(245, 4, 7, 'AO', 'AO', 'AO', 'AO', 58, 1, 1, '2026-02-13 08:38:49', '2026-02-13 08:38:49'),
(246, 1, 1, 'AO', 'AO', 'AO', 'AO', 111, 3, 1, '2026-02-13 09:48:52', '2026-02-13 09:48:52'),
(247, 1, 2, 'AO', 'AO', 'AO', 'AO', 111, 3, 1, '2026-02-13 09:48:52', '2026-02-13 09:48:52'),
(248, 2, 3, 'AO', 'AO', 'AO', 'AO', 111, 3, 1, '2026-02-13 09:48:52', '2026-02-13 09:48:52'),
(249, 2, 4, 'AO', 'AO', 'AO', 'AO', 111, 3, 1, '2026-02-13 09:48:52', '2026-02-13 09:48:52'),
(250, 3, 5, 'AO', 'AO', 'AO', 'AO', 111, 3, 1, '2026-02-13 09:48:52', '2026-02-13 09:48:52'),
(251, 4, 6, 'AO', 'AO', 'AO', 'AO', 111, 3, 1, '2026-02-13 09:48:52', '2026-02-13 09:48:52'),
(252, 4, 7, 'AO', 'AO', 'AO', 'AO', 111, 3, 1, '2026-02-13 09:48:52', '2026-02-13 09:48:52'),
(253, 1, 1, 'AO', 'AO', 'AO', 'AO', 96, 3, 1, '2026-02-13 09:48:52', '2026-02-13 09:48:52'),
(254, 1, 2, 'AO', 'AO', 'AO', 'AO', 96, 3, 1, '2026-02-13 09:48:52', '2026-02-13 09:48:52'),
(255, 2, 3, 'AO', 'AO', 'AO', 'AO', 96, 3, 1, '2026-02-13 09:48:52', '2026-02-13 09:48:52'),
(256, 2, 4, 'AO', 'AO', 'AO', 'AO', 96, 3, 1, '2026-02-13 09:48:52', '2026-02-13 09:48:52'),
(257, 3, 5, 'AO', 'AO', 'AO', 'AO', 96, 3, 1, '2026-02-13 09:48:52', '2026-02-13 09:48:52'),
(258, 4, 6, 'AO', 'AO', 'AO', 'AO', 96, 3, 1, '2026-02-13 09:48:52', '2026-02-13 09:48:52'),
(259, 4, 7, 'AO', 'AO', 'AO', 'AO', 96, 3, 1, '2026-02-13 09:48:52', '2026-02-13 09:48:52'),
(260, 1, 1, 'AO', 'AO', 'AO', 'AO', 107, 3, 1, '2026-02-13 09:48:52', '2026-02-13 09:48:52'),
(261, 1, 2, 'AO', 'AO', 'AO', 'AO', 107, 3, 1, '2026-02-13 09:48:52', '2026-02-13 09:48:52'),
(262, 2, 3, 'AO', 'AO', 'AO', 'AO', 107, 3, 1, '2026-02-13 09:48:52', '2026-02-13 09:48:52'),
(263, 2, 4, 'AO', 'AO', 'AO', 'AO', 107, 3, 1, '2026-02-13 09:48:52', '2026-02-13 09:48:52'),
(264, 3, 5, 'AO', 'AO', 'AO', 'AO', 107, 3, 1, '2026-02-13 09:48:52', '2026-02-13 09:48:52'),
(265, 4, 6, 'AO', 'AO', 'AO', 'AO', 107, 3, 1, '2026-02-13 09:48:52', '2026-02-13 09:48:52'),
(266, 4, 7, 'AO', 'AO', 'AO', 'AO', 107, 3, 1, '2026-02-13 09:48:52', '2026-02-13 09:48:52'),
(267, 1, 1, 'AO', 'AO', 'AO', 'AO', 104, 3, 1, '2026-02-13 09:48:52', '2026-02-13 09:48:52'),
(268, 1, 2, 'AO', 'AO', 'AO', 'AO', 104, 3, 1, '2026-02-13 09:48:52', '2026-02-13 09:48:52'),
(269, 2, 3, 'AO', 'AO', 'AO', 'AO', 104, 3, 1, '2026-02-13 09:48:52', '2026-02-13 09:48:52'),
(270, 2, 4, 'AO', 'AO', 'AO', 'AO', 104, 3, 1, '2026-02-13 09:48:52', '2026-02-13 09:48:52'),
(271, 3, 5, 'AO', 'AO', 'AO', 'AO', 104, 3, 1, '2026-02-13 09:48:52', '2026-02-13 09:48:52'),
(272, 4, 6, 'AO', 'AO', 'AO', 'AO', 104, 3, 1, '2026-02-13 09:48:52', '2026-02-13 09:48:52'),
(273, 4, 7, 'AO', 'AO', 'AO', 'AO', 104, 3, 1, '2026-02-13 09:48:52', '2026-02-13 09:48:52'),
(274, 1, 1, 'AO', 'AO', 'AO', 'AO', 110, 3, 1, '2026-02-13 09:48:52', '2026-02-13 09:48:52'),
(275, 1, 2, 'AO', 'AO', 'AO', 'AO', 110, 3, 1, '2026-02-13 09:48:52', '2026-02-13 09:48:52'),
(276, 2, 3, 'AO', 'AO', 'AO', 'AO', 110, 3, 1, '2026-02-13 09:48:52', '2026-02-13 09:48:52'),
(277, 2, 4, 'AO', 'AO', 'AO', 'AO', 110, 3, 1, '2026-02-13 09:48:52', '2026-02-13 09:48:52'),
(278, 3, 5, 'AO', 'AO', 'AO', 'AO', 110, 3, 1, '2026-02-13 09:48:52', '2026-02-13 09:48:52'),
(279, 4, 6, 'AO', 'AO', 'AO', 'AO', 110, 3, 1, '2026-02-13 09:48:52', '2026-02-13 09:48:52'),
(280, 4, 7, 'AO', 'AO', 'AO', 'AO', 110, 3, 1, '2026-02-13 09:48:52', '2026-02-13 09:48:52'),
(281, 1, 1, 'AO', 'AO', 'AO', 'AO', 106, 3, 1, '2026-02-13 09:48:52', '2026-02-13 09:48:52'),
(282, 1, 2, 'AO', 'AO', 'AO', 'AO', 106, 3, 1, '2026-02-13 09:48:52', '2026-02-13 09:48:52'),
(283, 2, 3, 'AO', 'AO', 'AO', 'AO', 106, 3, 1, '2026-02-13 09:48:52', '2026-02-13 09:48:52'),
(284, 2, 4, 'AO', 'AO', 'AO', 'AO', 106, 3, 1, '2026-02-13 09:48:52', '2026-02-13 09:48:52'),
(285, 3, 5, 'AO', 'AO', 'AO', 'AO', 106, 3, 1, '2026-02-13 09:48:52', '2026-02-13 09:48:52'),
(286, 4, 6, 'AO', 'AO', 'AO', 'AO', 106, 3, 1, '2026-02-13 09:48:52', '2026-02-13 09:48:52'),
(287, 4, 7, 'AO', 'AO', 'AO', 'AO', 106, 3, 1, '2026-02-13 09:48:52', '2026-02-13 09:48:52'),
(288, 1, 1, 'AO', 'AO', 'AO', 'AO', 109, 3, 1, '2026-02-13 09:48:52', '2026-02-13 09:48:52'),
(289, 1, 2, 'AO', 'AO', 'AO', 'AO', 109, 3, 1, '2026-02-13 09:48:52', '2026-02-13 09:48:52'),
(290, 2, 3, 'AO', 'AO', 'AO', 'AO', 109, 3, 1, '2026-02-13 09:48:52', '2026-02-13 09:48:52'),
(291, 2, 4, 'AO', 'AO', 'AO', 'AO', 109, 3, 1, '2026-02-13 09:48:52', '2026-02-13 09:48:52'),
(292, 3, 5, 'AO', 'AO', 'AO', 'AO', 109, 3, 1, '2026-02-13 09:48:52', '2026-02-13 09:48:52'),
(293, 4, 6, 'AO', 'AO', 'AO', 'AO', 109, 3, 1, '2026-02-13 09:48:52', '2026-02-13 09:48:52'),
(294, 4, 7, 'AO', 'AO', 'AO', 'AO', 109, 3, 1, '2026-02-13 09:48:52', '2026-02-13 09:48:52'),
(295, 1, 1, 'AO', 'AO', 'AO', 'AO', 105, 3, 1, '2026-02-13 09:48:52', '2026-02-13 09:48:52'),
(296, 1, 2, 'AO', 'AO', 'AO', 'AO', 105, 3, 1, '2026-02-13 09:48:52', '2026-02-13 09:48:52'),
(297, 2, 3, 'AO', 'AO', 'AO', 'AO', 105, 3, 1, '2026-02-13 09:48:52', '2026-02-13 09:48:52'),
(298, 2, 4, 'AO', 'AO', 'AO', 'AO', 105, 3, 1, '2026-02-13 09:48:52', '2026-02-13 09:48:52'),
(299, 3, 5, 'AO', 'AO', 'AO', 'AO', 105, 3, 1, '2026-02-13 09:48:52', '2026-02-13 09:48:52'),
(300, 4, 6, 'AO', 'AO', 'AO', 'AO', 105, 3, 1, '2026-02-13 09:48:52', '2026-02-13 09:48:52'),
(301, 4, 7, 'AO', 'AO', 'AO', 'AO', 105, 3, 1, '2026-02-13 09:48:52', '2026-02-13 09:48:52'),
(302, 1, 1, 'AO', 'AO', 'AO', 'AO', 108, 3, 1, '2026-02-13 09:48:52', '2026-02-13 09:48:52'),
(303, 1, 2, 'AO', 'AO', 'AO', 'AO', 108, 3, 1, '2026-02-13 09:48:52', '2026-02-13 09:48:52'),
(304, 2, 3, 'AO', 'AO', 'AO', 'AO', 108, 3, 1, '2026-02-13 09:48:52', '2026-02-13 09:48:52'),
(305, 2, 4, 'AO', 'AO', 'AO', 'AO', 108, 3, 1, '2026-02-13 09:48:52', '2026-02-13 09:48:52'),
(306, 3, 5, 'AO', 'AO', 'AO', 'AO', 108, 3, 1, '2026-02-13 09:48:52', '2026-02-13 09:48:52'),
(307, 4, 6, 'AO', 'AO', 'AO', 'AO', 108, 3, 1, '2026-02-13 09:48:52', '2026-02-13 09:48:52'),
(308, 4, 7, 'AO', 'AO', 'AO', 'AO', 108, 3, 1, '2026-02-13 09:48:52', '2026-02-13 09:48:52');

-- --------------------------------------------------------

--
-- Table structure for table `performance_task`
--

CREATE TABLE `performance_task` (
  `id` int(11) NOT NULL,
  `pps1` varchar(11) NOT NULL,
  `pps2` varchar(11) NOT NULL,
  `pps3` varchar(11) NOT NULL,
  `pps4` varchar(11) NOT NULL,
  `pps5` varchar(11) NOT NULL,
  `pps6` varchar(11) NOT NULL,
  `pps7` varchar(11) NOT NULL,
  `pps8` varchar(11) NOT NULL,
  `pps9` varchar(11) NOT NULL,
  `pps10` varchar(11) NOT NULL,
  `load_id` int(11) NOT NULL,
  `school_year_id` int(11) NOT NULL,
  `quarter` int(11) NOT NULL,
  `dateCreated` datetime NOT NULL DEFAULT current_timestamp(),
  `dateUpdated` datetime NOT NULL DEFAULT current_timestamp() ON UPDATE current_timestamp()
) ENGINE=InnoDB DEFAULT CHARSET=utf8mb4 COLLATE=utf8mb4_general_ci;

--
-- Dumping data for table `performance_task`
--

INSERT INTO `performance_task` (`id`, `pps1`, `pps2`, `pps3`, `pps4`, `pps5`, `pps6`, `pps7`, `pps8`, `pps9`, `pps10`, `load_id`, `school_year_id`, `quarter`, `dateCreated`, `dateUpdated`) VALUES
(1, '50', '40', '', '', '', '', '', '', '', '', 4, 1, 1, '2025-03-22 15:19:25', '2025-03-22 15:19:56'),
(2, '35', '', '', '', '', '', '', '', '', '', 4, 1, 2, '2025-03-22 15:24:53', '2025-03-22 15:24:53'),
(3, '10', '', '', '', '', '', '', '', '', '', 4, 1, 3, '2026-02-11 08:16:03', '2026-02-11 08:16:09'),
(4, '10', '15', '', '', '', '', '', '', '', '', 4, 1, 4, '2026-02-11 08:57:58', '2026-02-11 09:01:05'),
(5, '20', '', '', '', '', '', '', '', '', '', 20, 1, 1, '2026-02-12 10:40:23', '2026-02-12 10:40:23');

-- --------------------------------------------------------

--
-- Table structure for table `pt_score`
--

CREATE TABLE `pt_score` (
  `id` int(11) NOT NULL,
  `pt1` varchar(11) NOT NULL,
  `pt2` varchar(11) NOT NULL,
  `pt3` varchar(11) NOT NULL,
  `pt4` varchar(11) NOT NULL,
  `pt5` varchar(11) NOT NULL,
  `pt6` varchar(11) NOT NULL,
  `pt7` varchar(11) NOT NULL,
  `pt8` varchar(11) NOT NULL,
  `pt9` varchar(11) NOT NULL,
  `pt10` varchar(11) NOT NULL,
  `pt_id` int(11) NOT NULL,
  `student_id` int(11) NOT NULL,
  `school_year_id` int(11) NOT NULL,
  `quarter` int(11) NOT NULL,
  `load_id` int(11) NOT NULL,
  `dateCreated` datetime NOT NULL DEFAULT current_timestamp(),
  `dateUpdated` datetime NOT NULL DEFAULT current_timestamp() ON UPDATE current_timestamp()
) ENGINE=InnoDB DEFAULT CHARSET=utf8mb4 COLLATE=utf8mb4_general_ci;

--
-- Dumping data for table `pt_score`
--

INSERT INTO `pt_score` (`id`, `pt1`, `pt2`, `pt3`, `pt4`, `pt5`, `pt6`, `pt7`, `pt8`, `pt9`, `pt10`, `pt_id`, `student_id`, `school_year_id`, `quarter`, `load_id`, `dateCreated`, `dateUpdated`) VALUES
(1, '45', '38', '', '', '', '', '', '', '', '', 1, 57, 1, 1, 4, '2025-03-22 15:19:44', '2025-03-22 15:20:20'),
(2, '45', '38', '', '', '', '', '', '', '', '', 1, 56, 1, 1, 4, '2025-03-22 15:19:44', '2025-03-22 15:20:20'),
(3, '45', '40', '', '', '', '', '', '', '', '', 1, 55, 1, 1, 4, '2025-03-22 15:19:44', '2025-03-22 15:20:20'),
(4, '45', '40', '', '', '', '', '', '', '', '', 1, 21, 1, 1, 4, '2025-03-22 15:19:44', '2025-03-22 15:20:20'),
(5, '45', '40', '', '', '', '', '', '', '', '', 1, 54, 1, 1, 4, '2025-03-22 15:19:44', '2025-03-22 15:20:20'),
(6, '20', '', '', '', '', '', '', '', '', '', 2, 57, 1, 2, 4, '2025-03-22 15:25:09', '2025-03-22 15:25:09'),
(7, '20', '', '', '', '', '', '', '', '', '', 2, 56, 1, 2, 4, '2025-03-22 15:25:09', '2025-03-22 15:25:09'),
(8, '15', '', '', '', '', '', '', '', '', '', 2, 55, 1, 2, 4, '2025-03-22 15:25:09', '2025-03-22 15:25:09'),
(9, '20', '', '', '', '', '', '', '', '', '', 2, 21, 1, 2, 4, '2025-03-22 15:25:09', '2025-03-22 15:25:09'),
(10, '25', '', '', '', '', '', '', '', '', '', 2, 54, 1, 2, 4, '2025-03-22 15:25:09', '2025-03-22 15:25:09'),
(11, '9', '', '', '', '', '', '', '', '', '', 3, 57, 1, 3, 4, '2026-02-11 08:16:24', '2026-02-11 08:16:24'),
(12, '8', '', '', '', '', '', '', '', '', '', 3, 56, 1, 3, 4, '2026-02-11 08:16:24', '2026-02-11 08:16:24'),
(13, '7', '', '', '', '', '', '', '', '', '', 3, 55, 1, 3, 4, '2026-02-11 08:16:24', '2026-02-11 08:16:24'),
(14, '9', '', '', '', '', '', '', '', '', '', 3, 54, 1, 3, 4, '2026-02-11 08:16:24', '2026-02-11 08:16:24'),
(15, '9', '12', '', '', '', '', '', '', '', '', 4, 57, 1, 4, 4, '2026-02-11 08:58:17', '2026-02-11 09:15:48'),
(16, '8', '12', '', '', '', '', '', '', '', '', 4, 56, 1, 4, 4, '2026-02-11 08:58:17', '2026-02-11 09:15:48'),
(17, '7', '13', '', '', '', '', '', '', '', '', 4, 55, 1, 4, 4, '2026-02-11 08:58:17', '2026-02-11 09:15:48'),
(18, '5', '14', '', '', '', '', '', '', '', '', 4, 54, 1, 4, 4, '2026-02-11 08:58:17', '2026-02-11 09:15:48'),
(19, '19', '', '', '', '', '', '', '', '', '', 5, 57, 1, 1, 20, '2026-02-12 10:48:01', '2026-02-12 10:48:01'),
(20, '20', '', '', '', '', '', '', '', '', '', 5, 56, 1, 1, 20, '2026-02-12 10:48:01', '2026-02-12 10:48:01'),
(21, '18', '', '', '', '', '', '', '', '', '', 5, 55, 1, 1, 20, '2026-02-12 10:48:01', '2026-02-12 10:48:01'),
(22, '17', '', '', '', '', '', '', '', '', '', 5, 54, 1, 1, 20, '2026-02-12 10:48:01', '2026-02-12 10:48:01');

-- --------------------------------------------------------

--
-- Table structure for table `qa_score`
--

CREATE TABLE `qa_score` (
  `id` int(11) NOT NULL,
  `score` varchar(11) NOT NULL,
  `qa_id` int(11) NOT NULL,
  `student_id` int(11) NOT NULL,
  `school_year_id` int(11) NOT NULL,
  `quarter` int(11) NOT NULL,
  `load_id` int(11) NOT NULL,
  `dateCreated` datetime NOT NULL DEFAULT current_timestamp(),
  `dateUpdated` datetime NOT NULL DEFAULT current_timestamp() ON UPDATE current_timestamp()
) ENGINE=InnoDB DEFAULT CHARSET=utf8mb4 COLLATE=utf8mb4_general_ci;

--
-- Dumping data for table `qa_score`
--

INSERT INTO `qa_score` (`id`, `score`, `qa_id`, `student_id`, `school_year_id`, `quarter`, `load_id`, `dateCreated`, `dateUpdated`) VALUES
(1, '55', 1, 57, 1, 1, 4, '2025-03-22 15:21:07', '2025-03-22 15:21:07'),
(2, '52', 1, 56, 1, 1, 4, '2025-03-22 15:21:07', '2025-03-22 15:21:07'),
(3, '50', 1, 55, 1, 1, 4, '2025-03-22 15:21:07', '2025-03-22 15:21:07'),
(4, '55', 1, 21, 1, 1, 4, '2025-03-22 15:21:07', '2025-03-22 15:21:07'),
(5, '58', 1, 54, 1, 1, 4, '2025-03-22 15:21:07', '2025-03-22 15:21:07'),
(6, '54', 2, 57, 1, 2, 4, '2025-03-22 15:25:32', '2025-03-22 15:25:32'),
(7, '52', 2, 56, 1, 2, 4, '2025-03-22 15:25:32', '2025-03-22 15:25:32'),
(8, '52', 2, 55, 1, 2, 4, '2025-03-22 15:25:32', '2025-03-22 15:25:32'),
(9, '55', 2, 21, 1, 2, 4, '2025-03-22 15:25:32', '2025-03-22 15:25:32'),
(10, '58', 2, 54, 1, 2, 4, '2025-03-22 15:25:32', '2025-03-22 15:25:32'),
(11, '29', 3, 57, 1, 3, 4, '2026-02-11 08:17:01', '2026-02-11 08:17:01'),
(12, '38', 3, 56, 1, 3, 4, '2026-02-11 08:17:01', '2026-02-11 08:17:01'),
(13, '37', 3, 55, 1, 3, 4, '2026-02-11 08:17:01', '2026-02-11 08:17:01'),
(14, '40', 3, 54, 1, 3, 4, '2026-02-11 08:17:01', '2026-02-11 08:17:01'),
(15, '39', 4, 57, 1, 4, 4, '2026-02-11 10:26:23', '2026-02-11 10:26:42'),
(16, '40', 4, 56, 1, 4, 4, '2026-02-11 10:26:23', '2026-02-11 10:26:42'),
(17, '37', 4, 55, 1, 4, 4, '2026-02-11 10:26:23', '2026-02-11 10:26:42'),
(18, '38', 4, 54, 1, 4, 4, '2026-02-11 10:26:23', '2026-02-11 10:26:42'),
(19, '39', 5, 57, 1, 1, 20, '2026-02-12 10:41:49', '2026-02-12 10:41:49'),
(20, '37', 5, 56, 1, 1, 20, '2026-02-12 10:41:49', '2026-02-12 10:41:49'),
(21, '38', 5, 55, 1, 1, 20, '2026-02-12 10:41:49', '2026-02-12 10:41:49'),
(22, '36', 5, 54, 1, 1, 20, '2026-02-12 10:41:49', '2026-02-12 10:41:49');

-- --------------------------------------------------------

--
-- Table structure for table `quarterly_assessment`
--

CREATE TABLE `quarterly_assessment` (
  `id` int(11) NOT NULL,
  `ps` varchar(11) NOT NULL,
  `load_id` int(11) NOT NULL,
  `school_year_id` int(11) NOT NULL,
  `quarter` int(11) NOT NULL,
  `dateCreated` datetime NOT NULL DEFAULT current_timestamp(),
  `dateUpdated` datetime NOT NULL DEFAULT current_timestamp() ON UPDATE current_timestamp()
) ENGINE=InnoDB DEFAULT CHARSET=utf8mb4 COLLATE=utf8mb4_general_ci;

--
-- Dumping data for table `quarterly_assessment`
--

INSERT INTO `quarterly_assessment` (`id`, `ps`, `load_id`, `school_year_id`, `quarter`, `dateCreated`, `dateUpdated`) VALUES
(1, '60', 4, 1, 1, '2025-03-22 15:20:46', '2025-03-22 15:20:46'),
(2, '60', 4, 1, 2, '2025-03-22 15:25:16', '2025-03-22 15:25:16'),
(3, '40', 4, 1, 3, '2026-02-11 08:16:27', '2026-02-11 08:16:33'),
(4, '40', 4, 1, 4, '2026-02-11 08:58:21', '2026-02-11 08:58:28'),
(5, '40', 20, 1, 1, '2026-02-12 10:40:46', '2026-02-12 10:40:53');

-- --------------------------------------------------------

--
-- Table structure for table `students`
--

CREATE TABLE `students` (
  `id` int(11) NOT NULL,
  `sr_code` varchar(50) NOT NULL,
  `lrn` int(50) NOT NULL,
  `firstName` varchar(50) NOT NULL,
  `middleName` varchar(50) NOT NULL,
  `lastName` varchar(50) NOT NULL,
  `gender` varchar(50) NOT NULL,
  `birthday` date NOT NULL,
  `contactNumber` varchar(50) NOT NULL,
  `homeAddress` varchar(100) NOT NULL,
  `email` varchar(50) NOT NULL,
  `religion` varchar(50) NOT NULL,
  `fatherName` varchar(50) DEFAULT NULL,
  `fatherOccupation` varchar(50) DEFAULT NULL,
  `fatherContact` varchar(50) DEFAULT NULL,
  `fatherEmail` varchar(50) DEFAULT NULL,
  `motherName` varchar(50) DEFAULT NULL,
  `motherOccupation` varchar(50) DEFAULT NULL,
  `motherContact` varchar(50) DEFAULT NULL,
  `motherEmail` varchar(50) DEFAULT NULL,
  `guardianName` varchar(50) DEFAULT NULL,
  `guardianOccupation` varchar(50) DEFAULT NULL,
  `guardianContact` varchar(50) DEFAULT NULL,
  `guardianEmail` varchar(50) DEFAULT NULL,
  `dateCreated` datetime NOT NULL DEFAULT current_timestamp(),
  `dateUpdated` datetime NOT NULL DEFAULT current_timestamp() ON UPDATE current_timestamp()
) ENGINE=InnoDB DEFAULT CHARSET=latin1 COLLATE=latin1_swedish_ci;

--
-- Dumping data for table `students`
--

INSERT INTO `students` (`id`, `sr_code`, `lrn`, `firstName`, `middleName`, `lastName`, `gender`, `birthday`, `contactNumber`, `homeAddress`, `email`, `religion`, `fatherName`, `fatherOccupation`, `fatherContact`, `fatherEmail`, `motherName`, `motherOccupation`, `motherContact`, `motherEmail`, `guardianName`, `guardianOccupation`, `guardianContact`, `guardianEmail`, `dateCreated`, `dateUpdated`) VALUES
(54, '2272460', 2147483647, 'Jhon Stephen', 'Mendoza', 'Villacrusis', 'Male', '2009-04-07', '9171239874', 'Nasugbu, Batangas', 'jhon.stephen@gmail.com', '', 'Catholic', 'Juan Villacrusis', 'Teacher', '9145896', 'Juan@gmail.com', '', '', '', '', '', '', '', '2025-03-22 15:10:30', '2025-03-22 15:10:30'),
(55, '2272461', 2147483647, 'Zachary Wayne', 'Penales', 'Matsumoto', 'Male', '2008-03-15', '9184563258', 'Nasugbu, Batangas', 'wayne@gmail.com', '', 'Catholic', '', '', '', '', '', '', '', '', '', '', '', '2025-03-22 15:10:30', '2025-03-22 15:10:30'),
(56, '2272462', 2147483647, 'Unico Renzo', 'Ruzol', 'Mallorca', 'Male', '2009-08-02', '9088112365', 'Nasugbu, Batangas', 'renzo@gmail.com', 'Cat', 'Catholic', '', '', '', '', '', '', '', '', '', '', '', '2025-03-22 15:10:30', '2025-03-22 15:12:22'),
(57, '2272463', 2147483647, 'Mycka Julia', 'Bendicio', 'Corpuz', 'Female', '2009-07-10', '9085469632', 'Nasugbu, Batangas', 'julia@gmail.com', '', 'Catholic', '', '', '', '', '', '', '', '', '', '', '', '2025-03-22 15:10:30', '2025-03-22 15:10:30'),
(62, '3000003', 2000000003, 'John', 'Luka', 'Garcia', 'Male', '1970-01-01', '9663038480', 'Nasugbu Batangas', 'john@example.com', 'Catholic', NULL, NULL, NULL, NULL, NULL, NULL, NULL, NULL, NULL, NULL, NULL, NULL, '2026-02-11 09:37:46', '2026-02-11 09:37:46'),
(63, '3000004', 2000000004, 'Miguel', 'Docic', 'Mendoza', 'Male', '1970-01-01', '9584587014', 'Nasugbu Batangas', 'miguel@example.com', 'Catholic', NULL, NULL, NULL, NULL, NULL, NULL, NULL, NULL, NULL, NULL, NULL, NULL, '2026-02-11 09:37:46', '2026-02-11 09:37:46'),
(65, '3000006', 2000000006, 'Daniel', 'Giginto', 'Ramos', 'Male', '1970-01-01', '9576657840', 'Nasugbu Batangas', 'daniel@example.com', 'Catholic', NULL, NULL, NULL, NULL, NULL, NULL, NULL, NULL, NULL, NULL, NULL, NULL, '2026-02-11 09:37:46', '2026-02-11 09:37:46'),
(66, '3000007', 2000000007, 'Joshua', 'Bulak', 'Flores', 'Male', '1970-01-01', '9618867630', 'Nasugbu Batangas', 'joshua@example.com', 'Catholic', NULL, NULL, NULL, NULL, NULL, NULL, NULL, NULL, NULL, NULL, NULL, NULL, '2026-02-11 09:37:46', '2026-02-11 09:37:46'),
(67, '3000008', 2000000008, 'Ryan', 'Balak', 'Gonzales', 'Male', '1970-01-01', '9944946587', 'Nasugbu Batangas', 'ryan@example.com', 'Catholic', NULL, NULL, NULL, NULL, NULL, NULL, NULL, NULL, NULL, NULL, NULL, NULL, '2026-02-11 09:37:46', '2026-02-11 09:37:46'),
(68, '3000009', 2000000009, 'Anthony', 'San', 'Bautista', 'Male', '1970-01-01', '9942365700', 'Nasugbu Batangas', 'anthony@example.com', 'Catholic', NULL, NULL, NULL, NULL, NULL, NULL, NULL, NULL, NULL, NULL, NULL, NULL, '2026-02-11 09:37:46', '2026-02-11 09:37:46'),
(69, '3000010', 2000000100, 'Maria', 'Pedro', 'Santos', 'Female', '1970-01-01', '9176407520', 'Nasugbu Batangas', 'maria@example.com', 'Catholic', NULL, NULL, NULL, NULL, NULL, NULL, NULL, NULL, NULL, NULL, NULL, NULL, '2026-02-11 09:37:46', '2026-02-11 09:37:46'),
(70, '3000011', 2000000101, 'Anna', 'Diko', 'Reyes', 'Female', '1970-01-01', '9193355943', 'Nasugbu Batangas', 'anna@example.com', 'Catholic', NULL, NULL, NULL, NULL, NULL, NULL, NULL, NULL, NULL, NULL, NULL, NULL, '2026-02-11 09:37:46', '2026-02-11 09:37:46'),
(71, '3000012', 2000000102, 'Grace', 'Na', 'Cruz', 'Female', '1970-01-01', '9920132468', 'Nasugbu Batangas', 'grace@example.com', 'Catholic', NULL, NULL, NULL, NULL, NULL, NULL, NULL, NULL, NULL, NULL, NULL, NULL, '2026-02-11 09:37:46', '2026-02-11 09:37:46'),
(72, '3000013', 2000000103, 'Sophia', 'Alahm', 'Garcia', 'Female', '1970-01-01', '9510448617', 'Nasugbu Batangas', 'sophia@example.com', 'Catholic', NULL, NULL, NULL, NULL, NULL, NULL, NULL, NULL, NULL, NULL, NULL, NULL, '2026-02-11 09:37:46', '2026-02-11 09:37:46'),
(73, '3000014', 2000000104, 'Angel', 'Hehers', 'Mendoza', 'Female', '1970-01-01', '9536500143', 'Nasugbu Batangas', 'angel@example.com', 'Catholic', NULL, NULL, NULL, NULL, NULL, NULL, NULL, NULL, NULL, NULL, NULL, NULL, '2026-02-11 09:37:46', '2026-02-11 09:37:46'),
(74, '3000015', 2000000105, 'Nicole', 'Basti', 'Lopez', 'Female', '1970-01-01', '9996082389', 'Nasugbu Batangas', 'nicole@example.com', 'Catholic', NULL, NULL, NULL, NULL, NULL, NULL, NULL, NULL, NULL, NULL, NULL, NULL, '2026-02-11 09:37:46', '2026-02-11 09:37:46'),
(75, '3000016', 2000000106, 'Alyssa', 'Del Mundo', 'Ramos', 'Female', '1970-01-01', '9874829346', 'Nasugbu Batangas', 'alyssa@example.com', 'Catholic', NULL, NULL, NULL, NULL, NULL, NULL, NULL, NULL, NULL, NULL, NULL, NULL, '2026-02-11 09:37:46', '2026-02-11 09:37:46'),
(76, '3000017', 2000000107, 'Patricia', 'Gumez', 'Flores', 'Female', '1970-01-01', '9221169106', 'Nasugbu Batangas', 'patricia@example.com', 'Catholic', NULL, NULL, NULL, NULL, NULL, NULL, NULL, NULL, NULL, NULL, NULL, NULL, '2026-02-11 09:37:46', '2026-02-11 09:37:46'),
(77, '3000018', 2000000108, 'Katrina', 'Bagay', 'Gonzales', 'Female', '1970-01-01', '9332349332', 'Nasugbu Batangas', 'katrina@example.com', 'Catholic', NULL, NULL, NULL, NULL, NULL, NULL, NULL, NULL, NULL, NULL, NULL, NULL, '2026-02-11 09:37:46', '2026-02-11 09:37:46'),
(78, '3000019', 2000000109, 'Jasmine', 'Silia', 'Bautista', 'Female', '1970-01-01', '9133543893', 'Nasugbu Batangas', 'jasmine@example.com', 'Catholic', NULL, NULL, NULL, NULL, NULL, NULL, NULL, NULL, NULL, NULL, NULL, NULL, '2026-02-11 09:37:46', '2026-02-11 09:37:46'),
(79, '3000020', 2000000110, 'Liam', 'Abella', 'Navarro', 'Male', '1970-01-01', '9447817354', 'Nasugbu Batangas', 'liam@example.com', 'Catholic', NULL, NULL, NULL, NULL, NULL, NULL, NULL, NULL, NULL, NULL, NULL, NULL, '2026-02-13 08:24:58', '2026-02-13 08:24:58'),
(80, '3000021', 2000000109, 'Ethan', 'Morato', 'Villanueva', 'Male', '1970-01-01', '9576657840', 'Nasugbu Batangas', 'ethan@example.com', 'Catholic', NULL, NULL, NULL, NULL, NULL, NULL, NULL, NULL, NULL, NULL, NULL, NULL, '2026-02-13 08:24:58', '2026-02-13 08:24:58'),
(81, '3000022', 2000000111, 'Noah', 'Vergara', 'Castillo', 'Male', '1970-01-01', '9618867630', 'Nasugbu Batangas', 'noah@example.com', 'Catholic', NULL, NULL, NULL, NULL, NULL, NULL, NULL, NULL, NULL, NULL, NULL, NULL, '2026-02-13 08:24:58', '2026-02-13 08:24:58'),
(82, '3000023', 2000000112, 'Lucas', 'Quinto', 'Herrera', 'Male', '1970-01-01', '9944946587', 'Nasugbu Batangas', 'lucas@example.com', 'Catholic', NULL, NULL, NULL, NULL, NULL, NULL, NULL, NULL, NULL, NULL, NULL, NULL, '2026-02-13 08:24:58', '2026-02-13 08:24:58'),
(83, '3000024', 2000000113, 'James', 'Salazar', 'Aquino', 'Male', '1970-01-01', '9942365700', 'Nasugbu Batangas', 'james@example.com', 'Catholic', NULL, NULL, NULL, NULL, NULL, NULL, NULL, NULL, NULL, NULL, NULL, NULL, '2026-02-13 08:24:58', '2026-02-13 08:24:58'),
(96, '3000005', 2000000005, 'Carlos', 'Laporsa', 'Lopez', 'Male', '1970-01-01', '9447817354', 'Nasugbu Batangas', 'carlos@example.com', 'Catholic', NULL, NULL, NULL, NULL, NULL, NULL, NULL, NULL, NULL, NULL, NULL, NULL, '2026-02-13 09:18:41', '2026-02-13 09:18:41'),
(104, '3000025', 2000000114, 'Logan', 'Marquez', 'Padilla', 'Male', '2010-06-16', '9176407520', 'Nasugbu Batangas', 'logan@example.com', 'Catholic', NULL, NULL, NULL, NULL, NULL, NULL, NULL, NULL, NULL, NULL, NULL, NULL, '2026-02-13 09:38:48', '2026-02-13 09:38:48'),
(105, '3000026', 2000000115, 'Oliver', 'Talavera', 'Serrano', 'Male', '2010-06-16', '9193355943', 'Nasugbu Batangas', 'oliver@example.com', 'Catholic', NULL, NULL, NULL, NULL, NULL, NULL, NULL, NULL, NULL, NULL, NULL, NULL, '2026-02-13 09:38:48', '2026-02-13 09:38:48'),
(106, '3000027', 2000000116, 'Elijah', 'Dimaano', 'Rivera', 'Male', '2010-06-16', '9920132468', 'Nasugbu Batangas', 'elijah@example.com', 'Catholic', NULL, NULL, NULL, NULL, NULL, NULL, NULL, NULL, NULL, NULL, NULL, NULL, '2026-02-13 09:38:48', '2026-02-13 09:38:48'),
(107, '3000028', 2000000117, 'Benjamin', 'Alonzo', 'Mercado', 'Male', '2010-06-16', '9510448617', 'Nasugbu Batangas', 'benjamin@example.com', 'Catholic', NULL, NULL, NULL, NULL, NULL, NULL, NULL, NULL, NULL, NULL, NULL, NULL, '2026-02-13 09:38:48', '2026-02-13 09:38:48'),
(108, '2209352', 2147483647, 'Greg', 'Berkanes', 'Tomco', 'Male', '2002-11-16', '91287837872', 'Nasugbu Batangas', 'greg@gmail.com', 'Catholic', NULL, NULL, NULL, NULL, NULL, NULL, NULL, NULL, NULL, NULL, NULL, NULL, '2026-02-13 09:40:18', '2026-02-13 09:40:18'),
(109, '3000000', 2000000000, 'Juan', 'De Guzman', 'Santos', 'Male', '2010-06-16', '9123820129', 'Newtown Nasugbu Batangas', 'juan@example.com', 'Catholic', NULL, NULL, NULL, NULL, NULL, NULL, NULL, NULL, NULL, NULL, NULL, NULL, '2026-02-13 09:40:18', '2026-02-13 09:40:18'),
(110, '3000001', 2000000001, 'Mark', 'Avares', 'Reyes', 'Male', '2010-06-16', '9860799368', 'Nasugbu Batangas', 'mark@example.com', 'Catholic', NULL, NULL, NULL, NULL, NULL, NULL, NULL, NULL, NULL, NULL, NULL, NULL, '2026-02-13 09:40:18', '2026-02-13 09:40:18'),
(111, '3000002', 2000000002, 'Paul', 'Pama', 'Cruz', 'Male', '2010-06-16', '9849245865', 'Calatagan Batanagas', 'paul@example.com', 'Catholic', NULL, NULL, NULL, NULL, NULL, NULL, NULL, NULL, NULL, NULL, NULL, NULL, '2026-02-13 09:40:18', '2026-02-13 09:40:18');

-- --------------------------------------------------------

--
-- Table structure for table `subjects`
--

CREATE TABLE `subjects` (
  `id` int(11) NOT NULL,
  `courseCode` varchar(50) NOT NULL,
  `courseTitle` varchar(100) NOT NULL,
  `gradeLevel` varchar(100) NOT NULL,
  `semester` varchar(50) NOT NULL,
  `subjectType` varchar(50) NOT NULL,
  `subjectArea` varchar(100) NOT NULL,
  `contactHours` varchar(50) NOT NULL,
  `dateCreated` datetime NOT NULL DEFAULT current_timestamp(),
  `dateUpdated` datetime NOT NULL DEFAULT current_timestamp() ON UPDATE current_timestamp()
) ENGINE=InnoDB DEFAULT CHARSET=latin1 COLLATE=latin1_swedish_ci;

--
-- Dumping data for table `subjects`
--

INSERT INTO `subjects` (`id`, `courseCode`, `courseTitle`, `gradeLevel`, `semester`, `subjectType`, `subjectArea`, `contactHours`, `dateCreated`, `dateUpdated`) VALUES
(1, 'Filipino 7', 'Panitikang Panrehiyon at Panuntunang Pambaralila', 'Grade 7', '', '', 'Language', '3', '2025-03-22 13:50:50', '2025-03-22 13:50:50'),
(2, 'English 7', 'Communication Arts Skills with Philippine Literature', 'Grade 7', '', '', 'Language', '4', '2025-03-22 13:51:36', '2025-03-22 13:51:36'),
(3, 'Mathematics 7', 'Algebra 1', 'Grade 7', '', '', 'Math', '5', '2025-03-22 13:52:11', '2025-03-22 13:52:11'),
(4, 'Science 7', 'Earth Science', 'Grade 7', '', '', 'Science', '3', '2025-03-22 13:52:39', '2025-03-22 13:52:39'),
(5, 'Technology 7', 'Robotics', 'Grade 7', '', '', 'TLE', '3', '2025-03-22 13:53:17', '2025-03-22 13:53:17'),
(6, 'Computer Science 7', 'Introduction to Computer Programming', 'Grade 7', '', '', 'TLE', '3', '2025-03-22 13:53:43', '2025-03-22 13:53:43'),
(7, 'Drawing 1', 'Freehand, Mechanical, Architectural, and Introduction to AutoCAD', 'Grade 7', '', '', 'TLE', '3', '2025-03-22 13:54:31', '2025-03-22 13:54:31'),
(8, 'Araling Panlipunan 7', 'Araling Asyano', 'Grade 7', '', '', 'AP', '3', '2025-03-22 13:55:04', '2025-03-22 13:55:04'),
(9, 'Edukasyon sa Pagpapahalaga 7', 'Pananagutang Pansarili', 'Grade 7', '', '', 'ESP', '2', '2025-03-22 13:55:36', '2025-03-22 13:55:36'),
(10, 'MAPEH 7', 'Music, Arts, Physical Education, and Health', 'Grade 7', '', '', 'MAPEH', '4', '2025-03-22 13:56:05', '2025-03-22 13:56:05');

-- --------------------------------------------------------

--
-- Table structure for table `subject_grades`
--

CREATE TABLE `subject_grades` (
  `id` int(11) NOT NULL,
  `q1_grade` varchar(50) NOT NULL,
  `q2_grade` varchar(50) NOT NULL,
  `q3_grade` varchar(50) NOT NULL,
  `q4_grade` varchar(50) NOT NULL,
  `load_id` int(11) NOT NULL,
  `school_year_id` int(11) NOT NULL,
  `student_id` int(11) NOT NULL,
  `dateCreated` datetime NOT NULL DEFAULT current_timestamp(),
  `dateUpdated` datetime DEFAULT current_timestamp() ON UPDATE current_timestamp()
) ENGINE=InnoDB DEFAULT CHARSET=utf8mb4 COLLATE=utf8mb4_general_ci;

--
-- Dumping data for table `subject_grades`
--

INSERT INTO `subject_grades` (`id`, `q1_grade`, `q2_grade`, `q3_grade`, `q4_grade`, `load_id`, `school_year_id`, `student_id`, `dateCreated`, `dateUpdated`) VALUES
(1, '95', '80', '91', '93', 4, 1, 57, '2025-03-22 15:28:40', '2026-02-11 10:34:38'),
(2, '94', '79', '90', '91', 4, 1, 56, '2025-03-22 15:28:40', '2026-02-11 10:34:38'),
(3, '95', '73', '86', '90', 4, 1, 55, '2025-03-22 15:28:40', '2026-02-11 10:34:38'),
(4, '95', '', '', '', 4, 1, 21, '2025-03-22 15:28:40', '2025-03-22 15:28:40'),
(5, '95', '88', '95', '87', 4, 1, 54, '2025-03-22 15:28:40', '2026-02-11 10:34:38'),
(6, '97', '', '', '', 20, 1, 57, '2026-02-12 10:48:14', '2026-02-12 10:48:14'),
(7, '97', '', '', '', 20, 1, 56, '2026-02-12 10:48:14', '2026-02-12 10:48:14'),
(8, '91', '', '', '', 20, 1, 55, '2026-02-12 10:48:14', '2026-02-12 10:48:14'),
(9, '91', '', '', '', 20, 1, 54, '2026-02-12 10:48:14', '2026-02-12 10:48:14');

-- --------------------------------------------------------

--
-- Table structure for table `submit_grades`
--

CREATE TABLE `submit_grades` (
  `id` int(11) NOT NULL,
  `load_id` int(11) NOT NULL,
  `faculty_id` int(11) NOT NULL,
  `quarter` int(11) NOT NULL,
  `status` varchar(50) NOT NULL,
  `dateCreated` datetime NOT NULL DEFAULT current_timestamp(),
  `dateUpdated` datetime NOT NULL DEFAULT current_timestamp() ON UPDATE current_timestamp()
) ENGINE=InnoDB DEFAULT CHARSET=utf8mb4 COLLATE=utf8mb4_general_ci;

--
-- Dumping data for table `submit_grades`
--

INSERT INTO `submit_grades` (`id`, `load_id`, `faculty_id`, `quarter`, `status`, `dateCreated`, `dateUpdated`) VALUES
(2, 4, 1, 1, 'submit', '2026-02-11 08:14:04', '2026-02-11 08:14:04'),
(3, 4, 1, 2, 'submit', '2026-02-11 08:15:31', '2026-02-11 08:15:31'),
(4, 4, 1, 3, 'submit', '2026-02-11 08:17:07', '2026-02-11 08:17:07'),
(5, 4, 1, 4, 'submit', '2026-02-11 10:34:38', '2026-02-11 10:34:38'),
(6, 20, 1, 1, 'submit', '2026-02-12 10:48:14', '2026-02-12 10:48:14');

-- --------------------------------------------------------

--
-- Table structure for table `users`
--

CREATE TABLE `users` (
  `id` int(11) NOT NULL,
  `username` varchar(50) NOT NULL,
  `password` varchar(50) NOT NULL,
  `email` varchar(50) NOT NULL,
  `image` varchar(100) NOT NULL,
  `userType` varchar(50) NOT NULL,
  `user_id` int(11) NOT NULL,
  `status` varchar(50) NOT NULL,
  `online_status` varchar(50) NOT NULL,
  `dateCreated` datetime NOT NULL DEFAULT current_timestamp(),
  `dateUpdated` datetime NOT NULL DEFAULT current_timestamp() ON UPDATE current_timestamp()
) ENGINE=InnoDB DEFAULT CHARSET=latin1 COLLATE=latin1_swedish_ci;

--
-- Dumping data for table `users`
--

INSERT INTO `users` (`id`, `username`, `password`, `email`, `image`, `userType`, `user_id`, `status`, `online_status`, `dateCreated`, `dateUpdated`) VALUES
(1, 'admin', '21232f297a57a5a743894a0e4a801fc3', 'admin@gmail.com', '', 'admin', 0, 'enabled', 'offline', '2024-06-24 15:57:18', '2026-02-13 09:44:10'),
(42, '01594', '21232f297a57a5a743894a0e4a801fc3', 'lorenjane.balan@gmail.com', '', 'faculty', 1, 'enabled', 'online', '2025-02-20 15:17:54', '2026-02-13 09:44:36'),
(43, '01234', '21232f297a57a5a743894a0e4a801fc3', '', '', 'registrar', 2, 'enabled', 'online', '2025-02-20 15:25:41', '2025-10-09 11:05:09'),
(44, '2272458', 'ce39108646533d11722fd039998bb653', 'maria.perez@gmail.com', '', 'student', 21, 'enabled', 'online', '2025-02-20 15:32:33', '2025-10-02 17:10:59'),
(45, '2272458', 'b796de94c4cb2cc0f0d46f4ab06c1fd4', 'maria.perez@gmail.com', '', 'parent', 21, 'enabled', 'offline', '2025-02-20 15:32:33', '2025-02-20 15:32:33'),
(46, '01595', '21232f297a57a5a743894a0e4a801fc3', '', '', 'faculty', 3, 'enabled', 'offline', '2025-03-22 11:53:21', '2025-10-09 11:07:14'),
(47, '01596', '94f94d77741ac308c335659fc73beaa1', '', '', 'faculty', 4, 'enabled', 'offline', '2025-03-22 11:54:02', '2025-03-22 11:54:02'),
(48, '01597', '21232f297a57a5a743894a0e4a801fc3', '', '', 'faculty', 5, 'enabled', 'offline', '2025-03-22 11:54:50', '2026-02-13 08:56:33'),
(49, '01598', 'd825f8ed0a2020e9cceb9f684e8e9c9f', '', '', 'faculty', 6, 'enabled', 'offline', '2025-03-22 11:55:25', '2025-03-22 11:55:25'),
(50, '01599', '14985993db3bb40287b5621c9508f87a', '', '', 'faculty', 7, 'enabled', 'offline', '2025-03-22 11:56:08', '2025-03-22 11:56:08'),
(51, '01600', 'f74f8d2ee43e95d49a686888643d547b', '', '', 'faculty', 8, 'enabled', 'offline', '2025-03-22 11:56:34', '2025-03-22 11:56:34'),
(52, '01601', 'c1354533494e90770958e3965e52213e', '', '', 'faculty', 9, 'enabled', 'offline', '2025-03-22 11:57:01', '2025-03-22 11:57:01'),
(53, '01602', 'ae1fbd51849d1d62e4473ec5dda6666b', '', '', 'faculty', 10, 'enabled', 'offline', '2025-03-22 11:57:23', '2025-03-22 11:57:23'),
(54, '01603', '370192a1aed957b83c7e4f32357e6fa0', '', '', 'faculty', 11, 'enabled', 'offline', '2025-03-22 11:58:02', '2025-03-22 11:58:02'),
(55, '01604', 'e7c9dce0f2eaab313aab4938813de071', '', '', 'faculty', 12, 'enabled', 'offline', '2025-03-22 11:58:28', '2025-03-22 11:58:28'),
(56, '01605', '8c10df71d1d4eb263152b8446a937a3f', '', '', 'faculty', 13, 'enabled', 'offline', '2025-03-22 11:58:57', '2025-03-22 11:58:57'),
(57, '01606', 'd0707d3ec74c85b23c1604eb93b2514e', '', '', 'faculty', 14, 'enabled', 'offline', '2025-03-22 11:59:26', '2025-03-22 11:59:26'),
(58, '01607', '8e444cf26ce0ca0dc6a3fe1f133ae90c', '', '', 'faculty', 15, 'enabled', 'offline', '2025-03-22 12:00:00', '2025-03-22 12:00:00'),
(59, '01111', 'd38e0c1cbf1fe0255e8fe326ed376d98', '', '', 'principal', 16, 'enabled', 'offline', '2025-03-22 12:03:02', '2025-03-22 12:03:02'),
(60, '01592', 'b3a7d578c30e55849cbdd1b9492441cc', '', '', 'chairperson', 17, 'enabled', 'offline', '2025-03-22 12:03:36', '2025-03-22 12:03:36'),
(61, '01593', '1238331d0e8f88bc9c56e84e2c15ae64', '', '', 'chairperson', 18, 'enabled', 'offline', '2025-03-22 12:03:59', '2025-03-22 12:03:59'),
(62, '2272459', 'dd6b57f83fc82051694011bb97e00ae0', 'maria.perez@gmail.com', '', 'student', 22, 'enabled', 'offline', '2025-03-22 14:31:32', '2025-03-22 14:31:32'),
(63, '2272459', '747215b2dd208a8c284603bfd30a605e', 'maria.perez@gmail.com', '', 'parent', 22, 'enabled', 'offline', '2025-03-22 14:31:32', '2025-03-22 14:31:32'),
(64, '2272460', '61beb2ec831d9f1f96a715226e7d99bd', '', '', 'student', 23, 'enabled', 'offline', '2025-03-22 14:36:21', '2025-03-22 14:36:21'),
(65, '2272460', '6d21d39a7bd06233deacafc5279e65b7', '', '', 'parent', 23, 'enabled', 'offline', '2025-03-22 14:36:21', '2025-03-22 14:36:21'),
(66, '2272461', '2718295e59d571615320ffaaf073ae67', '', '', 'student', 24, 'enabled', 'offline', '2025-03-22 14:36:21', '2025-03-22 14:36:21'),
(67, '2272461', '123f5c4fcada0dae6145f56da33a32ce', '', '', 'parent', 24, 'enabled', 'offline', '2025-03-22 14:36:21', '2025-03-22 14:36:21'),
(68, '2272462', '5ef40c30880f4692ff02915ec2de5e6d', '', '', 'student', 25, 'enabled', 'offline', '2025-03-22 14:36:21', '2025-03-22 14:36:21'),
(69, '2272462', '3eeb66ac9b3cdb3d6d6b76088f7ce1fb', '', '', 'parent', 25, 'enabled', 'offline', '2025-03-22 14:36:21', '2025-03-22 14:36:21'),
(70, '2272463', 'f255089893fb1837465170b1d8e4f1f0', '', '', 'student', 26, 'enabled', 'offline', '2025-03-22 14:36:21', '2025-03-22 14:36:21'),
(71, '2272463', '1326507d793eb01c4036561758e376ea', '', '', 'parent', 26, 'enabled', 'offline', '2025-03-22 14:36:21', '2025-03-22 14:36:21'),
(72, '2272464', '988b20361729e71a3eb3d2450402a7cb', '', '', 'student', 27, 'enabled', 'offline', '2025-03-22 14:36:21', '2025-03-22 14:36:21'),
(73, '2272464', 'd588b80a9726a750d3df574800438c66', '', '', 'parent', 27, 'enabled', 'offline', '2025-03-22 14:36:21', '2025-03-22 14:36:21'),
(74, '2272465', 'ec61634b1fa13124b34f54bbd72c67cd', '', '', 'student', 28, 'enabled', 'offline', '2025-03-22 14:36:21', '2025-03-22 14:36:21'),
(75, '2272465', '9bbaaef6a94fe1662227a9652c86a589', '', '', 'parent', 28, 'enabled', 'offline', '2025-03-22 14:36:21', '2025-03-22 14:36:21'),
(76, '2272466', '7c4e5864a5ac7fe699fce376d0260665', '', '', 'student', 29, 'enabled', 'offline', '2025-03-22 14:36:21', '2025-03-22 14:36:21'),
(77, '2272466', 'd46e802832ba88b7e37cb545dc5fa92a', '', '', 'parent', 29, 'enabled', 'offline', '2025-03-22 14:36:21', '2025-03-22 14:36:21'),
(78, '2272467', 'c7a1e12d7e6d9a03bc440823f8fc95a7', '', '', 'student', 30, 'enabled', 'offline', '2025-03-22 14:36:21', '2025-03-22 14:36:21'),
(79, '2272467', 'c7153ec24ea60a654fa62596fed3081b', '', '', 'parent', 30, 'enabled', 'offline', '2025-03-22 14:36:21', '2025-03-22 14:36:21'),
(80, '2272468', 'f3fde035daf6bdb3fb4f1bfad87ed793', '', '', 'student', 31, 'enabled', 'offline', '2025-03-22 14:36:21', '2025-03-22 14:36:21'),
(81, '2272468', '620e305b8fa4a871621dcef829e97764', '', '', 'parent', 31, 'enabled', 'offline', '2025-03-22 14:36:21', '2025-03-22 14:36:21'),
(82, '2272469', '470ccafc072cd23a385afcc2b58ef8eb', '', '', 'student', 32, 'enabled', 'offline', '2025-03-22 14:36:21', '2025-03-22 14:36:21'),
(83, '2272469', 'f83bd622feef745468c9e37c44dd974d', '', '', 'parent', 32, 'enabled', 'offline', '2025-03-22 14:36:21', '2025-03-22 14:36:21'),
(84, '2272470', '4469e2f025ba7c28e7654f5bb82064fa', '', '', 'student', 33, 'enabled', 'offline', '2025-03-22 14:36:21', '2025-03-22 14:36:21'),
(85, '2272470', '731ad3b71a67150cdd9f2372eadf5b3d', '', '', 'parent', 33, 'enabled', 'offline', '2025-03-22 14:36:21', '2025-03-22 14:36:21'),
(86, '2272471', 'b27f7a6c3d898d981bddbe872bd40a02', '', '', 'student', 34, 'enabled', 'offline', '2025-03-22 14:36:21', '2025-03-22 14:36:21'),
(87, '2272471', '5ef4717377feea7e90782d53771cf55b', '', '', 'parent', 34, 'enabled', 'offline', '2025-03-22 14:36:21', '2025-03-22 14:36:21'),
(88, '2272472', '3f0472cb53d1c8b9a204e02e4d4f5fa0', '', '', 'student', 35, 'enabled', 'offline', '2025-03-22 14:36:21', '2025-03-22 14:36:21'),
(89, '2272472', 'b774591487ba116c74addae433a951e4', '', '', 'parent', 35, 'enabled', 'offline', '2025-03-22 14:36:21', '2025-03-22 14:36:21'),
(90, '2272460', '61beb2ec831d9f1f96a715226e7d99bd', '', '', 'student', 36, 'enabled', 'offline', '2025-03-22 14:49:06', '2025-03-22 14:49:06'),
(91, '2272460', '6d21d39a7bd06233deacafc5279e65b7', '', '', 'parent', 36, 'enabled', 'offline', '2025-03-22 14:49:06', '2025-03-22 14:49:06'),
(92, '2272461', 'be14eab765765445e4a80dc4812dd562', '', '', 'student', 37, 'enabled', 'offline', '2025-03-22 14:49:06', '2025-03-22 14:49:06'),
(93, '2272461', '123f5c4fcada0dae6145f56da33a32ce', '', '', 'parent', 37, 'enabled', 'offline', '2025-03-22 14:49:06', '2025-03-22 14:49:06'),
(94, '2272462', 'abc6311eb068d918b982f1b8d01fb644', '', '', 'student', 38, 'enabled', 'offline', '2025-03-22 14:49:06', '2025-03-22 14:49:06'),
(95, '2272462', '3eeb66ac9b3cdb3d6d6b76088f7ce1fb', '', '', 'parent', 38, 'enabled', 'offline', '2025-03-22 14:49:06', '2025-03-22 14:49:06'),
(96, '2272463', 'b1322d70dbb537f9937b0f0fd45fd8af', '', '', 'student', 39, 'enabled', 'offline', '2025-03-22 14:49:06', '2025-03-22 14:49:06'),
(97, '2272463', '1326507d793eb01c4036561758e376ea', '', '', 'parent', 39, 'enabled', 'offline', '2025-03-22 14:49:06', '2025-03-22 14:49:06'),
(98, '2272460', 'c8f04c3ccef6087169fe4ab3688f4c80', 'Nasugbu, Batangas', '', 'student', 40, 'enabled', 'offline', '2025-03-22 14:55:09', '2025-03-22 14:55:09'),
(99, '2272460', '6d21d39a7bd06233deacafc5279e65b7', 'Nasugbu, Batangas', '', 'parent', 40, 'enabled', 'offline', '2025-03-22 14:55:09', '2025-03-22 14:55:09'),
(100, '2272461', 'f343ede61ed2b23804db9dfc18a310ec', 'Nasugbu, Batangas', '', 'student', 41, 'enabled', 'offline', '2025-03-22 14:55:09', '2025-03-22 14:55:09'),
(101, '2272461', '123f5c4fcada0dae6145f56da33a32ce', 'Nasugbu, Batangas', '', 'parent', 41, 'enabled', 'offline', '2025-03-22 14:55:09', '2025-03-22 14:55:09'),
(102, '2272462', 'be691cc3b54f912683ae9580488277c5', 'Nasugbu, Batangas', '', 'student', 42, 'enabled', 'offline', '2025-03-22 14:55:09', '2025-03-22 14:55:09'),
(103, '2272462', '3eeb66ac9b3cdb3d6d6b76088f7ce1fb', 'Nasugbu, Batangas', '', 'parent', 42, 'enabled', 'offline', '2025-03-22 14:55:09', '2025-03-22 14:55:09'),
(104, '2272463', '7edadb6742f728110f6feb94a34b87e2', 'Nasugbu, Batangas', '', 'student', 43, 'enabled', 'offline', '2025-03-22 14:55:09', '2025-03-22 14:55:09'),
(105, '2272463', '1326507d793eb01c4036561758e376ea', 'Nasugbu, Batangas', '', 'parent', 43, 'enabled', 'offline', '2025-03-22 14:55:09', '2025-03-22 14:55:09'),
(106, '', 'd41d8cd98f00b204e9800998ecf8427e', '', '', 'student', 44, 'enabled', 'offline', '2025-03-22 14:55:09', '2025-03-22 14:55:09'),
(107, '', 'd41d8cd98f00b204e9800998ecf8427e', '', '', 'parent', 44, 'enabled', 'offline', '2025-03-22 14:55:09', '2025-03-22 14:55:09'),
(108, '2272460', 'c8f04c3ccef6087169fe4ab3688f4c80', 'Nasugbu, Batangas', '', 'student', 45, 'enabled', 'offline', '2025-03-22 15:01:44', '2025-03-22 15:01:44'),
(109, '2272460', '6d21d39a7bd06233deacafc5279e65b7', 'Nasugbu, Batangas', '', 'parent', 45, 'enabled', 'offline', '2025-03-22 15:01:44', '2025-03-22 15:01:44'),
(110, '2272461', 'f343ede61ed2b23804db9dfc18a310ec', 'Nasugbu, Batangas', '', 'student', 46, 'enabled', 'offline', '2025-03-22 15:01:44', '2025-03-22 15:01:44'),
(111, '2272461', '123f5c4fcada0dae6145f56da33a32ce', 'Nasugbu, Batangas', '', 'parent', 46, 'enabled', 'offline', '2025-03-22 15:01:44', '2025-03-22 15:01:44'),
(112, '2272462', 'be691cc3b54f912683ae9580488277c5', 'Nasugbu, Batangas', '', 'student', 47, 'enabled', 'offline', '2025-03-22 15:01:44', '2025-03-22 15:01:44'),
(113, '2272462', '3eeb66ac9b3cdb3d6d6b76088f7ce1fb', 'Nasugbu, Batangas', '', 'parent', 47, 'enabled', 'offline', '2025-03-22 15:01:44', '2025-03-22 15:01:44'),
(114, '2272463', '7edadb6742f728110f6feb94a34b87e2', 'Nasugbu, Batangas', '', 'student', 48, 'enabled', 'offline', '2025-03-22 15:01:44', '2025-03-22 15:01:44'),
(115, '2272463', '1326507d793eb01c4036561758e376ea', 'Nasugbu, Batangas', '', 'parent', 48, 'enabled', 'offline', '2025-03-22 15:01:44', '2025-03-22 15:01:44'),
(116, '', 'd41d8cd98f00b204e9800998ecf8427e', '', '', 'student', 49, 'enabled', 'offline', '2025-03-22 15:01:44', '2025-03-22 15:01:44'),
(117, '', 'd41d8cd98f00b204e9800998ecf8427e', '', '', 'parent', 49, 'enabled', 'offline', '2025-03-22 15:01:44', '2025-03-22 15:01:44'),
(118, '2272460', 'd8ea09b3c2d4479bfa85437169810161', 'Nasugbu, Batangas', '', 'student', 50, 'enabled', 'offline', '2025-03-22 15:06:36', '2025-03-22 15:06:36'),
(119, '2272460', '6d21d39a7bd06233deacafc5279e65b7', 'Nasugbu, Batangas', '', 'parent', 50, 'enabled', 'offline', '2025-03-22 15:06:36', '2025-03-22 15:06:36'),
(120, '2272461', '92a67d9e1bd4feb3a2be469757b3f7c0', 'Nasugbu, Batangas', '', 'student', 51, 'enabled', 'offline', '2025-03-22 15:06:36', '2025-03-22 15:06:36'),
(121, '2272461', '123f5c4fcada0dae6145f56da33a32ce', 'Nasugbu, Batangas', '', 'parent', 51, 'enabled', 'offline', '2025-03-22 15:06:36', '2025-03-22 15:06:36'),
(122, '2272462', 'c25cf58601646fc62d5bf1a652dd0026', 'Nasugbu, Batangas', '', 'student', 52, 'enabled', 'offline', '2025-03-22 15:06:36', '2025-03-22 15:06:36'),
(123, '2272462', '3eeb66ac9b3cdb3d6d6b76088f7ce1fb', 'Nasugbu, Batangas', '', 'parent', 52, 'enabled', 'offline', '2025-03-22 15:06:36', '2025-03-22 15:06:36'),
(124, '2272463', 'a61332aa1d8bf164eec5cab263eb40d0', 'Nasugbu, Batangas', '', 'student', 53, 'enabled', 'offline', '2025-03-22 15:06:36', '2025-03-22 15:06:36'),
(125, '2272463', '1326507d793eb01c4036561758e376ea', 'Nasugbu, Batangas', '', 'parent', 53, 'enabled', 'offline', '2025-03-22 15:06:36', '2025-03-22 15:06:36'),
(126, '2272460', '21232f297a57a5a743894a0e4a801fc3', 'jhon.stephen@gmail.com', '', 'student', 54, 'enabled', 'offline', '2025-03-22 15:10:30', '2026-02-12 15:26:51'),
(127, '2272460', '6d21d39a7bd06233deacafc5279e65b7', 'jhon.stephen@gmail.com', '', 'parent', 54, 'enabled', 'offline', '2025-03-22 15:10:30', '2025-03-22 15:10:30'),
(128, '2272461', '92a67d9e1bd4feb3a2be469757b3f7c0', 'wayne@gmail.com', '', 'student', 55, 'enabled', 'offline', '2025-03-22 15:10:30', '2025-03-22 15:10:30'),
(129, '2272461', '123f5c4fcada0dae6145f56da33a32ce', 'wayne@gmail.com', '', 'parent', 55, 'enabled', 'offline', '2025-03-22 15:10:30', '2025-03-22 15:10:30'),
(130, '2272462', 'c25cf58601646fc62d5bf1a652dd0026', 'renzo@gmail.com', '', 'student', 56, 'enabled', 'offline', '2025-03-22 15:10:30', '2025-03-22 15:10:30'),
(131, '2272462', '3eeb66ac9b3cdb3d6d6b76088f7ce1fb', 'renzo@gmail.com', '', 'parent', 56, 'enabled', 'offline', '2025-03-22 15:10:30', '2025-03-22 15:10:30'),
(132, '2272463', 'a61332aa1d8bf164eec5cab263eb40d0', 'julia@gmail.com', '', 'student', 57, 'enabled', 'offline', '2025-03-22 15:10:30', '2025-03-22 15:10:30'),
(133, '2272463', '1326507d793eb01c4036561758e376ea', 'julia@gmail.com', '', 'parent', 57, 'enabled', 'offline', '2025-03-22 15:10:30', '2025-03-22 15:10:30'),
(134, '2209352', '21232f297a57a5a743894a0e4a801fc3', 'greg@gmail.com', '', 'student', 58, 'enabled', 'offline', '2026-02-11 09:37:46', '2026-02-12 11:44:00'),
(135, '2209352', '75cfdd9c5c0fcb38b99454302f513f9f', 'greg@gmail.com', '', 'parent', 58, 'enabled', 'offline', '2026-02-11 09:37:46', '2026-02-11 09:37:46'),
(136, '3000000', '6f8362af192a136cb2c2e02d5a0af018', 'juan@example.com', '', 'student', 59, 'enabled', 'offline', '2026-02-11 09:37:46', '2026-02-11 09:37:46'),
(137, '3000000', 'badd77cfba9a22aa47016e95b701e940', 'juan@example.com', '', 'parent', 59, 'enabled', 'offline', '2026-02-11 09:37:46', '2026-02-11 09:37:46'),
(138, '3000001', 'd7ee7172d65d7d1e9e8bbf400dff1b1c', 'mark@example.com', '', 'student', 60, 'enabled', 'offline', '2026-02-11 09:37:46', '2026-02-11 09:37:46'),
(139, '3000001', 'ced3789aa51f2fb833c95fe1e901eac3', 'mark@example.com', '', 'parent', 60, 'enabled', 'offline', '2026-02-11 09:37:46', '2026-02-11 09:37:46'),
(140, '3000002', '48b43ac18ce22c5b49970902a8fefc4b', 'paul@example.com', '', 'student', 61, 'enabled', 'offline', '2026-02-11 09:37:46', '2026-02-11 09:37:46'),
(141, '3000002', '5ce1fc0916d2602f91509077ad880dad', 'paul@example.com', '', 'parent', 61, 'enabled', 'offline', '2026-02-11 09:37:46', '2026-02-11 09:37:46'),
(142, '3000003', '2017ff2bdc26d05c1e5932dfac86a93f', 'john@example.com', '', 'student', 62, 'enabled', 'offline', '2026-02-11 09:37:46', '2026-02-11 09:37:46'),
(143, '3000003', '327e53405a04f467d39265a328982395', 'john@example.com', '', 'parent', 62, 'enabled', 'offline', '2026-02-11 09:37:46', '2026-02-11 09:37:46'),
(144, '3000004', '094c7c2c09bdfdb3a9dff5fb4132f97b', 'miguel@example.com', '', 'student', 63, 'enabled', 'offline', '2026-02-11 09:37:46', '2026-02-11 09:37:46'),
(145, '3000004', '3185432336b7c074d4d3f7a1fcc2e14d', 'miguel@example.com', '', 'parent', 63, 'enabled', 'offline', '2026-02-11 09:37:46', '2026-02-11 09:37:46'),
(146, '3000005', '765d8c00c42c0a4eb0c56841baac568b', 'carlos@example.com', '', 'student', 64, 'enabled', 'offline', '2026-02-11 09:37:46', '2026-02-11 09:37:46'),
(147, '3000005', '6f7d3f3b1314c2243621e4c4e57a583a', 'carlos@example.com', '', 'parent', 64, 'enabled', 'offline', '2026-02-11 09:37:46', '2026-02-11 09:37:46'),
(148, '3000006', '0673c3a4c3b3c8c65840e025a7ca588b', 'daniel@example.com', '', 'student', 65, 'enabled', 'offline', '2026-02-11 09:37:46', '2026-02-11 09:37:46'),
(149, '3000006', '8ef6178bee02df31b367d9a33de37d46', 'daniel@example.com', '', 'parent', 65, 'enabled', 'offline', '2026-02-11 09:37:46', '2026-02-11 09:37:46'),
(150, '3000007', 'e602b030c7320bffcc269c5c3047960a', 'joshua@example.com', '', 'student', 66, 'enabled', 'offline', '2026-02-11 09:37:46', '2026-02-11 09:37:46'),
(151, '3000007', '6068d1d945bd62dfa3c02c45eaaae249', 'joshua@example.com', '', 'parent', 66, 'enabled', 'offline', '2026-02-11 09:37:46', '2026-02-11 09:37:46'),
(152, '3000008', '0dba485165dc85b9b263f5ee033b6ea7', 'ryan@example.com', '', 'student', 67, 'enabled', 'offline', '2026-02-11 09:37:46', '2026-02-11 09:37:46'),
(153, '3000008', '8fd5a9cebb99b94c9d2fcc196fe7f4ef', 'ryan@example.com', '', 'parent', 67, 'enabled', 'offline', '2026-02-11 09:37:46', '2026-02-11 09:37:46'),
(154, '3000009', 'fef85bcde34806adfa93149aaada04d5', 'anthony@example.com', '', 'student', 68, 'enabled', 'offline', '2026-02-11 09:37:46', '2026-02-11 09:37:46'),
(155, '3000009', 'ec4107813602981e3345dec65f4cfc35', 'anthony@example.com', '', 'parent', 68, 'enabled', 'offline', '2026-02-11 09:37:46', '2026-02-11 09:37:46'),
(156, '3000010', 'c74b78d178b827b2331d2a700b2e3b99', 'maria@example.com', '', 'student', 69, 'enabled', 'offline', '2026-02-11 09:37:46', '2026-02-11 09:37:46'),
(157, '3000010', '02ed613e718ac394c0f00f4366561953', 'maria@example.com', '', 'parent', 69, 'enabled', 'offline', '2026-02-11 09:37:46', '2026-02-11 09:37:46'),
(158, '3000011', '219d3200cb0b00f2859f0faa5e5e50d5', 'anna@example.com', '', 'student', 70, 'enabled', 'offline', '2026-02-11 09:37:46', '2026-02-11 09:37:46'),
(159, '3000011', 'fad9917bc4e263cf94bb7ac0388cd828', 'anna@example.com', '', 'parent', 70, 'enabled', 'offline', '2026-02-11 09:37:46', '2026-02-11 09:37:46'),
(160, '3000012', 'e5ab5e5bb8b1285516d8faf99b282f31', 'grace@example.com', '', 'student', 71, 'enabled', 'offline', '2026-02-11 09:37:46', '2026-02-11 09:37:46'),
(161, '3000012', '11595cf80d3d8b2b71e57d6c3ffda726', 'grace@example.com', '', 'parent', 71, 'enabled', 'offline', '2026-02-11 09:37:46', '2026-02-11 09:37:46'),
(162, '3000013', 'dbcd49c8175681ba1df8234706fe741a', 'sophia@example.com', '', 'student', 72, 'enabled', 'offline', '2026-02-11 09:37:46', '2026-02-11 09:37:46'),
(163, '3000013', '5652af0766dbf3bc7a6e05a959b187a8', 'sophia@example.com', '', 'parent', 72, 'enabled', 'offline', '2026-02-11 09:37:46', '2026-02-11 09:37:46'),
(164, '3000014', '3a5a042835cb520c29f2bffb4111309b', 'angel@example.com', '', 'student', 73, 'enabled', 'offline', '2026-02-11 09:37:46', '2026-02-11 09:37:46'),
(165, '3000014', 'a1f66c6a038fcd8bd164c4e3d5644b93', 'angel@example.com', '', 'parent', 73, 'enabled', 'offline', '2026-02-11 09:37:46', '2026-02-11 09:37:46'),
(166, '3000015', '778b0f00bc20ad5fa2f313a4c2830912', 'nicole@example.com', '', 'student', 74, 'enabled', 'offline', '2026-02-11 09:37:46', '2026-02-11 09:37:46'),
(167, '3000015', '2a36939c3c603d79a8ab193568ddef56', 'nicole@example.com', '', 'parent', 74, 'enabled', 'offline', '2026-02-11 09:37:46', '2026-02-11 09:37:46'),
(168, '3000016', '3a8a937b4d95bb0a21f8867a687aa500', 'alyssa@example.com', '', 'student', 75, 'enabled', 'offline', '2026-02-11 09:37:46', '2026-02-11 09:37:46'),
(169, '3000016', '3e774aba978d2f4be640b634c1a4d5ab', 'alyssa@example.com', '', 'parent', 75, 'enabled', 'offline', '2026-02-11 09:37:46', '2026-02-11 09:37:46'),
(170, '3000017', 'fba36edfe8fc1267a7106e4809f88b36', 'patricia@example.com', '', 'student', 76, 'enabled', 'offline', '2026-02-11 09:37:46', '2026-02-11 09:37:46'),
(171, '3000017', 'a5e9c1ebd2d148b18663df78346fcac1', 'patricia@example.com', '', 'parent', 76, 'enabled', 'offline', '2026-02-11 09:37:46', '2026-02-11 09:37:46'),
(172, '3000018', '23fe57fe5ae09084fc5d1b9827f86201', 'katrina@example.com', '', 'student', 77, 'enabled', 'offline', '2026-02-11 09:37:46', '2026-02-11 09:37:46'),
(173, '3000018', '0927ea6c39b40973b8d6e1b4566f1c9b', 'katrina@example.com', '', 'parent', 77, 'enabled', 'offline', '2026-02-11 09:37:46', '2026-02-11 09:37:46'),
(174, '3000019', 'fa29a8a931d1611e2ae4a2dbbeee2aa4', 'jasmine@example.com', '', 'student', 78, 'enabled', 'offline', '2026-02-11 09:37:46', '2026-02-11 09:37:46'),
(175, '3000019', 'b2ef387f9bdc544207ceaf9ad3707427', 'jasmine@example.com', '', 'parent', 78, 'enabled', 'offline', '2026-02-11 09:37:46', '2026-02-11 09:37:46'),
(176, '3000020', '4d1505bc87c559ea833031fb7c07efd7', 'liam@example.com', '', 'student', 79, 'enabled', 'offline', '2026-02-13 08:24:58', '2026-02-13 08:24:58'),
(177, '3000020', '7fddb6328830e1db36039b18fe402207', 'liam@example.com', '', 'parent', 79, 'enabled', 'offline', '2026-02-13 08:24:58', '2026-02-13 08:24:58'),
(178, '3000021', '8483f5cd6c767ba92fa1337bdbb3b1df', 'ethan@example.com', '', 'student', 80, 'enabled', 'offline', '2026-02-13 08:24:58', '2026-02-13 08:24:58'),
(179, '3000021', '9c76a6feb6171c632d7467c8814eb354', 'ethan@example.com', '', 'parent', 80, 'enabled', 'offline', '2026-02-13 08:24:58', '2026-02-13 08:24:58'),
(180, '3000022', '51622a6246e369858c6b6e6e58423ab0', 'noah@example.com', '', 'student', 81, 'enabled', 'offline', '2026-02-13 08:24:58', '2026-02-13 08:24:58'),
(181, '3000022', '59ffbdb7a2dda0b3cdaa63cb8f0aa453', 'noah@example.com', '', 'parent', 81, 'enabled', 'offline', '2026-02-13 08:24:58', '2026-02-13 08:24:58'),
(182, '3000023', '701e11df4868c74bc432c373990535a4', 'lucas@example.com', '', 'student', 82, 'enabled', 'offline', '2026-02-13 08:24:58', '2026-02-13 08:24:58'),
(183, '3000023', '3ae4d2ee3d72612dce5d27da082ff304', 'lucas@example.com', '', 'parent', 82, 'enabled', 'offline', '2026-02-13 08:24:58', '2026-02-13 08:24:58'),
(184, '3000024', '3c60d7cd5a7037560be2b09c0ebdbedc', 'james@example.com', '', 'student', 83, 'enabled', 'offline', '2026-02-13 08:24:58', '2026-02-13 08:24:58'),
(185, '3000024', 'de42b140793e3d7a91683864f71229d6', 'james@example.com', '', 'parent', 83, 'enabled', 'offline', '2026-02-13 08:24:58', '2026-02-13 08:24:58'),
(186, '3000025', '0f49c0f8ce0bb875634d8eb265dfe838', 'logan@example.com', '', 'student', 84, 'enabled', 'offline', '2026-02-13 08:24:58', '2026-02-13 08:24:58'),
(187, '3000025', '17e33739a1bdd85ddf27fc6fdf8de4b4', 'logan@example.com', '', 'parent', 84, 'enabled', 'offline', '2026-02-13 08:24:58', '2026-02-13 08:24:58'),
(188, '3000026', '9b743f962f65b662228cc8d5e3cc8bbc', 'oliver@example.com', '', 'student', 85, 'enabled', 'offline', '2026-02-13 08:24:58', '2026-02-13 08:24:58'),
(189, '3000026', 'c3c72042fe9f3f26f22ddf6aff9ad647', 'oliver@example.com', '', 'parent', 85, 'enabled', 'offline', '2026-02-13 08:24:58', '2026-02-13 08:24:58'),
(190, '3000027', '4c50239496b8b2b1f47c8ae7b3eeb41f', 'elijah@example.com', '', 'student', 86, 'enabled', 'offline', '2026-02-13 08:24:58', '2026-02-13 08:24:58'),
(191, '3000027', '6e4b239794fab5964009f24ec84b572c', 'elijah@example.com', '', 'parent', 86, 'enabled', 'offline', '2026-02-13 08:24:58', '2026-02-13 08:24:58'),
(192, '3000028', '37b3a5c354b2d25b71a1608270b6bcb3', 'benjamin@example.com', '', 'student', 87, 'enabled', 'offline', '2026-02-13 08:24:58', '2026-02-13 08:24:58'),
(193, '3000028', '415417f074e3915e364a20216c01e264', 'benjamin@example.com', '', 'parent', 87, 'enabled', 'offline', '2026-02-13 08:24:58', '2026-02-13 08:24:58'),
(194, '3000029', '1f4e13eb322f60c7d9c920c7a3b17ca9', '', '', 'student', 88, 'enabled', 'offline', '2026-02-13 08:24:58', '2026-02-13 08:24:58'),
(195, '3000029', '1f4e13eb322f60c7d9c920c7a3b17ca9', '', '', 'parent', 88, 'enabled', 'offline', '2026-02-13 08:24:58', '2026-02-13 08:24:58'),
(196, '3000002', '48b43ac18ce22c5b49970902a8fefc4b', 'paul@example.com', '', 'student', 89, 'enabled', 'offline', '2026-02-13 09:05:32', '2026-02-13 09:05:32'),
(197, '3000002', '5ce1fc0916d2602f91509077ad880dad', 'paul@example.com', '', 'parent', 89, 'enabled', 'offline', '2026-02-13 09:05:32', '2026-02-13 09:05:32'),
(198, '3000005', '765d8c00c42c0a4eb0c56841baac568b', 'carlos@example.com', '', 'student', 90, 'enabled', 'offline', '2026-02-13 09:05:32', '2026-02-13 09:05:32'),
(199, '3000005', '6f7d3f3b1314c2243621e4c4e57a583a', 'carlos@example.com', '', 'parent', 90, 'enabled', 'offline', '2026-02-13 09:05:32', '2026-02-13 09:05:32'),
(200, '3000027', '4c50239496b8b2b1f47c8ae7b3eeb41f', 'elijah@example.com', '', 'student', 91, 'enabled', 'offline', '2026-02-13 09:05:32', '2026-02-13 09:05:32'),
(201, '3000027', '6e4b239794fab5964009f24ec84b572c', 'elijah@example.com', '', 'parent', 91, 'enabled', 'offline', '2026-02-13 09:05:32', '2026-02-13 09:05:32'),
(202, '3000028', '37b3a5c354b2d25b71a1608270b6bcb3', 'benjamin@example.com', '', 'student', 92, 'enabled', 'offline', '2026-02-13 09:05:32', '2026-02-13 09:05:32'),
(203, '3000028', '415417f074e3915e364a20216c01e264', 'benjamin@example.com', '', 'parent', 92, 'enabled', 'offline', '2026-02-13 09:05:32', '2026-02-13 09:05:32'),
(204, '2209352', '6a36d479d82e556eab42ee304b06ffbc', 'greg@gmail.com', '', 'student', 93, 'enabled', 'offline', '2026-02-13 09:16:29', '2026-02-13 09:16:29'),
(205, '2209352', '75cfdd9c5c0fcb38b99454302f513f9f', 'greg@gmail.com', '', 'parent', 93, 'enabled', 'offline', '2026-02-13 09:16:29', '2026-02-13 09:16:29'),
(206, '3000005', '765d8c00c42c0a4eb0c56841baac568b', 'carlos@example.com', '', 'student', 94, 'enabled', 'offline', '2026-02-13 09:16:29', '2026-02-13 09:16:29'),
(207, '3000005', '6f7d3f3b1314c2243621e4c4e57a583a', 'carlos@example.com', '', 'parent', 94, 'enabled', 'offline', '2026-02-13 09:16:29', '2026-02-13 09:16:29'),
(208, '2209352', '6a36d479d82e556eab42ee304b06ffbc', 'greg@gmail.com', '', 'student', 95, 'enabled', 'offline', '2026-02-13 09:18:41', '2026-02-13 09:18:41'),
(209, '2209352', '75cfdd9c5c0fcb38b99454302f513f9f', 'greg@gmail.com', '', 'parent', 95, 'enabled', 'offline', '2026-02-13 09:18:41', '2026-02-13 09:18:41'),
(210, '3000005', '765d8c00c42c0a4eb0c56841baac568b', 'carlos@example.com', '', 'student', 96, 'enabled', 'offline', '2026-02-13 09:18:41', '2026-02-13 09:18:41'),
(211, '3000005', '6f7d3f3b1314c2243621e4c4e57a583a', 'carlos@example.com', '', 'parent', 96, 'enabled', 'offline', '2026-02-13 09:18:41', '2026-02-13 09:18:41'),
(212, '3000026', '9b743f962f65b662228cc8d5e3cc8bbc', 'oliver@example.com', '', 'student', 97, 'enabled', 'offline', '2026-02-13 09:18:41', '2026-02-13 09:18:41'),
(213, '3000026', 'c3c72042fe9f3f26f22ddf6aff9ad647', 'oliver@example.com', '', 'parent', 97, 'enabled', 'offline', '2026-02-13 09:18:41', '2026-02-13 09:18:41'),
(214, '3000027', '4c50239496b8b2b1f47c8ae7b3eeb41f', 'elijah@example.com', '', 'student', 98, 'enabled', 'offline', '2026-02-13 09:18:41', '2026-02-13 09:18:41'),
(215, '3000027', '6e4b239794fab5964009f24ec84b572c', 'elijah@example.com', '', 'parent', 98, 'enabled', 'offline', '2026-02-13 09:18:41', '2026-02-13 09:18:41'),
(216, '3000028', '37b3a5c354b2d25b71a1608270b6bcb3', 'benjamin@example.com', '', 'student', 99, 'enabled', 'offline', '2026-02-13 09:18:41', '2026-02-13 09:18:41'),
(217, '3000028', '415417f074e3915e364a20216c01e264', 'benjamin@example.com', '', 'parent', 99, 'enabled', 'offline', '2026-02-13 09:18:41', '2026-02-13 09:18:41'),
(218, '3000025', '0f49c0f8ce0bb875634d8eb265dfe838', 'logan@example.com', '', 'student', 100, 'enabled', 'offline', '2026-02-13 09:19:35', '2026-02-13 09:19:35'),
(219, '3000025', '17e33739a1bdd85ddf27fc6fdf8de4b4', 'logan@example.com', '', 'parent', 100, 'enabled', 'offline', '2026-02-13 09:19:35', '2026-02-13 09:19:35'),
(220, '3000026', '9b743f962f65b662228cc8d5e3cc8bbc', 'oliver@example.com', '', 'student', 101, 'enabled', 'offline', '2026-02-13 09:19:35', '2026-02-13 09:19:35'),
(221, '3000026', 'c3c72042fe9f3f26f22ddf6aff9ad647', 'oliver@example.com', '', 'parent', 101, 'enabled', 'offline', '2026-02-13 09:19:35', '2026-02-13 09:19:35'),
(222, '3000027', '4c50239496b8b2b1f47c8ae7b3eeb41f', 'elijah@example.com', '', 'student', 102, 'enabled', 'offline', '2026-02-13 09:19:35', '2026-02-13 09:19:35'),
(223, '3000027', '6e4b239794fab5964009f24ec84b572c', 'elijah@example.com', '', 'parent', 102, 'enabled', 'offline', '2026-02-13 09:19:35', '2026-02-13 09:19:35'),
(224, '3000028', '37b3a5c354b2d25b71a1608270b6bcb3', 'benjamin@example.com', '', 'student', 103, 'enabled', 'offline', '2026-02-13 09:19:35', '2026-02-13 09:19:35'),
(225, '3000028', '415417f074e3915e364a20216c01e264', 'benjamin@example.com', '', 'parent', 103, 'enabled', 'offline', '2026-02-13 09:19:35', '2026-02-13 09:19:35'),
(226, '3000025', '0f49c0f8ce0bb875634d8eb265dfe838', 'logan@example.com', '', 'student', 104, 'enabled', 'offline', '2026-02-13 09:38:48', '2026-02-13 09:38:48'),
(227, '3000025', '17e33739a1bdd85ddf27fc6fdf8de4b4', 'logan@example.com', '', 'parent', 104, 'enabled', 'offline', '2026-02-13 09:38:48', '2026-02-13 09:38:48'),
(228, '3000026', '9b743f962f65b662228cc8d5e3cc8bbc', 'oliver@example.com', '', 'student', 105, 'enabled', 'offline', '2026-02-13 09:38:48', '2026-02-13 09:38:48'),
(229, '3000026', 'c3c72042fe9f3f26f22ddf6aff9ad647', 'oliver@example.com', '', 'parent', 105, 'enabled', 'offline', '2026-02-13 09:38:48', '2026-02-13 09:38:48'),
(230, '3000027', '4c50239496b8b2b1f47c8ae7b3eeb41f', 'elijah@example.com', '', 'student', 106, 'enabled', 'offline', '2026-02-13 09:38:48', '2026-02-13 09:38:48'),
(231, '3000027', '6e4b239794fab5964009f24ec84b572c', 'elijah@example.com', '', 'parent', 106, 'enabled', 'offline', '2026-02-13 09:38:48', '2026-02-13 09:38:48'),
(232, '3000028', '37b3a5c354b2d25b71a1608270b6bcb3', 'benjamin@example.com', '', 'student', 107, 'enabled', 'offline', '2026-02-13 09:38:48', '2026-02-13 09:38:48'),
(233, '3000028', '415417f074e3915e364a20216c01e264', 'benjamin@example.com', '', 'parent', 107, 'enabled', 'offline', '2026-02-13 09:38:48', '2026-02-13 09:38:48'),
(234, '2209352', '6a36d479d82e556eab42ee304b06ffbc', 'greg@gmail.com', '', 'student', 108, 'enabled', 'offline', '2026-02-13 09:40:18', '2026-02-13 09:40:18'),
(235, '2209352', '75cfdd9c5c0fcb38b99454302f513f9f', 'greg@gmail.com', '', 'parent', 108, 'enabled', 'offline', '2026-02-13 09:40:18', '2026-02-13 09:40:18'),
(236, '3000000', '6f8362af192a136cb2c2e02d5a0af018', 'juan@example.com', '', 'student', 109, 'enabled', 'offline', '2026-02-13 09:40:18', '2026-02-13 09:40:18'),
(237, '3000000', 'badd77cfba9a22aa47016e95b701e940', 'juan@example.com', '', 'parent', 109, 'enabled', 'offline', '2026-02-13 09:40:18', '2026-02-13 09:40:18'),
(238, '3000001', 'd7ee7172d65d7d1e9e8bbf400dff1b1c', 'mark@example.com', '', 'student', 110, 'enabled', 'offline', '2026-02-13 09:40:18', '2026-02-13 09:40:18'),
(239, '3000001', 'ced3789aa51f2fb833c95fe1e901eac3', 'mark@example.com', '', 'parent', 110, 'enabled', 'offline', '2026-02-13 09:40:18', '2026-02-13 09:40:18'),
(240, '3000002', '48b43ac18ce22c5b49970902a8fefc4b', 'paul@example.com', '', 'student', 111, 'enabled', 'offline', '2026-02-13 09:40:18', '2026-02-13 09:40:18'),
(241, '3000002', '5ce1fc0916d2602f91509077ad880dad', 'paul@example.com', '', 'parent', 111, 'enabled', 'offline', '2026-02-13 09:40:18', '2026-02-13 09:40:18');

-- --------------------------------------------------------

--
-- Table structure for table `written_works`
--

CREATE TABLE `written_works` (
  `id` int(11) NOT NULL,
  `wps1` varchar(11) NOT NULL,
  `wps2` varchar(11) NOT NULL,
  `wps3` varchar(11) NOT NULL,
  `wps4` varchar(11) NOT NULL,
  `wps5` varchar(11) NOT NULL,
  `wps6` varchar(11) NOT NULL,
  `wps7` varchar(11) NOT NULL,
  `wps8` varchar(11) NOT NULL,
  `wps9` varchar(11) NOT NULL,
  `wps10` varchar(11) NOT NULL,
  `load_id` int(11) NOT NULL,
  `school_year_id` int(11) NOT NULL,
  `quarter` int(11) NOT NULL,
  `dateCreated` datetime NOT NULL DEFAULT current_timestamp(),
  `dateUpdated` datetime NOT NULL DEFAULT current_timestamp() ON UPDATE current_timestamp()
) ENGINE=InnoDB DEFAULT CHARSET=utf8mb4 COLLATE=utf8mb4_general_ci;

--
-- Dumping data for table `written_works`
--

INSERT INTO `written_works` (`id`, `wps1`, `wps2`, `wps3`, `wps4`, `wps5`, `wps6`, `wps7`, `wps8`, `wps9`, `wps10`, `load_id`, `school_year_id`, `quarter`, `dateCreated`, `dateUpdated`) VALUES
(1, '10', '25', '15', '', '', '', '', '', '', '', 4, 1, 1, '2025-03-22 15:16:29', '2025-03-22 15:18:37'),
(2, '25', '', '', '', '', '', '', '', '', '', 4, 1, 2, '2025-03-22 15:24:27', '2025-03-22 15:24:27'),
(3, '10', '', '', '', '', '', '', '', '', '', 4, 1, 3, '2026-02-11 08:15:49', '2026-02-11 08:15:49'),
(4, '10', '', '', '', '', '', '', '', '', '', 4, 1, 4, '2026-02-11 08:17:38', '2026-02-11 08:17:38'),
(5, '10', '', '', '', '', '', '', '', '', '', 20, 1, 1, '2026-02-12 10:40:02', '2026-02-12 10:40:02');

-- --------------------------------------------------------

--
-- Table structure for table `ww_score`
--

CREATE TABLE `ww_score` (
  `id` int(11) NOT NULL,
  `w1` varchar(11) NOT NULL,
  `w2` varchar(11) NOT NULL,
  `w3` varchar(11) NOT NULL,
  `w4` varchar(11) NOT NULL,
  `w5` varchar(11) NOT NULL,
  `w6` varchar(11) NOT NULL,
  `w7` varchar(11) NOT NULL,
  `w8` varchar(11) NOT NULL,
  `w9` varchar(11) NOT NULL,
  `w10` varchar(11) NOT NULL,
  `ww_id` int(11) NOT NULL,
  `student_id` int(11) NOT NULL,
  `school_year_id` int(11) NOT NULL,
  `quarter` int(11) NOT NULL,
  `load_id` int(11) NOT NULL,
  `dateCreated` datetime NOT NULL DEFAULT current_timestamp(),
  `dateUpdated` datetime NOT NULL DEFAULT current_timestamp() ON UPDATE current_timestamp()
) ENGINE=InnoDB DEFAULT CHARSET=utf8mb4 COLLATE=utf8mb4_general_ci;

--
-- Dumping data for table `ww_score`
--

INSERT INTO `ww_score` (`id`, `w1`, `w2`, `w3`, `w4`, `w5`, `w6`, `w7`, `w8`, `w9`, `w10`, `ww_id`, `student_id`, `school_year_id`, `quarter`, `load_id`, `dateCreated`, `dateUpdated`) VALUES
(1, '9', '25', '15', '', '', '', '', '', '', '', 1, 57, 1, 1, 4, '2025-03-22 15:18:02', '2025-03-22 15:19:12'),
(2, '9', '22', '15', '', '', '', '', '', '', '', 1, 56, 1, 1, 4, '2025-03-22 15:18:02', '2025-03-22 15:19:12'),
(3, '10', '25', '15', '', '', '', '', '', '', '', 1, 55, 1, 1, 4, '2025-03-22 15:18:02', '2025-03-22 15:19:12'),
(4, '9', '22', '15', '', '', '', '', '', '', '', 1, 21, 1, 1, 4, '2025-03-22 15:18:02', '2025-03-22 15:19:12'),
(5, '8', '20', '15', '', '', '', '', '', '', '', 1, 54, 1, 1, 4, '2025-03-22 15:18:02', '2025-03-22 15:19:12'),
(6, '20', '', '', '', '', '', '', '', '', '', 2, 57, 1, 2, 4, '2025-03-22 15:24:45', '2025-03-22 15:24:45'),
(7, '20', '', '', '', '', '', '', '', '', '', 2, 56, 1, 2, 4, '2025-03-22 15:24:45', '2025-03-22 15:24:45'),
(8, '15', '', '', '', '', '', '', '', '', '', 2, 55, 1, 2, 4, '2025-03-22 15:24:45', '2025-03-22 15:24:45'),
(9, '20', '', '', '', '', '', '', '', '', '', 2, 21, 1, 2, 4, '2025-03-22 15:24:45', '2025-03-22 15:24:45'),
(10, '25', '', '', '', '', '', '', '', '', '', 2, 54, 1, 2, 4, '2025-03-22 15:24:45', '2025-03-22 15:24:45'),
(11, '9', '', '', '', '', '', '', '', '', '', 3, 57, 1, 3, 4, '2026-02-11 08:15:56', '2026-02-11 08:15:56'),
(12, '9', '', '', '', '', '', '', '', '', '', 3, 56, 1, 3, 4, '2026-02-11 08:15:56', '2026-02-11 08:15:56'),
(13, '9', '', '', '', '', '', '', '', '', '', 3, 55, 1, 3, 4, '2026-02-11 08:15:56', '2026-02-11 08:15:56'),
(14, '9', '', '', '', '', '', '', '', '', '', 3, 54, 1, 3, 4, '2026-02-11 08:15:56', '2026-02-11 08:15:56'),
(15, '10', '', '', '', '', '', '', '', '', '', 4, 57, 1, 4, 4, '2026-02-11 09:08:53', '2026-02-11 09:08:53'),
(16, '9', '', '', '', '', '', '', '', '', '', 4, 56, 1, 4, 4, '2026-02-11 09:08:53', '2026-02-11 09:08:53'),
(17, '9', '', '', '', '', '', '', '', '', '', 4, 55, 1, 4, 4, '2026-02-11 09:08:53', '2026-02-11 09:08:53'),
(18, '8', '', '', '', '', '', '', '', '', '', 4, 54, 1, 4, 4, '2026-02-11 09:08:53', '2026-02-11 09:08:53'),
(19, '10', '', '', '', '', '', '', '', '', '', 5, 57, 1, 1, 20, '2026-02-12 10:40:14', '2026-02-12 10:40:14'),
(20, '9', '', '', '', '', '', '', '', '', '', 5, 56, 1, 1, 20, '2026-02-12 10:40:14', '2026-02-12 10:40:14'),
(21, '7', '', '', '', '', '', '', '', '', '', 5, 55, 1, 1, 20, '2026-02-12 10:40:14', '2026-02-12 10:40:14'),
(22, '9', '', '', '', '', '', '', '', '', '', 5, 54, 1, 1, 20, '2026-02-12 10:40:14', '2026-02-12 10:40:14');

--
-- Indexes for dumped tables
--

--
-- Indexes for table `academic_calendar`
--
ALTER TABLE `academic_calendar`
  ADD PRIMARY KEY (`id`);

--
-- Indexes for table `attendance`
--
ALTER TABLE `attendance`
  ADD PRIMARY KEY (`id`);

--
-- Indexes for table `attendance_check`
--
ALTER TABLE `attendance_check`
  ADD PRIMARY KEY (`id`);

--
-- Indexes for table `class`
--
ALTER TABLE `class`
  ADD PRIMARY KEY (`id`);

--
-- Indexes for table `class_students`
--
ALTER TABLE `class_students`
  ADD PRIMARY KEY (`id`);

--
-- Indexes for table `faculty`
--
ALTER TABLE `faculty`
  ADD PRIMARY KEY (`id`);

--
-- Indexes for table `filter`
--
ALTER TABLE `filter`
  ADD PRIMARY KEY (`id`);

--
-- Indexes for table `grading_system`
--
ALTER TABLE `grading_system`
  ADD PRIMARY KEY (`id`);

--
-- Indexes for table `loads`
--
ALTER TABLE `loads`
  ADD PRIMARY KEY (`id`);

--
-- Indexes for table `months`
--
ALTER TABLE `months`
  ADD PRIMARY KEY (`id`);

--
-- Indexes for table `observe_values_k`
--
ALTER TABLE `observe_values_k`
  ADD PRIMARY KEY (`id`);

--
-- Indexes for table `observe_values_sh`
--
ALTER TABLE `observe_values_sh`
  ADD PRIMARY KEY (`id`);

--
-- Indexes for table `performance_task`
--
ALTER TABLE `performance_task`
  ADD PRIMARY KEY (`id`);

--
-- Indexes for table `pt_score`
--
ALTER TABLE `pt_score`
  ADD PRIMARY KEY (`id`);

--
-- Indexes for table `qa_score`
--
ALTER TABLE `qa_score`
  ADD PRIMARY KEY (`id`);

--
-- Indexes for table `quarterly_assessment`
--
ALTER TABLE `quarterly_assessment`
  ADD PRIMARY KEY (`id`);

--
-- Indexes for table `students`
--
ALTER TABLE `students`
  ADD PRIMARY KEY (`id`);

--
-- Indexes for table `subjects`
--
ALTER TABLE `subjects`
  ADD PRIMARY KEY (`id`);

--
-- Indexes for table `subject_grades`
--
ALTER TABLE `subject_grades`
  ADD PRIMARY KEY (`id`);

--
-- Indexes for table `submit_grades`
--
ALTER TABLE `submit_grades`
  ADD PRIMARY KEY (`id`);

--
-- Indexes for table `users`
--
ALTER TABLE `users`
  ADD PRIMARY KEY (`id`);

--
-- Indexes for table `written_works`
--
ALTER TABLE `written_works`
  ADD PRIMARY KEY (`id`);

--
-- Indexes for table `ww_score`
--
ALTER TABLE `ww_score`
  ADD PRIMARY KEY (`id`);

--
-- AUTO_INCREMENT for dumped tables
--

--
-- AUTO_INCREMENT for table `academic_calendar`
--
ALTER TABLE `academic_calendar`
  MODIFY `id` int(11) NOT NULL AUTO_INCREMENT, AUTO_INCREMENT=2;

--
-- AUTO_INCREMENT for table `attendance`
--
ALTER TABLE `attendance`
  MODIFY `id` int(11) NOT NULL AUTO_INCREMENT, AUTO_INCREMENT=397;

--
-- AUTO_INCREMENT for table `attendance_check`
--
ALTER TABLE `attendance_check`
  MODIFY `id` int(11) NOT NULL AUTO_INCREMENT, AUTO_INCREMENT=17;

--
-- AUTO_INCREMENT for table `class`
--
ALTER TABLE `class`
  MODIFY `id` int(11) NOT NULL AUTO_INCREMENT, AUTO_INCREMENT=4;

--
-- AUTO_INCREMENT for table `class_students`
--
ALTER TABLE `class_students`
  MODIFY `id` int(11) NOT NULL AUTO_INCREMENT, AUTO_INCREMENT=47;

--
-- AUTO_INCREMENT for table `faculty`
--
ALTER TABLE `faculty`
  MODIFY `id` int(11) NOT NULL AUTO_INCREMENT, AUTO_INCREMENT=19;

--
-- AUTO_INCREMENT for table `filter`
--
ALTER TABLE `filter`
  MODIFY `id` int(11) NOT NULL AUTO_INCREMENT, AUTO_INCREMENT=2;

--
-- AUTO_INCREMENT for table `grading_system`
--
ALTER TABLE `grading_system`
  MODIFY `id` int(11) NOT NULL AUTO_INCREMENT, AUTO_INCREMENT=18;

--
-- AUTO_INCREMENT for table `loads`
--
ALTER TABLE `loads`
  MODIFY `id` int(11) NOT NULL AUTO_INCREMENT, AUTO_INCREMENT=25;

--
-- AUTO_INCREMENT for table `months`
--
ALTER TABLE `months`
  MODIFY `id` int(11) NOT NULL AUTO_INCREMENT, AUTO_INCREMENT=10;

--
-- AUTO_INCREMENT for table `observe_values_k`
--
ALTER TABLE `observe_values_k`
  MODIFY `id` int(11) NOT NULL AUTO_INCREMENT;

--
-- AUTO_INCREMENT for table `observe_values_sh`
--
ALTER TABLE `observe_values_sh`
  MODIFY `id` int(11) NOT NULL AUTO_INCREMENT, AUTO_INCREMENT=309;

--
-- AUTO_INCREMENT for table `performance_task`
--
ALTER TABLE `performance_task`
  MODIFY `id` int(11) NOT NULL AUTO_INCREMENT, AUTO_INCREMENT=6;

--
-- AUTO_INCREMENT for table `pt_score`
--
ALTER TABLE `pt_score`
  MODIFY `id` int(11) NOT NULL AUTO_INCREMENT, AUTO_INCREMENT=23;

--
-- AUTO_INCREMENT for table `qa_score`
--
ALTER TABLE `qa_score`
  MODIFY `id` int(11) NOT NULL AUTO_INCREMENT, AUTO_INCREMENT=23;

--
-- AUTO_INCREMENT for table `quarterly_assessment`
--
ALTER TABLE `quarterly_assessment`
  MODIFY `id` int(11) NOT NULL AUTO_INCREMENT, AUTO_INCREMENT=6;

--
-- AUTO_INCREMENT for table `students`
--
ALTER TABLE `students`
  MODIFY `id` int(11) NOT NULL AUTO_INCREMENT, AUTO_INCREMENT=112;

--
-- AUTO_INCREMENT for table `subjects`
--
ALTER TABLE `subjects`
  MODIFY `id` int(11) NOT NULL AUTO_INCREMENT, AUTO_INCREMENT=11;

--
-- AUTO_INCREMENT for table `subject_grades`
--
ALTER TABLE `subject_grades`
  MODIFY `id` int(11) NOT NULL AUTO_INCREMENT, AUTO_INCREMENT=10;

--
-- AUTO_INCREMENT for table `submit_grades`
--
ALTER TABLE `submit_grades`
  MODIFY `id` int(11) NOT NULL AUTO_INCREMENT, AUTO_INCREMENT=7;

--
-- AUTO_INCREMENT for table `users`
--
ALTER TABLE `users`
  MODIFY `id` int(11) NOT NULL AUTO_INCREMENT, AUTO_INCREMENT=242;

--
-- AUTO_INCREMENT for table `written_works`
--
ALTER TABLE `written_works`
  MODIFY `id` int(11) NOT NULL AUTO_INCREMENT, AUTO_INCREMENT=6;

--
-- AUTO_INCREMENT for table `ww_score`
--
ALTER TABLE `ww_score`
  MODIFY `id` int(11) NOT NULL AUTO_INCREMENT, AUTO_INCREMENT=23;
COMMIT;

/*!40101 SET CHARACTER_SET_CLIENT=@OLD_CHARACTER_SET_CLIENT */;
/*!40101 SET CHARACTER_SET_RESULTS=@OLD_CHARACTER_SET_RESULTS */;
/*!40101 SET COLLATION_CONNECTION=@OLD_COLLATION_CONNECTION */;
